{"type":"FeatureCollection","features":[{"type":"Feature","properties":{"class":1,"score":0.7995411191238504},"geometry":{"type":"Polygon","coordinates":[[[115.26218309998512,-8.682851370119705],[115.26224479079245,-8.682851370119705],[115.26224479079248,-8.682876559059304],[115.26218309998512,-8.682876559059304],[115.26218309998512,-8.682851370119705]]]}},{"type":"Feature","properties":{"class":1,"score":0.585165928494423},"geometry":{"type":"Polygon","coordinates":[[[115.26068240404129,-8.682881861993957],[115.26065736717781,-8.682880487759403],[115.26065826416017,-8.682864627456336],[115.26068328969498,-8.68286600258942],[115.26068240404129,-8.682881861993957]]]}},{"type":"Feature","properties":{"class":1,"score":0.6715462997337971},"geometry":{"type":"Polygon","coordinates":[[[115.26070520281792,-8.682855347320695],[115.26070654392242,-8.682895119330588],[115.26068198190896,-8.682895937078518],[115.26068064080447,-8.682856165068717],[115.26070520281792,-8.682855347320695]]]}},{"type":"Feature","properties":{"class":1,"score":0.8315574655940008},"geometry":{"type":"Polygon","coordinates":[[[115.26074677705765,-8.682851370119705],[115.26074275374413,-8.682899096531578],[115.26075750589371,-8.682899096531578],[115.26076287031174,-8.682876559059304],[115.26078566908834,-8.682860650255344],[115.26085138320921,-8.682857998788021],[115.26074677705765,-8.682851370119705]]]}},{"type":"Feature","properties":{"class":1,"score":0.7791138917081437},"geometry":{"type":"Polygon","coordinates":[[[115.26074677705765,-8.682851370119705],[115.26074275374413,-8.682900422265242],[115.26070411205205,-8.682897324383221],[115.26070813536559,-8.682848272237282],[115.26074677705765,-8.682851370119705]]]}},{"type":"Feature","properties":{"class":1,"score":0.8411724652407156},"geometry":{"type":"Polygon","coordinates":[[[115.2618786692619,-8.682907050933558],[115.26178210973741,-8.682901747998905],[115.26178450746181,-8.68285894000678],[115.2618810669863,-8.682864242942035],[115.2618786692619,-8.682907050933558]]]}},{"type":"Feature","properties":{"class":1,"score":0.8843994061808941},"geometry":{"type":"Polygon","coordinates":[[[115.26085138320921,-8.682857998788021],[115.26076287031174,-8.682876559059304],[115.26076152920724,-8.682912353868208],[115.26083528995511,-8.682921634003852],[115.26085138320921,-8.682857998788021]]]}},{"type":"Feature","properties":{"class":1,"score":0.8507437941869853},"geometry":{"type":"Polygon","coordinates":[[[115.26189873025177,-8.682934294918871],[115.26190012693402,-8.682881861993957],[115.2619229796487,-8.682882454604753],[115.26192158460617,-8.682934891340484],[115.26189873025177,-8.682934294918871]]]}},{"type":"Feature","properties":{"class":1,"score":0.8505094533414856},"geometry":{"type":"Polygon","coordinates":[[[115.26188001036643,-8.682937542807812],[115.26188001036643,-8.68287390759198],[115.26190012693402,-8.68287390759198],[115.26190012693402,-8.682937542807812],[115.26188001036643,-8.682937542807812]]]}},{"type":"Feature","properties":{"class":1,"score":0.6340178682033673},"geometry":{"type":"Polygon","coordinates":[[[115.2607534825802,-8.682933565606819],[115.26072263717651,-8.682934891340484],[115.26072204292502,-8.682921432552593],[115.26075288832872,-8.682920106818884],[115.2607534825802,-8.682933565606819]]]}},{"type":"Feature","properties":{"class":1,"score":0.8867734359382423},"geometry":{"type":"Polygon","coordinates":[[[115.26207312941551,-8.682944171476125],[115.26199132204057,-8.682944171476125],[115.26199132204057,-8.682871256124653],[115.26207312941551,-8.682871256124653],[115.26207312941551,-8.682944171476125]]]}},{"type":"Feature","properties":{"class":1,"score":0.8926809130270087},"geometry":{"type":"Polygon","coordinates":[[[115.26199266314504,-8.682871256124653],[115.26199132204057,-8.682944171476125],[115.26192046358939,-8.682942891804617],[115.26192180469387,-8.682869976452892],[115.26199266314504,-8.682871256124653]]]}},{"type":"Feature","properties":{"class":1,"score":0.9028508860034475},"geometry":{"type":"Polygon","coordinates":[[[115.2618786692619,-8.682907050933558],[115.26183038949968,-8.682908376667216],[115.26183038949968,-8.682944171476125],[115.26189744472502,-8.682944171476125],[115.2618786692619,-8.682907050933558]]]}},{"type":"Feature","properties":{"class":1,"score":0.7618135985384132},"geometry":{"type":"Polygon","coordinates":[[[115.26065826416017,-8.682880536260294],[115.26065826416017,-8.682954777345428],[115.26066094636919,-8.682954777345428],[115.2606877684593,-8.682922959737516],[115.26069313287736,-8.682892467863262],[115.26065826416017,-8.682880536260294]]]}},{"type":"Feature","properties":{"class":1,"score":0.8125531051048648},"geometry":{"type":"Polygon","coordinates":[[[115.26177674531934,-8.682876559059304],[115.26174992322923,-8.682917656802859],[115.26175528764723,-8.68294947441078],[115.26182904839516,-8.682944171476125],[115.26183038949968,-8.682908376667216],[115.26178881525993,-8.682905725199896],[115.26177674531934,-8.682876559059304]]]}},{"type":"Feature","properties":{"class":1,"score":0.7810494691927266},"geometry":{"type":"Polygon","coordinates":[[[115.26237487792969,-8.682905725199896],[115.26236817240714,-8.682965383214736],[115.2623441800389,-8.682962748928768],[115.26235088556142,-8.68290309091351],[115.26237487792969,-8.682905725199896]]]}},{"type":"Feature","properties":{"class":1,"score":0.5770410119992568},"geometry":{"type":"Polygon","coordinates":[[[115.26215359568596,-8.682945497209788],[115.26215359568596,-8.682982617752357],[115.26214152574536,-8.682982617752357],[115.26214152574536,-8.682945497209788],[115.26215359568596,-8.682945497209788]]]}},{"type":"Feature","properties":{"class":1,"score":0.8305728253307854},"geometry":{"type":"Polygon","coordinates":[[[115.26183853069811,-8.682995087077439],[115.26183697894213,-8.682946000010372],[115.26191171444404,-8.682943691292904],[115.26191326620007,-8.682992778360271],[115.26183853069811,-8.682995087077439]]]}},{"type":"Feature","properties":{"class":1,"score":0.8319258841310765},"geometry":{"type":"Polygon","coordinates":[[[115.26198059320448,-8.682991897887998],[115.26190995650025,-8.682993517784686],[115.26190858349955,-8.682935155405804],[115.26197921838664,-8.68293353156096],[115.26198059320448,-8.682991897887998]]]}},{"type":"Feature","properties":{"class":1,"score":0.8347032278068912},"geometry":{"type":"Polygon","coordinates":[[[115.26067703962326,-8.682936217074147],[115.26065826416017,-8.682956103079094],[115.26065826416017,-8.683007806691956],[115.26070922613144,-8.68300117802364],[115.2607373893261,-8.682974663350375],[115.2607373893261,-8.682944171476125],[115.26067703962326,-8.682936217074147]]]}},{"type":"Feature","properties":{"class":1,"score":0.7783185817507713},"geometry":{"type":"Polygon","coordinates":[[[115.26070922613144,-8.68300117802364],[115.26070922613144,-8.683035647098883],[115.26065826416017,-8.683035647098883],[115.26065826416017,-8.68300117802364],[115.26070922613144,-8.68300117802364]]]}},{"type":"Feature","properties":{"class":1,"score":0.8996637678206569},"geometry":{"type":"Polygon","coordinates":[[[115.26070922613144,-8.68300117802364],[115.26075737502048,-8.6830026232197],[115.26075616478921,-8.683042275767198],[115.2607080051495,-8.683040835972355],[115.26070922613144,-8.68300117802364]]]}},{"type":"Feature","properties":{"class":1,"score":0.8807804926398293},"geometry":{"type":"Polygon","coordinates":[[[115.2607373893261,-8.682944171476125],[115.2607373893261,-8.682974663350375],[115.26070922613144,-8.68300117802364],[115.2607534825802,-8.683002503757304],[115.26075616478921,-8.683042275767198],[115.26079505681989,-8.683046252968188],[115.26080712676048,-8.682957428812756],[115.2607373893261,-8.682944171476125]]]}},{"type":"Feature","properties":{"class":1,"score":0.7759094648823446},"geometry":{"type":"Polygon","coordinates":[[[115.26224344968796,-8.683036972832546],[115.26220589876175,-8.683054207370166],[115.26220589876175,-8.683071441907787],[115.2622300386429,-8.683071441907787],[115.26224344968796,-8.683055533103827],[115.26224344968796,-8.683036972832546]]]}},{"type":"Feature","properties":{"class":1,"score":0.8452995821130123},"geometry":{"type":"Polygon","coordinates":[[[115.26237487792969,-8.683022389762252],[115.26237487792969,-8.68307276764145],[115.26236549019815,-8.68307276764145],[115.26236549019815,-8.683022389762252],[115.26237487792969,-8.683022389762252]]]}},{"type":"Feature","properties":{"class":1,"score":0.8248902313150557},"geometry":{"type":"Polygon","coordinates":[[[115.26233196258542,-8.683019738294925],[115.26236683130264,-8.683022389762252],[115.26236243668605,-8.683078960251866],[115.26232756796882,-8.683076308784937],[115.26233196258542,-8.683019738294925]]]}},{"type":"Feature","properties":{"class":1,"score":0.792681403417106},"geometry":{"type":"Polygon","coordinates":[[[115.26224344968796,-8.683036972832546],[115.2622300386429,-8.683071441907787],[115.26220589876175,-8.683071441907787],[115.26220723986627,-8.683092653646398],[115.26226490736009,-8.683096630847386],[115.26226088404655,-8.683039624299871],[115.26224344968796,-8.683036972832546]]]}},{"type":"Feature","properties":{"class":1,"score":0.8142461124917811},"geometry":{"type":"Polygon","coordinates":[[[115.2618326373712,-8.683051661358167],[115.26189699335147,-8.683062630043487],[115.2618893818848,-8.683106270561023],[115.26182502508165,-8.683095305113724],[115.2618326373712,-8.683051661358167]]]}},{"type":"Feature","properties":{"class":1,"score":0.7422020579569636},"geometry":{"type":"Polygon","coordinates":[[[115.26196995258341,-8.683058824822988],[115.26196384666736,-8.683110130262994],[115.26191334698777,-8.683104257219894],[115.2619194529038,-8.683052951779082],[115.26196995258341,-8.683058824822988]]]}},{"type":"Feature","properties":{"class":1,"score":0.6429871015548706},"geometry":{"type":"Polygon","coordinates":[[[115.26191219687462,-8.683121819786987],[115.26191353797913,-8.683087350711745],[115.2619381025598,-8.683088281548379],[115.26193676145525,-8.683122750623536],[115.26191219687462,-8.683121819786987]]]}},{"type":"Feature","properties":{"class":1,"score":0.6902307714052622},"geometry":{"type":"Polygon","coordinates":[[[115.26227161288261,-8.683091327912734],[115.26228100061417,-8.683124471254315],[115.2622611171495,-8.683130009766277],[115.26225172941793,-8.683096866425194],[115.26227161288261,-8.683091327912734]]]}},{"type":"Feature","properties":{"class":1,"score":0.5994308743014265},"geometry":{"type":"Polygon","coordinates":[[[115.26189476251602,-8.683128448455301],[115.26189476251602,-8.683090002179071],[115.26191219687462,-8.683090002179071],[115.26191219687462,-8.683128448455301],[115.26189476251602,-8.683128448455301]]]}},{"type":"Feature","properties":{"class":1,"score":0.8052168097844117},"geometry":{"type":"Polygon","coordinates":[[[115.26232928037643,-8.68308469924442],[115.26232928037643,-8.683133751389954],[115.26230648159981,-8.683133751389954],[115.26230648159981,-8.683084699244416],[115.26232928037643,-8.68308469924442]]]}},{"type":"Feature","properties":{"class":1,"score":0.8467179780978794},"geometry":{"type":"Polygon","coordinates":[[[115.26237487792969,-8.68307276764145],[115.26237487792969,-8.683144357259259],[115.26232928037643,-8.683144357259259],[115.26232928037643,-8.68307276764145],[115.26237487792969,-8.68307276764145]]]}},{"type":"Feature","properties":{"class":1,"score":0.692651384433762},"geometry":{"type":"Polygon","coordinates":[[[115.26225954294203,-8.683124471254315],[115.26228100061417,-8.683124471254315],[115.26228100061417,-8.683148334460247],[115.26225954294203,-8.683148334460247],[115.26225954294203,-8.683124471254315]]]}},{"type":"Feature","properties":{"class":1,"score":0.7537184494770378},"geometry":{"type":"Polygon","coordinates":[[[115.2607307006266,-8.683150380674276],[115.26072934269904,-8.683096630847386],[115.26075882696391,-8.683095893932391],[115.2607601881027,-8.683149660193914],[115.2607307006266,-8.683150380674276]]]}},{"type":"Feature","properties":{"class":1,"score":0.8671459043875569},"geometry":{"type":"Polygon","coordinates":[[[115.26211470365524,-8.683161591796882],[115.26211470365524,-8.683086024978081],[115.26212543249127,-8.683086024978081],[115.26212543249127,-8.683161591796882],[115.26211470365524,-8.683161591796882]]]}},{"type":"Feature","properties":{"class":1,"score":0.8516421285483355},"geometry":{"type":"Polygon","coordinates":[[[115.26218444108964,-8.683095305113724],[115.26226490736009,-8.683096630847386],[115.26226379531327,-8.683162897514281],[115.26218332904283,-8.683161571780852],[115.26218444108964,-8.683095305113724]]]}},{"type":"Feature","properties":{"class":1,"score":0.8281727445846145},"geometry":{"type":"Polygon","coordinates":[[[115.26214823126793,-8.683092653646398],[115.26214823126793,-8.683112539651345],[115.26216298341751,-8.683109888184019],[115.26216432452203,-8.683162917530545],[115.26218444108964,-8.683161591796882],[115.26218444108964,-8.683095305113724],[115.26214823126793,-8.683092653646398]]]}},{"type":"Feature","properties":{"class":1,"score":0.7779099969745367},"geometry":{"type":"Polygon","coordinates":[[[115.26207380631173,-8.683107914125088],[115.26206111447146,-8.683169077702214],[115.2619754166221,-8.68315170014731],[115.26198810846242,-8.683090536567354],[115.26207380631173,-8.683107914125088]]]}},{"type":"Feature","properties":{"class":1,"score":0.8484350051704224},"geometry":{"type":"Polygon","coordinates":[[[115.26212543249127,-8.683165568997872],[115.26212543249127,-8.683088676445408],[115.26216298341751,-8.683088676445408],[115.26216298341751,-8.683165568997872],[115.26212543249127,-8.683165568997872]]]}},{"type":"Feature","properties":{"class":1,"score":0.8228427390115348},"geometry":{"type":"Polygon","coordinates":[[[115.26211470365524,-8.68308469924442],[115.26211470365524,-8.683166894731531],[115.26207178831102,-8.683166894731531],[115.26207178831102,-8.68308469924442],[115.26211470365524,-8.68308469924442]]]}},{"type":"Feature","properties":{"class":1,"score":0.8226818766616981},"geometry":{"type":"Polygon","coordinates":[[[115.26189476251602,-8.683099282314714],[115.2618008852005,-8.683099282314714],[115.26180356740949,-8.683141705791934],[115.26182904839516,-8.683150985927574],[115.26184245944025,-8.683178826334503],[115.26186525821687,-8.683144357259259],[115.26189476251602,-8.683129774188965],[115.26189476251602,-8.683099282314714]]]}},{"type":"Feature","properties":{"class":1,"score":0.8252925395657883},"geometry":{"type":"Polygon","coordinates":[[[115.2618008852005,-8.683099282314714],[115.26173382997513,-8.683108562450355],[115.26173248887062,-8.68317352339985],[115.26175662875174,-8.683189432203807],[115.26183307170868,-8.683180152068166],[115.26183307170868,-8.683154963128565],[115.26180356740949,-8.683141705791934],[115.2618008852005,-8.683099282314714]]]}},{"type":"Feature","properties":{"class":1,"score":0.8435543872382306},"geometry":{"type":"Polygon","coordinates":[[[115.26066401709653,-8.683193666035285],[115.26067420549296,-8.683091271193211],[115.26073733021502,-8.683097409015783],[115.26072714181859,-8.683199803856184],[115.26066401709653,-8.683193666035285]]]}},{"type":"Feature","properties":{"class":1,"score":0.6995415005864215},"geometry":{"type":"Polygon","coordinates":[[[115.26185050606729,-8.68320799247509],[115.26186257600783,-8.683253067419638],[115.26183290488966,-8.683260844444872],[115.26182083494909,-8.683215769501258],[115.26185050606729,-8.68320799247509]]]}},{"type":"Feature","properties":{"class":1,"score":0.8832961354059042},"geometry":{"type":"Polygon","coordinates":[[[115.2606649696827,-8.683184129269156],[115.26065826416017,-8.683202689540435],[115.26065826416017,-8.683254393153302],[115.26065960526466,-8.683230529947366],[115.26071995496747,-8.683229204213703],[115.26072531938553,-8.683192083671136],[115.26069715619087,-8.683198712339449],[115.26068910956383,-8.683184129269156],[115.2606649696827,-8.683184129269156]]]}},{"type":"Feature","properties":{"class":1,"score":0.8540569558864882},"geometry":{"type":"Polygon","coordinates":[[[115.26072934269904,-8.683229204213703],[115.26072934269904,-8.683261021821616],[115.26070252060887,-8.683261021821616],[115.26070252060887,-8.683229204213703],[115.26072934269904,-8.683229204213703]]]}},{"type":"Feature","properties":{"class":1,"score":0.8165823083090409},"geometry":{"type":"Polygon","coordinates":[[[115.2607157178209,-8.68326063597715],[115.26073124886614,-8.683145488190219],[115.26077525934858,-8.683151288994134],[115.26075972830334,-8.683266436779286],[115.2607157178209,-8.68326063597715]]]}},{"type":"Feature","properties":{"class":1,"score":0.8077124980798921},"geometry":{"type":"Polygon","coordinates":[[[115.26235476136208,-8.683176174867173],[115.26234135031697,-8.68327030195726],[115.26230545088265,-8.683265303758297],[115.26231886192778,-8.683171176666965],[115.26235476136208,-8.683176174867173]]]}},{"type":"Feature","properties":{"class":1,"score":0.7553544337093084},"geometry":{"type":"Polygon","coordinates":[[[115.26070252060887,-8.683230529947366],[115.26070252060887,-8.68327030195726],[115.26065826416017,-8.68327030195726],[115.26065826416017,-8.683230529947366],[115.26070252060887,-8.683230529947366]]]}},{"type":"Feature","properties":{"class":1,"score":0.8405793416424523},"geometry":{"type":"Polygon","coordinates":[[[115.26235155735917,-8.68317596444699],[115.26238137616551,-8.683177929583199],[115.26237487792969,-8.683274279158248],[115.26234505952358,-8.683272314780789],[115.26235155735917,-8.68317596444699]]]}},{"type":"Feature","properties":{"class":1,"score":0.5324217162349008},"geometry":{"type":"Polygon","coordinates":[[[115.26071459054947,-8.683264999022606],[115.26076655862322,-8.68327087056262],[115.26076540014948,-8.683280891014968],[115.26071343099768,-8.683275019756152],[115.26071459054947,-8.683264999022606]]]}},{"type":"Feature","properties":{"class":1,"score":0.7859922649797624},"geometry":{"type":"Polygon","coordinates":[[[115.26221294326685,-8.68319836249961],[115.2622183946949,-8.68330793776415],[115.26214946156355,-8.68331128905777],[115.26214401013553,-8.683201713794206],[115.26221294326685,-8.68319836249961]]]}},{"type":"Feature","properties":{"class":1,"score":0.814283700774378},"geometry":{"type":"Polygon","coordinates":[[[115.26229977607726,-8.6833047710325],[115.2622394263744,-8.683306096766165],[115.2622367401294,-8.683186430000012],[115.26229708983223,-8.68318510426593],[115.26229977607726,-8.6833047710325]]]}},{"type":"Feature","properties":{"class":1,"score":0.7780814314432567},"geometry":{"type":"Polygon","coordinates":[[[115.26182904839516,-8.683222575545384],[115.26177272200584,-8.68322390127905],[115.26174053549767,-8.68328753649488],[115.26176735758783,-8.683296816630522],[115.2617686986923,-8.683308748233491],[115.26181966066359,-8.683311399700816],[115.26183843612671,-8.683274279158248],[115.26186659932137,-8.683271627690923],[115.26186257600783,-8.683253067419638],[115.26182904839516,-8.683246438751324],[115.26182904839516,-8.683222575545384]]]}},{"type":"Feature","properties":{"class":1,"score":0.8986772547991428},"geometry":{"type":"Polygon","coordinates":[[[115.26180959979122,-8.683304110365473],[115.26184245944025,-8.683271627690923],[115.26185519736192,-8.683284224343833],[115.26182234029287,-8.683316704825518],[115.26180959979122,-8.683304110365473]]]}},{"type":"Feature","properties":{"class":1,"score":0.6534239756697007},"geometry":{"type":"Polygon","coordinates":[[[115.26176774054007,-8.683295145119297],[115.26176117701608,-8.683324342457054],[115.26173263515459,-8.683318072526058],[115.26173919439314,-8.683288862228544],[115.26176774054007,-8.683295145119297]]]}},{"type":"Feature","properties":{"class":1,"score":0.5681290230914658},"geometry":{"type":"Polygon","coordinates":[[[115.2607038617134,-8.683302119565175],[115.2606984972954,-8.683331285705766],[115.26066568932957,-8.683325385759217],[115.2606710537476,-8.683296219618166],[115.2607038617134,-8.683302119565175]]]}},{"type":"Feature","properties":{"class":1,"score":0.6557401741288372},"geometry":{"type":"Polygon","coordinates":[[[115.26173651218413,-8.683290187962209],[115.26174673550324,-8.683323873822875],[115.26172176003458,-8.683331285705766],[115.26171153457916,-8.683297590220247],[115.26173651218413,-8.683290187962209]]]}},{"type":"Feature","properties":{"class":1,"score":0.6439159910763259},"geometry":{"type":"Polygon","coordinates":[[[115.26114642620088,-8.683343217308733],[115.26111423969269,-8.683343217308733],[115.26111423969269,-8.68332598277111],[115.26114642620088,-8.68332598277111],[115.26114642620088,-8.683343217308733]]]}},{"type":"Feature","properties":{"class":1,"score":0.6559267444790418},"geometry":{"type":"Polygon","coordinates":[[[115.2607038617134,-8.683303445298836],[115.26074007153511,-8.683307422499828],[115.26073553834767,-8.683347729639538],[115.260699328526,-8.683343752438972],[115.2607038617134,-8.683303445298836]]]}},{"type":"Feature","properties":{"class":1,"score":0.9081215680293415},"geometry":{"type":"Polygon","coordinates":[[[115.26183441281316,-8.683310073967155],[115.2618397772312,-8.683348520243385],[115.2618228586078,-8.683350839176013],[115.26181749418974,-8.68331239290002],[115.26183441281316,-8.683310073967155]]]}},{"type":"Feature","properties":{"class":1,"score":0.6635996569495313},"geometry":{"type":"Polygon","coordinates":[[[115.26073068380354,-8.683356474645365],[115.26074945926666,-8.683300793831513],[115.2607888941568,-8.683313770895811],[115.2607701186937,-8.683369451707746],[115.26073068380354,-8.683356474645365]]]}},{"type":"Feature","properties":{"class":1,"score":0.8219564485694757},"geometry":{"type":"Polygon","coordinates":[[[115.2619282901287,-8.683353823178036],[115.26184245944025,-8.683364429047343],[115.26183100033036,-8.683273869636084],[115.26191683101887,-8.683263263764214],[115.2619282901287,-8.683353823178036]]]}},{"type":"Feature","properties":{"class":1,"score":0.6640218596330425},"geometry":{"type":"Polygon","coordinates":[[[115.26106327772142,-8.683318028369133],[115.2610619366169,-8.683371057715657],[115.26105071739651,-8.68337077608807],[115.26105205850098,-8.683317746741505],[115.26106327772142,-8.683318028369133]]]}},{"type":"Feature","properties":{"class":1,"score":0.6173311364989834},"geometry":{"type":"Polygon","coordinates":[[[115.26066256304128,-8.683329424378153],[115.26071269352875,-8.683336503796053],[115.26070687312541,-8.68337677958303],[115.26065674263798,-8.683369700165887],[115.26066256304128,-8.683329424378153]]]}},{"type":"Feature","properties":{"class":1,"score":0.7398787656591999},"geometry":{"type":"Polygon","coordinates":[[[115.26108608991026,-8.683319126453727],[115.26108311003173,-8.683379513819688],[115.26106030011228,-8.683378413895483],[115.26106327772142,-8.683318028369133],[115.26108608991026,-8.683319126453727]]]}},{"type":"Feature","properties":{"class":1,"score":0.6643346228136889},"geometry":{"type":"Polygon","coordinates":[[[115.26173785328862,-8.683316702635468],[115.26172041893003,-8.68333393717309],[115.26171639561652,-8.683390943720607],[115.26176065206528,-8.68336840624833],[115.26175662875174,-8.683322005570123],[115.26173785328862,-8.683316702635468]]]}},{"type":"Feature","properties":{"class":1,"score":0.7766455565126712},"geometry":{"type":"Polygon","coordinates":[[[115.2617686986923,-8.683308748233491],[115.26175662875174,-8.683322005570123],[115.26177272200584,-8.683345868776057],[115.2617660164833,-8.683393595187932],[115.26177808642385,-8.683381663584964],[115.26184514164926,-8.68338564078595],[115.26186391711235,-8.683373709182986],[115.26181697845458,-8.683340565841407],[115.26182636618614,-8.683315376901808],[115.2617686986923,-8.683308748233491]]]}},{"type":"Feature","properties":{"class":1,"score":0.567900061952895},"geometry":{"type":"Polygon","coordinates":[[[115.2617660164833,-8.683393595187932],[115.26173785328862,-8.683389617986943],[115.26174113001771,-8.683366977595982],[115.26176929321238,-8.683370954797212],[115.2617660164833,-8.683393595187932]]]}},{"type":"Feature","properties":{"class":1,"score":0.6620094909142422},"geometry":{"type":"Polygon","coordinates":[[[115.26071056723592,-8.683347194509722],[115.26076823472974,-8.683357800379028],[115.2607592103998,-8.683405717533983],[115.26070154290603,-8.683395111666039],[115.26071056723592,-8.683347194509722]]]}},{"type":"Feature","properties":{"class":1,"score":0.6458132227584547},"geometry":{"type":"Polygon","coordinates":[[[115.26069581508638,-8.683369731981996],[115.26068508625028,-8.683373709182986],[115.26069581508638,-8.68340022385625],[115.26073470711708,-8.68340154958991],[115.26069581508638,-8.683369731981996]]]}},{"type":"Feature","properties":{"class":1,"score":0.567422512286826},"geometry":{"type":"Polygon","coordinates":[[[115.26113301515578,-8.68341348119288],[115.26109009981153,-8.68340950399189],[115.26109197484472,-8.683389791758325],[115.26113489018894,-8.68339376895952],[115.26113301515578,-8.68341348119288]]]}},{"type":"Feature","properties":{"class":1,"score":0.6572516886489269},"geometry":{"type":"Polygon","coordinates":[[[115.26115849614145,-8.68339226945427],[115.26115849614145,-8.68341613266021],[115.26113301515576,-8.68341613266021],[115.26113301515576,-8.68339226945427],[115.26115849614145,-8.68339226945427]]]}},{"type":"Feature","properties":{"class":1,"score":0.7145833447186302},"geometry":{"type":"Polygon","coordinates":[[[115.26113301515578,-8.68341348119288],[115.26112765073776,-8.683446624534458],[115.26106996116091,-8.683437495506064],[115.26107532557891,-8.68340435216368],[115.26113301515578,-8.68341348119288]]]}},{"type":"Feature","properties":{"class":1,"score":0.7845017219999154},"geometry":{"type":"Polygon","coordinates":[[[115.26112765073776,-8.683416132660206],[115.26115044951437,-8.683416132660206],[115.26115044951437,-8.68344795026812],[115.26112765073776,-8.683447950268121],[115.26112765073776,-8.683416132660206]]]}},{"type":"Feature","properties":{"class":1,"score":0.8420149698885957},"geometry":{"type":"Polygon","coordinates":[[[115.2611920237541,-8.683453253202774],[115.26115044951437,-8.683447950268121],[115.26115818725671,-8.683388719223784],[115.26119976149646,-8.683394022159275],[115.2611920237541,-8.683453253202774]]]}},{"type":"Feature","properties":{"class":1,"score":0.8076479766638048},"geometry":{"type":"Polygon","coordinates":[[[115.2611745893955,-8.683359126112691],[115.26116654276849,-8.683389617986943],[115.26119738817215,-8.683394920921595],[115.2611920237541,-8.683453253202774],[115.2612255513668,-8.683454578936438],[115.26123091578481,-8.68336708051467],[115.2611745893955,-8.683359126112691]]]}},{"type":"Feature","properties":{"class":1,"score":0.5164309093608191},"geometry":{"type":"Polygon","coordinates":[[[115.26230648159981,-8.683474464941382],[115.26230514049531,-8.683457230403762],[115.2623259551513,-8.683455659664132],[115.26232729625582,-8.683472894201826],[115.26230648159981,-8.683474464941382]]]}},{"type":"Feature","properties":{"class":1,"score":0.7103976129352008},"geometry":{"type":"Polygon","coordinates":[[[115.26081517338753,-8.683467836273069],[115.2608487010002,-8.68346518480574],[115.26085123394418,-8.68349647878378],[115.26081770633151,-8.683499130250887],[115.26081517338753,-8.683467836273069]]]}},{"type":"Feature","properties":{"class":1,"score":0.8191394883907461},"geometry":{"type":"Polygon","coordinates":[[[115.2607360482216,-8.68340154958991],[115.26065826416017,-8.683402875323576],[115.26066362857817,-8.683499653880984],[115.2606984972954,-8.683500979614646],[115.26069983839989,-8.683458556137426],[115.26074275374413,-8.683457230403762],[115.2607360482216,-8.68340154958991]]]}},{"type":"Feature","properties":{"class":1,"score":0.7425929162399277},"geometry":{"type":"Polygon","coordinates":[[[115.26102036237718,-8.683504956815637],[115.26101687261614,-8.68342749319622],[115.26107237411742,-8.683425054740484],[115.26107585741981,-8.683502530774787],[115.26102036237718,-8.683504956815637]]]}},{"type":"Feature","properties":{"class":1,"score":0.5145777073079739},"geometry":{"type":"Polygon","coordinates":[[[115.26127114892004,-8.683491699479005],[115.26128992438316,-8.68349037374534],[115.26129104842333,-8.683506007313577],[115.26127227296024,-8.683507333047187],[115.26127114892004,-8.683491699479005]]]}},{"type":"Feature","properties":{"class":1,"score":0.820359945836162},"geometry":{"type":"Polygon","coordinates":[[[115.26069715619087,-8.683504956815637],[115.26070620904221,-8.683451220928463],[115.26074275374413,-8.683457230403762],[115.26073368356637,-8.683510986406484],[115.26069715619087,-8.683504956815637]]]}},{"type":"Feature","properties":{"class":1,"score":0.5953661058679481},"geometry":{"type":"Polygon","coordinates":[[[115.26087284088135,-8.683503631081976],[115.26089295744893,-8.683491699479005],[115.26089966990997,-8.683502748154318],[115.26087955334239,-8.68351467975694],[115.26087284088135,-8.683503631081976]]]}},{"type":"Feature","properties":{"class":1,"score":0.5145777073079739},"geometry":{"type":"Polygon","coordinates":[[[115.26125639677043,-8.683483745077027],[115.26125237345695,-8.683515562684944],[115.26128321886063,-8.683506282549299],[115.26128187775613,-8.68349037374534],[115.26127651333807,-8.683504956815637],[115.26125639677043,-8.683483745077027]]]}},{"type":"Feature","properties":{"class":1,"score":0.8800688703854879},"geometry":{"type":"Polygon","coordinates":[[[115.26106461882591,-8.683478442142373],[115.26108310334995,-8.683514996379904],[115.26106593720364,-8.683523481057676],[115.26104742995936,-8.683486890805636],[115.26106461882591,-8.683478442142373]]]}},{"type":"Feature","properties":{"class":1,"score":0.7739310207456468},"geometry":{"type":"Polygon","coordinates":[[[115.26093989610673,-8.683519539885932],[115.26093989610673,-8.68346518480574],[115.2609586715698,-8.683465184805742],[115.2609586715698,-8.683519539885932],[115.26093989610673,-8.683519539885932]]]}},{"type":"Feature","properties":{"class":1,"score":0.7609132064266438},"geometry":{"type":"Polygon","coordinates":[[[115.26092782616614,-8.68346518480574],[115.26090368628502,-8.683508934016626],[115.26093989610673,-8.683519539885932],[115.26093989610673,-8.68346518480574],[115.26092782616614,-8.68346518480574]]]}},{"type":"Feature","properties":{"class":1,"score":0.7600123956702114},"geometry":{"type":"Polygon","coordinates":[[[115.26081115007399,-8.683467836273069],[115.26080176234247,-8.68352351708692],[115.26084065437317,-8.683522191353257],[115.26084199547769,-8.683497002413658],[115.26082724332808,-8.683497002413658],[115.26081115007399,-8.683467836273069]]]}},{"type":"Feature","properties":{"class":1,"score":0.5959324651446781},"geometry":{"type":"Polygon","coordinates":[[[115.26129394769667,-8.683511585483952],[115.2613341808319,-8.683522191353257],[115.26133121549167,-8.683533167889943],[115.26129098235644,-8.68352256202095],[115.26129394769667,-8.683511585483952]]]}},{"type":"Feature","properties":{"class":1,"score":0.8258770416639951},"geometry":{"type":"Polygon","coordinates":[[[115.26114358439669,-8.683452409985978],[115.26114508509636,-8.683534122956225],[115.26107125339196,-8.683535447523095],[115.26106975052176,-8.683453737030767],[115.26114358439669,-8.683452409985978]]]}},{"type":"Feature","properties":{"class":1,"score":0.5810276873012972},"geometry":{"type":"Polygon","coordinates":[[[115.26125679237562,-8.68347962867305],[115.2612483501434,-8.683538100157215],[115.2612246863314,-8.683534752693749],[115.26123313529071,-8.683476287832452],[115.26125679237562,-8.68347962867305]]]}},{"type":"Feature","properties":{"class":1,"score":0.7359521379934262},"geometry":{"type":"Polygon","coordinates":[[[115.26079908013345,-8.68349832814732],[115.26080042123795,-8.683555334694834],[115.26076915371725,-8.683556060290838],[115.26076781261277,-8.683499053743434],[115.26079908013345,-8.68349832814732]]]}},{"type":"Feature","properties":{"class":1,"score":0.6472828040322459},"geometry":{"type":"Polygon","coordinates":[[[115.26129413156454,-8.683505257093323],[115.26129260659218,-8.683559311895825],[115.26124879975048,-8.683558109611395],[115.26125031870383,-8.683504054021338],[115.26129413156454,-8.683505257093323]]]}},{"type":"Feature","properties":{"class":1,"score":0.7342817738236659},"geometry":{"type":"Polygon","coordinates":[[[115.26129260659218,-8.683559311895825],[115.26129394769667,-8.683515562684944],[115.2613048703741,-8.683515893063698],[115.26130352926961,-8.683559642274547],[115.26129260659218,-8.683559311895825]]]}},{"type":"Feature","properties":{"class":1,"score":0.8300334569002162},"geometry":{"type":"Polygon","coordinates":[[[115.26083931326868,-8.683560637629489],[115.26080042123795,-8.683557986162162],[115.26080310135774,-8.683519630585705],[115.26084199338847,-8.683522282053303],[115.26083931326868,-8.683560637629489]]]}},{"type":"Feature","properties":{"class":1,"score":0.6537956523121353},"geometry":{"type":"Polygon","coordinates":[[[115.26090818048097,-8.683524677203065],[115.26085808873177,-8.683564614830477],[115.26083375504568,-8.683534786595139],[115.26088384861077,-8.683494851570568],[115.26090818048097,-8.683524677203065]]]}},{"type":"Feature","properties":{"class":1,"score":0.6691807364512338},"geometry":{"type":"Polygon","coordinates":[[[115.26065695274154,-8.68356284886829],[115.26066228747368,-8.683499653880984],[115.26069979409547,-8.683502742830305],[115.26069447398183,-8.683565940564142],[115.26065695274154,-8.68356284886829]]]}},{"type":"Feature","properties":{"class":1,"score":0.7401281937290389},"geometry":{"type":"Polygon","coordinates":[[[115.26229575276376,-8.683564614830477],[115.26229977607726,-8.683470487740395],[115.26235315963285,-8.68347272080261],[115.2623491363194,-8.683566847892132],[115.26229575276376,-8.683564614830477]]]}},{"type":"Feature","properties":{"class":1,"score":0.7783091781130257},"geometry":{"type":"Polygon","coordinates":[[[115.26221528649332,-8.683565940564142],[115.26221528649332,-8.683463859072079],[115.26228368282315,-8.683463859072079],[115.26228368282315,-8.683565940564142],[115.26221528649332,-8.683565940564142]]]}},{"type":"Feature","properties":{"class":1,"score":0.7973493843965402},"geometry":{"type":"Polygon","coordinates":[[[115.26109009981153,-8.683569917765132],[115.2610056102276,-8.683559311895825],[115.26101412307273,-8.683493023972819],[115.26109861265665,-8.683503629844001],[115.26109009981153,-8.683569917765132]]]}},{"type":"Feature","properties":{"class":1,"score":0.8029738638561911},"geometry":{"type":"Polygon","coordinates":[[[115.26216968894003,-8.683466510539406],[115.26218309998512,-8.683571243498793],[115.26212107365559,-8.683578981944157],[115.26210766261052,-8.68347424898693],[115.26216968894003,-8.683466510539406]]]}},{"type":"Feature","properties":{"class":1,"score":0.7427348718553984},"geometry":{"type":"Polygon","coordinates":[[[115.26073336601259,-8.683506282549299],[115.26072800159453,-8.683575220699783],[115.26069324268609,-8.683572577773568],[115.26069860710409,-8.683503639622593],[115.26073336601259,-8.683506282549299]]]}},{"type":"Feature","properties":{"class":1,"score":0.49164852499961853},"geometry":{"type":"Polygon","coordinates":[[[115.26156753558658,-8.683567262048484],[115.26155814528464,-8.683585826569091],[115.26154741900639,-8.683580519410262],[115.26155680418015,-8.683561963363152],[115.26156753558658,-8.683567262048484]]]}},{"type":"Feature","properties":{"class":1,"score":0.7004982428836205},"geometry":{"type":"Polygon","coordinates":[[[115.26117056608199,-8.683564614830477],[115.26121884584425,-8.683565940564142],[115.26121793256088,-8.683598169075518],[115.26116965279859,-8.683596843341974],[115.26117056608199,-8.683564614830477]]]}},{"type":"Feature","properties":{"class":1,"score":0.5846271981631429},"geometry":{"type":"Polygon","coordinates":[[[115.26098845851257,-8.683581514578508],[115.26100768467612,-8.683583242379058],[115.2610056102276,-8.683605712574035],[115.26098639188636,-8.683603986850311],[115.26098845851257,-8.683581514578508]]]}},{"type":"Feature","properties":{"class":1,"score":0.8354627869496233},"geometry":{"type":"Polygon","coordinates":[[[115.26177416842373,-8.683549775130771],[115.26184245944025,-8.683556660428495],[115.26183633627222,-8.683615947598158],[115.26176804885665,-8.683609059359368],[115.26177416842373,-8.683549775130771]]]}},{"type":"Feature","properties":{"class":1,"score":0.7727932332535705},"geometry":{"type":"Polygon","coordinates":[[[115.26135295629501,-8.683613666976015],[115.26135295629501,-8.683548706026519],[115.26139587163925,-8.683548706026519],[115.26139587163925,-8.683613666976015],[115.26135295629501,-8.683613666976015]]]}},{"type":"Feature","properties":{"class":1,"score":0.7150119558127239},"geometry":{"type":"Polygon","coordinates":[[[115.26139587163925,-8.68361234124235],[115.26139587163925,-8.683554008961174],[115.26144951581955,-8.683554008961174],[115.26144951581955,-8.68361234124235],[115.26139587163925,-8.68361234124235]]]}},{"type":"Feature","properties":{"class":1,"score":0.6253451234207744},"geometry":{"type":"Polygon","coordinates":[[[115.26072800159453,-8.683575220699783],[115.26071995496747,-8.683613666976015],[115.26070065619741,-8.68360972766273],[115.26070870282445,-8.683571281386099],[115.26072800159453,-8.683575220699783]]]}},{"type":"Feature","properties":{"class":1,"score":0.7464489166461329},"geometry":{"type":"Polygon","coordinates":[[[115.26131151882518,-8.68361673180243],[115.26130453254441,-8.683524188606556],[115.26135095246835,-8.683520764146774],[115.26135793874911,-8.683613307343492],[115.26131151882518,-8.68361673180243]]]}},{"type":"Feature","properties":{"class":1,"score":0.6977769021271379},"geometry":{"type":"Polygon","coordinates":[[[115.26108570670378,-8.683597386228625],[115.26112765073776,-8.683588478036413],[115.26113205006797,-8.683608781066141],[115.26109009981153,-8.683617644177003],[115.26108570670378,-8.683597386228625]]]}},{"type":"Feature","properties":{"class":1,"score":0.7386699656667731},"geometry":{"type":"Polygon","coordinates":[[[115.26131138205527,-8.683614992709677],[115.26125237345695,-8.683614992709677],[115.26125237345695,-8.683557986162162],[115.26131138205527,-8.683557986162162],[115.26131138205527,-8.683614992709677]]]}},{"type":"Feature","properties":{"class":1,"score":0.7307013027571343},"geometry":{"type":"Polygon","coordinates":[[[115.26150081699278,-8.683557478935795],[115.2614977955818,-8.683621621377993],[115.26146630435913,-8.683620174769272],[115.26146932238717,-8.68355603086399],[115.26150081699278,-8.683557478935795]]]}},{"type":"Feature","properties":{"class":1,"score":0.7520113264305939},"geometry":{"type":"Polygon","coordinates":[[[115.26076555252075,-8.683520865619595],[115.2607373893261,-8.683564614830477],[115.2607360482216,-8.683609689775025],[115.26080444455145,-8.683621621377993],[115.26081115007399,-8.683560637629489],[115.26077091693877,-8.683552683227509],[115.26076555252075,-8.683520865619595]]]}},{"type":"Feature","properties":{"class":1,"score":0.7184529324372609},"geometry":{"type":"Polygon","coordinates":[[[115.26198059320448,-8.683555334694834],[115.26190817356111,-8.683559311895825],[115.26190415024757,-8.683621621377993],[115.26192158460617,-8.683622947111656],[115.26192560791971,-8.683600409639382],[115.26198327541353,-8.683589803770074],[115.26198059320448,-8.683555334694834]]]}},{"type":"Feature","properties":{"class":1,"score":0.744758611851478},"geometry":{"type":"Polygon","coordinates":[[[115.26115313172339,-8.68362825004631],[115.26111289858817,-8.683630901513636],[115.26111011156598,-8.683589621009208],[115.26115034470124,-8.683586969541583],[115.26115313172339,-8.68362825004631]]]}},{"type":"Feature","properties":{"class":1,"score":0.5969036042690277},"geometry":{"type":"Polygon","coordinates":[[[115.26111289858817,-8.6836322272473],[115.26108875870705,-8.6836322272473],[115.26108875870705,-8.683617644177003],[115.2611128985882,-8.683617644177003],[115.26111289858817,-8.6836322272473]]]}},{"type":"Feature","properties":{"class":1,"score":0.6224720248281955},"geometry":{"type":"Polygon","coordinates":[[[115.2616748213768,-8.683584500835426],[115.26170432567598,-8.683611015508687],[115.26167148393816,-8.683646734693255],[115.26164197963894,-8.683620220022517],[115.2616748213768,-8.683584500835426]]]}},{"type":"Feature","properties":{"class":1,"score":0.683548183598387},"geometry":{"type":"Polygon","coordinates":[[[115.26098398294855,-8.683641407251718],[115.26098683476448,-8.68359908390572],[115.26100846700758,-8.683600508945762],[115.2610056102276,-8.683642833116604],[115.26098398294855,-8.683641407251718]]]}},{"type":"Feature","properties":{"class":1,"score":0.6924004341230952},"geometry":{"type":"Polygon","coordinates":[[[115.26188135147095,-8.68364150738294],[115.2618455613394,-8.683640145739682],[115.26184648275375,-8.683616318443342],[115.26188228423369,-8.683617678764639],[115.26188135147095,-8.68364150738294]]]}},{"type":"Feature","properties":{"class":1,"score":0.808612654771155},"geometry":{"type":"Polygon","coordinates":[[[115.2618357539177,-8.683605712574035],[115.2618357539177,-8.683644158850266],[115.26178479194643,-8.683644158850266],[115.26178479194643,-8.683605712574035],[115.2618357539177,-8.683605712574035]]]}},{"type":"Feature","properties":{"class":1,"score":0.7675041930381068},"geometry":{"type":"Polygon","coordinates":[[[115.26198327541353,-8.683589803770074],[115.26192560791971,-8.683600409639382],[115.26192158460617,-8.683622947111656],[115.26196718215942,-8.68364946178492],[115.26198327541353,-8.683589803770074]]]}},{"type":"Feature","properties":{"class":1,"score":0.06824915375772517},"geometry":{"type":"Polygon","coordinates":[[[115.26139721274374,-8.6836322272473],[115.2614200115204,-8.68364946178492],[115.26141459484477,-8.683656468865959],[115.26139179606811,-8.683639234328666],[115.26139721274374,-8.6836322272473]]]}},{"type":"Feature","properties":{"class":1,"score":0.691301480935724},"geometry":{"type":"Polygon","coordinates":[[[115.26103313208073,-8.6836416269623],[115.26105808813128,-8.683585558731302],[115.26110168303903,-8.683604520582733],[115.26107672698845,-8.683660588810897],[115.26103313208073,-8.6836416269623]]]}},{"type":"Feature","properties":{"class":1,"score":0.8253264438008695},"geometry":{"type":"Polygon","coordinates":[[[115.26177942752837,-8.683597758172057],[115.26176735758783,-8.683656090453233],[115.26172201672291,-8.683646909963086],[115.26173408666344,-8.683588577680476],[115.26177942752837,-8.683597758172057]]]}},{"type":"Feature","properties":{"class":1,"score":0.7059825965389609},"geometry":{"type":"Polygon","coordinates":[[[115.26110753417012,-8.68362825004631],[115.26115313172339,-8.68362825004631],[115.26115313172339,-8.683658741920562],[115.26110753417012,-8.683658741920562],[115.26110753417012,-8.68362825004631]]]}},{"type":"Feature","properties":{"class":1,"score":0.5899606528268619},"geometry":{"type":"Polygon","coordinates":[[[115.26097878813744,-8.683666696322542],[115.2609533071518,-8.683665370588878],[115.26095512402048,-8.683631347283775],[115.26098060500614,-8.683632673017561],[115.26097878813744,-8.683666696322542]]]}},{"type":"Feature","properties":{"class":1,"score":0.8206243097302817},"geometry":{"type":"Polygon","coordinates":[[[115.2609497738534,-8.683664031066112],[115.2608522313871,-8.683668696767695],[115.2608482070161,-8.683586479949078],[115.26094574948237,-8.683581814246477],[115.2609497738534,-8.683664031066112]]]}},{"type":"Feature","properties":{"class":1,"score":0.7336581155289839},"geometry":{"type":"Polygon","coordinates":[[[115.26065826416017,-8.683671999257193],[115.26065826416017,-8.683628250046311],[115.26067167520523,-8.683628250046311],[115.26067167520523,-8.683671999257193],[115.26065826416017,-8.683671999257193]]]}},{"type":"Feature","properties":{"class":1,"score":0.6993920678141141},"geometry":{"type":"Polygon","coordinates":[[[115.26071593165399,-8.68362825004631],[115.26071593165399,-8.683671999257193],[115.26067167520523,-8.683671999257193],[115.26067167520523,-8.68362825004631],[115.26071593165399,-8.68362825004631]]]}},{"type":"Feature","properties":{"class":1,"score":0.6022647705296396},"geometry":{"type":"Polygon","coordinates":[[[115.26080712676048,-8.683669347789865],[115.26080712676048,-8.683633552980963],[115.26083931326868,-8.683633552980963],[115.26083931326868,-8.683669347789865],[115.26080712676048,-8.683669347789865]]]}},{"type":"Feature","properties":{"class":1,"score":0.5649780066184749},"geometry":{"type":"Polygon","coordinates":[[[115.2614200115204,-8.683681279392834],[115.26137977838518,-8.683677302191846],[115.2613818694058,-8.683656696042346],[115.26142210254099,-8.683660673243555],[115.2614200115204,-8.683681279392834]]]}},{"type":"Feature","properties":{"class":1,"score":0.6601812840276818},"geometry":{"type":"Polygon","coordinates":[[[115.2613650262356,-8.683665370588878],[115.26136770844461,-8.68369188526214],[115.26127569464178,-8.68370100327884],[115.2612730124328,-8.68367448860622],[115.2613650262356,-8.683665370588878]]]}},{"type":"Feature","properties":{"class":1,"score":0.8043807182680671},"geometry":{"type":"Polygon","coordinates":[[[115.26190415024757,-8.683621621377993],[115.26189476251602,-8.683698513930457],[115.2619282901287,-8.683703816865107],[115.26193231344223,-8.683689233794812],[115.26195913553238,-8.68368790806115],[115.26195779442786,-8.68363753018195],[115.26190415024757,-8.683621621377993]]]}},{"type":"Feature","properties":{"class":1,"score":0.7125643060340748},"geometry":{"type":"Polygon","coordinates":[[[115.26136825464447,-8.683701137896525],[115.26132211089136,-8.683703816865107],[115.26132140847218,-8.683692086335922],[115.26136755634272,-8.68368940286793],[115.26136825464447,-8.683701137896525]]]}},{"type":"Feature","properties":{"class":1,"score":0.6031983682889499},"geometry":{"type":"Polygon","coordinates":[[[115.26121348142622,-8.683710445533425],[115.26121616363524,-8.683679953659173],[115.2612452153654,-8.683682451959983],[115.26124253315639,-8.683712943834033],[115.26121348142622,-8.683710445533425]]]}},{"type":"Feature","properties":{"class":1,"score":0.710869212730012},"geometry":{"type":"Polygon","coordinates":[[[115.26110082864763,-8.68367862792551],[115.26114642620088,-8.68367862792551],[115.26114642620088,-8.683714422734413],[115.26110082864763,-8.683714422734413],[115.26110082864763,-8.68367862792551]]]}},{"type":"Feature","properties":{"class":1,"score":0.8640928544284243},"geometry":{"type":"Polygon","coordinates":[[[115.26167213916777,-8.683713097000751],[115.26157960295674,-8.683711771267086],[115.26158048161966,-8.68365206467378],[115.26167301783067,-8.683653390407654],[115.26167213916777,-8.683713097000751]]]}},{"type":"Feature","properties":{"class":1,"score":0.7492851419517895},"geometry":{"type":"Polygon","coordinates":[[[115.26175992334532,-8.68365991984612],[115.26174534129203,-8.683727189489064],[115.26167884469031,-8.683713097000751],[115.26169343071909,-8.683645834780968],[115.26175992334532,-8.68365991984612]]]}},{"type":"Feature","properties":{"class":1,"score":0.662358023815658},"geometry":{"type":"Polygon","coordinates":[[[115.26177674531934,-8.683719725669066],[115.26174724102019,-8.683718399935403],[115.26174875716056,-8.683685325931581],[115.2617782614597,-8.683686651665361],[115.26177674531934,-8.683719725669066]]]}},{"type":"Feature","properties":{"class":1,"score":0.7732972871540185},"geometry":{"type":"Polygon","coordinates":[[[115.26177138090134,-8.68364946178492],[115.26175931096073,-8.68368790806115],[115.26177674531934,-8.683686582327487],[115.26177674531934,-8.683719725669066],[115.26184380054471,-8.683718399935403],[115.26184648275375,-8.683679953659173],[115.26183038949968,-8.68367465072452],[115.26182502508165,-8.683653438985909],[115.26177138090134,-8.68364946178492]]]}},{"type":"Feature","properties":{"class":1,"score":0.7821108618366064},"geometry":{"type":"Polygon","coordinates":[[[115.26142483406633,-8.683678510314577],[115.26141867041588,-8.683740937407677],[115.26137723157146,-8.68373694027243],[115.26138339259215,-8.683674513597268],[115.26142483406633,-8.683678510314577]]]}},{"type":"Feature","properties":{"class":1,"score":0.5605877207820875},"geometry":{"type":"Polygon","coordinates":[[[115.26121616363524,-8.683740937407677],[115.26121884584425,-8.683718399935403],[115.26124250009212,-8.68372114806068],[115.2612398178831,-8.683743685532793],[115.26121616363524,-8.683740937407677]]]}},{"type":"Feature","properties":{"class":1,"score":0.6795772522149066},"geometry":{"type":"Polygon","coordinates":[[[115.26110082864763,-8.683679953659173],[115.26104584336282,-8.68369188526214],[115.26104584336282,-8.683743588875002],[115.26105657219887,-8.683744914608667],[115.26106327772142,-8.683723702870054],[115.26109680533409,-8.68371707420174],[115.26110082864763,-8.683679953659173]]]}},{"type":"Feature","properties":{"class":1,"score":0.7653558245316123},"geometry":{"type":"Polygon","coordinates":[[[115.26194974780083,-8.68374624034233],[115.2619430422783,-8.683714422734413],[115.2619783877313,-8.683707137295183],[115.26198509325383,-8.683738954903722],[115.26194974780083,-8.68374624034233]]]}},{"type":"Feature","properties":{"class":1,"score":0.6435765745739143},"geometry":{"type":"Polygon","coordinates":[[[115.26222611585084,-8.683727687815756],[115.26222465641368,-8.683746443047058],[115.26220455765726,-8.683744914608667],[115.26220601506046,-8.683726159328614],[115.26222611585084,-8.683727687815756]]]}},{"type":"Feature","properties":{"class":1,"score":0.7293857348764815},"geometry":{"type":"Polygon","coordinates":[[[115.26131668369882,-8.683699841489611],[115.26137011441531,-8.68370123144565],[115.2613688438418,-8.683748959692155],[115.26131540536878,-8.683747566075994],[115.26131668369882,-8.683699841489611]]]}},{"type":"Feature","properties":{"class":1,"score":0.732039855128489},"geometry":{"type":"Polygon","coordinates":[[[115.26131679554084,-8.683696975715849],[115.26131540536878,-8.683747566075994],[115.2612737960103,-8.683746455588155],[115.26127517223355,-8.683695862463129],[115.26131679554084,-8.683696975715849]]]}},{"type":"Feature","properties":{"class":1,"score":0.7846513637138256},"geometry":{"type":"Polygon","coordinates":[[[115.26214554905891,-8.683751543276982],[115.26213966517267,-8.683687481011681],[115.26218597725033,-8.683683319092397],[115.26219186931671,-8.683747388983758],[115.26214554905891,-8.683751543276982]]]}},{"type":"Feature","properties":{"class":1,"score":0.5569299339680445},"geometry":{"type":"Polygon","coordinates":[[[115.26111289858817,-8.683751543276982],[115.26110619306566,-8.683714422734413],[115.26114106151113,-8.683708285479586],[115.26114776703368,-8.683745406022757],[115.26111289858817,-8.683751543276982]]]}},{"type":"Feature","properties":{"class":1,"score":0.7307667070989451},"geometry":{"type":"Polygon","coordinates":[[[115.26070965414998,-8.683726534597648],[115.26076421141626,-8.68372237713639],[115.26076646966506,-8.6837513804052],[115.26071190834043,-8.68375552047797],[115.26070965414998,-8.683726534597648]]]}},{"type":"Feature","properties":{"class":1,"score":0.6479766612439856},"geometry":{"type":"Polygon","coordinates":[[[115.26111155748367,-8.683718399935403],[115.26111289858817,-8.683751543276982],[115.26105688441092,-8.683753761083707],[115.2610555433064,-8.683720617742322],[115.26111155748367,-8.683718399935403]]]}},{"type":"Feature","properties":{"class":1,"score":0.6486986938248953},"geometry":{"type":"Polygon","coordinates":[[[115.26151591033228,-8.683709052688931],[115.26158168138082,-8.683710497516149],[115.26158055672872,-8.683760526621155],[115.26151478568018,-8.683759081794133],[115.26151591033228,-8.683709052688931]]]}},{"type":"Feature","properties":{"class":1,"score":0.7630889841993768},"geometry":{"type":"Polygon","coordinates":[[[115.26198327541353,-8.683723702870054],[115.26195108890535,-8.68374624034233],[115.26195779442786,-8.683760823412625],[115.26201277971268,-8.683768777814603],[115.26200741529465,-8.68372900580471],[115.26198327541353,-8.683723702870054]]]}},{"type":"Feature","properties":{"class":1,"score":0.7866573413334879},"geometry":{"type":"Polygon","coordinates":[[[115.26087284088135,-8.683701165397782],[115.2608487010002,-8.683719725669066],[115.26085004210472,-8.683752869010645],[115.26089027523994,-8.68378070941757],[115.26089027523994,-8.683751543276982],[115.26092112064362,-8.683750217543318],[115.2609197795391,-8.683711771267086],[115.26087284088135,-8.683701165397782]]]}},{"type":"Feature","properties":{"class":1,"score":0.6943856656660129},"geometry":{"type":"Polygon","coordinates":[[[115.26092287240895,-8.683784336849634],[115.26089027523994,-8.683782035151234],[115.26089272139781,-8.683748212290494],[115.26092531636044,-8.683750513817909],[115.26092287240895,-8.683784336849634]]]}},{"type":"Feature","properties":{"class":1,"score":0.5866510806391474},"geometry":{"type":"Polygon","coordinates":[[[115.2612482209042,-8.68373252337594],[115.26126097386388,-8.683780149041329],[115.26122252741268,-8.68379020936095],[115.26120977445301,-8.683742583696837],[115.2612482209042,-8.68373252337594]]]}},{"type":"Feature","properties":{"class":1,"score":0.724088667011895},"geometry":{"type":"Polygon","coordinates":[[[115.26076421141626,-8.68372237713639],[115.26076287031174,-8.683747566075994],[115.26071190834043,-8.68375552047797],[115.26074677705765,-8.683766126347276],[115.26074811816214,-8.683788663819549],[115.26077359914781,-8.683786012352224],[115.26077896356581,-8.68372237713639],[115.26076421141626,-8.68372237713639]]]}},{"type":"Feature","properties":{"class":1,"score":0.7650379353104174},"geometry":{"type":"Polygon","coordinates":[[[115.26077896356581,-8.683721051402731],[115.26077225804329,-8.683788663819549],[115.26080310344696,-8.68379264102054],[115.26083260774612,-8.683770103548266],[115.26080712676048,-8.683754194744308],[115.26080176234247,-8.683721051402731],[115.26077896356581,-8.683721051402731]]]}},{"type":"Feature","properties":{"class":1,"score":0.5701527873323379},"geometry":{"type":"Polygon","coordinates":[[[115.26129372540962,-8.683790255928985],[115.26129797101018,-8.683759497678961],[115.26131562377188,-8.683761872302064],[115.26131138205527,-8.68379264102054],[115.26129372540962,-8.683790255928985]]]}},{"type":"Feature","properties":{"class":1,"score":0.7971100099829107},"geometry":{"type":"Polygon","coordinates":[[[115.2612040936947,-8.683711771267086],[115.2612094581127,-8.683797943955192],[115.26117695720119,-8.683799931188753],[115.26117159278321,-8.683713758501101],[115.2612040936947,-8.683711771267086]]]}},{"type":"Feature","properties":{"class":1,"score":0.7150494162532218},"geometry":{"type":"Polygon","coordinates":[[[115.26160508394238,-8.683751543276982],[115.26160508394238,-8.683797943955192],[115.26157960295674,-8.683797943955192],[115.26157960295674,-8.683751543276982],[115.26160508394238,-8.683751543276982]]]}},{"type":"Feature","properties":{"class":1,"score":0.7862090906713239},"geometry":{"type":"Polygon","coordinates":[[[115.26171237230301,-8.683751543276982],[115.26171237230301,-8.683795292487865],[115.26165202260017,-8.683795292487865],[115.26165202260017,-8.683751543276982],[115.26171237230301,-8.683751543276982]]]}},{"type":"Feature","properties":{"class":1,"score":0.8309589143476617},"geometry":{"type":"Polygon","coordinates":[[[115.2618572115898,-8.683707794066098],[115.26184648275375,-8.68372635433738],[115.2617660164833,-8.68372635433738],[115.26176333427429,-8.68379264102054],[115.26186794042589,-8.683793966754205],[115.26188001036643,-8.683711771267086],[115.2618572115898,-8.683707794066098]]]}},{"type":"Feature","properties":{"class":1,"score":0.8018982274661915},"geometry":{"type":"Polygon","coordinates":[[[115.26160508394238,-8.683797943955192],[115.26160776615143,-8.683751543276982],[115.26165440321562,-8.683754178442584],[115.2616517210066,-8.683800579120467],[115.26160508394238,-8.683797943955192]]]}},{"type":"Feature","properties":{"class":1,"score":0.632334866064641},"geometry":{"type":"Polygon","coordinates":[[[115.26152461767197,-8.683797943955192],[115.26152461767197,-8.683762149146288],[115.26157960295674,-8.683762149146288],[115.26157960295674,-8.683797943955192],[115.26152461767197,-8.683797943955192]]]}},{"type":"Feature","properties":{"class":1,"score":0.7387757065566701},"geometry":{"type":"Polygon","coordinates":[[[115.2613650262356,-8.683762149146288],[115.26132479310034,-8.683807224090833],[115.26129651656059,-8.683782519187474],[115.26133674969581,-8.683737444239952],[115.2613650262356,-8.683762149146288]]]}},{"type":"Feature","properties":{"class":1,"score":0.7796561667779129},"geometry":{"type":"Polygon","coordinates":[[[115.26074811816214,-8.683764800613613],[115.26074811816214,-8.683807224090833],[115.26071324944495,-8.683807224090833],[115.26071324944495,-8.683764800613613],[115.26074811816214,-8.683764800613613]]]}},{"type":"Feature","properties":{"class":1,"score":0.5780184871030722},"geometry":{"type":"Polygon","coordinates":[[[115.26065826416017,-8.683808549824498],[115.26065826416017,-8.683759497678961],[115.26066899299622,-8.683759497678961],[115.26066899299622,-8.683808549824498],[115.26065826416017,-8.683808549824498]]]}},{"type":"Feature","properties":{"class":1,"score":0.8141544436573223},"geometry":{"type":"Polygon","coordinates":[[[115.26121079921721,-8.683808549824498],[115.26118263602254,-8.683808549824498],[115.26118263602254,-8.683797943955192],[115.26121079921721,-8.683797943955192],[115.26121079921721,-8.683808549824498]]]}},{"type":"Feature","properties":{"class":1,"score":0.7916275787983124},"geometry":{"type":"Polygon","coordinates":[[[115.26114240288734,-8.683715748468078],[115.26113837957384,-8.68374226314134],[115.26111423969269,-8.683750217543318],[115.26113301515578,-8.683759497678961],[115.26113301515578,-8.683813852759148],[115.26118129491807,-8.683812527025486],[115.2611866593361,-8.683788663819549],[115.26117593050002,-8.683783360884895],[115.26116654276849,-8.68371707420174],[115.26114240288734,-8.683715748468078]]]}},{"type":"Feature","properties":{"class":1,"score":0.5966365598142147},"geometry":{"type":"Polygon","coordinates":[[[115.26237219572067,-8.683815178492813],[115.26234000921247,-8.683819155693802],[115.26233796371677,-8.683803025169835],[115.26237015022501,-8.68379904796868],[115.26237219572067,-8.683815178492813]]]}},{"type":"Feature","properties":{"class":1,"score":0.6787881327886058},"geometry":{"type":"Polygon","coordinates":[[[115.2613650262356,-8.683763474879951],[115.26135295629501,-8.683787338085887],[115.26132076978683,-8.683815178492813],[115.26138246059416,-8.683820481427466],[115.26138111948964,-8.683774080749254],[115.2613650262356,-8.683763474879951]]]}},{"type":"Feature","properties":{"class":1,"score":0.7324197279423782},"geometry":{"type":"Polygon","coordinates":[[[115.26220992207526,-8.68377673221658],[115.26223308609171,-8.683813943129877],[115.2622179687023,-8.683823132894792],[115.26219480989815,-8.683785931972766],[115.26220992207526,-8.68377673221658]]]}},{"type":"Feature","properties":{"class":1,"score":0.5096679997924191},"geometry":{"type":"Polygon","coordinates":[[[115.26173141656498,-8.683797999604813],[115.26175991085665,-8.68379659121936],[115.26176098106919,-8.683817750060724],[115.26173248887062,-8.683819155693802],[115.26173141656498,-8.683797999604813]]]}},{"type":"Feature","properties":{"class":1,"score":0.5812152216947356},"geometry":{"type":"Polygon","coordinates":[[[115.26161313056946,-8.683823132894792],[115.26157419972924,-8.683808540032011],[115.2615820358792,-8.683788117955753],[115.26162096835316,-8.68380271619157],[115.26161313056946,-8.683823132894792]]]}},{"type":"Feature","properties":{"class":1,"score":0.62414615674515},"geometry":{"type":"Polygon","coordinates":[[[115.26157557964324,-8.683824458628454],[115.26157423853874,-8.683808549824498],[115.26159444436249,-8.683806881135064],[115.26159578546701,-8.683822789939091],[115.26157557964324,-8.683824458628454]]]}},{"type":"Feature","properties":{"class":1,"score":0.6758077502997285},"geometry":{"type":"Polygon","coordinates":[[[115.26180624961853,-8.683797943955192],[115.26183441281316,-8.683799269688855],[115.26183319118897,-8.6838244630444],[115.26180502799431,-8.683823137310828],[115.26180624961853,-8.683797943955192]]]}},{"type":"Feature","properties":{"class":1,"score":0.7646419720365367},"geometry":{"type":"Polygon","coordinates":[[[115.26078786202527,-8.683803085994015],[115.26082590222356,-8.68377142928193],[115.26086008398529,-8.683811553837993],[115.26082204831815,-8.68384321676279],[115.26078786202527,-8.683803085994015]]]}},{"type":"Feature","properties":{"class":1,"score":0.8413497497910574},"geometry":{"type":"Polygon","coordinates":[[[115.2611866593361,-8.683837715965087],[115.2611866593361,-8.683808549824498],[115.26121214032173,-8.683808549824498],[115.26121214032173,-8.683837715965087],[115.2611866593361,-8.683837715965087]]]}},{"type":"Feature","properties":{"class":1,"score":0.7375813645669838},"geometry":{"type":"Polygon","coordinates":[[[115.26085808873177,-8.683815178492813],[115.26085808873177,-8.683840367432413],[115.26083931326868,-8.683840367432413],[115.26083931326868,-8.683815178492813],[115.26085808873177,-8.683815178492813]]]}},{"type":"Feature","properties":{"class":1,"score":0.7864665489620958},"geometry":{"type":"Polygon","coordinates":[[[115.26116520166394,-8.683813852759148],[115.26115849614145,-8.683852299035381],[115.26112876094882,-8.68384721836689],[115.26113546647136,-8.683808772090135],[115.26116520166394,-8.683813852759148]]]}},{"type":"Feature","properties":{"class":1,"score":0.6947121689246345},"geometry":{"type":"Polygon","coordinates":[[[115.26197522878644,-8.683853624769045],[115.26197522878644,-8.683797943955192],[115.26200473308563,-8.683797943955192],[115.26200473308563,-8.683853624769043],[115.26197522878644,-8.683853624769045]]]}},{"type":"Feature","properties":{"class":1,"score":0.7000776452106842},"geometry":{"type":"Polygon","coordinates":[[[115.26197522878644,-8.683796618221528],[115.26197522878644,-8.683856276236371],[115.26193767786025,-8.683856276236371],[115.26193767786025,-8.683796618221528],[115.26197522878644,-8.683796618221528]]]}},{"type":"Feature","properties":{"class":1,"score":0.7579271601826216},"geometry":{"type":"Polygon","coordinates":[[[115.26217639446259,-8.683812527025486],[115.26215627789497,-8.683857601970033],[115.2621292445484,-8.683845793424336],[115.26214936111599,-8.683800718478372],[115.26217639446259,-8.683812527025486]]]}},{"type":"Feature","properties":{"class":1,"score":0.8337919567999743},"geometry":{"type":"Polygon","coordinates":[[[115.26092380285263,-8.68385627623637],[115.26092380285263,-8.683770103548266],[115.26099488139151,-8.683770103548266],[115.26099488139151,-8.68385627623637],[115.26092380285263,-8.68385627623637]]]}},{"type":"Feature","properties":{"class":1,"score":0.7562460573183165},"geometry":{"type":"Polygon","coordinates":[[[115.26236817240714,-8.68386423063835],[115.26236683130264,-8.68381782996014],[115.26237365424325,-8.68381763898915],[115.2623749953478,-8.683864039667386],[115.26236817240714,-8.68386423063835]]]}},{"type":"Feature","properties":{"class":1,"score":0.6734199019712072},"geometry":{"type":"Polygon","coordinates":[[[115.26224603316436,-8.68383577158993],[115.26227965950964,-8.683850973301718],[115.26226767161572,-8.68387684076218],[115.2622340619564,-8.683861579171023],[115.26224603316436,-8.68383577158993]]]}},{"type":"Feature","properties":{"class":1,"score":0.7736286339127469},"geometry":{"type":"Polygon","coordinates":[[[115.26072145746465,-8.683869118730309],[115.26071995496747,-8.683811201291823],[115.26075600368252,-8.683810284733953],[115.26075750589371,-8.683868207839339],[115.26072145746465,-8.683869118730309]]]}},{"type":"Feature","properties":{"class":1,"score":0.6103382558486927},"geometry":{"type":"Polygon","coordinates":[[[115.26143169544974,-8.683821638922575],[115.26142671704292,-8.683870859306666],[115.26140812653274,-8.683869024069686],[115.26141310588147,-8.683819801279899],[115.26143169544974,-8.683821638922575]]]}},{"type":"Feature","properties":{"class":1,"score":0.7088034212212019},"geometry":{"type":"Polygon","coordinates":[[[115.26128590106964,-8.683797943955192],[115.26121750473976,-8.683801921156181],[115.26122286915779,-8.683872185040329],[115.26122823357582,-8.683839041698748],[115.26125639677043,-8.683839041698748],[115.26128187775613,-8.683811201291823],[115.26130065321922,-8.683811201291823],[115.26128590106964,-8.683797943955192]]]}},{"type":"Feature","properties":{"class":1,"score":0.8197096274580274},"geometry":{"type":"Polygon","coordinates":[[[115.26080230295857,-8.683788447928578],[115.2607991594778,-8.68387545659076],[115.26074854943936,-8.683873669813623],[115.2607516929201,-8.68378666115103],[115.26080230295857,-8.683788447928578]]]}},{"type":"Feature","properties":{"class":1,"score":0.8849255968594835},"geometry":{"type":"Polygon","coordinates":[[[115.26158362627031,-8.683824458628454],[115.26158362627031,-8.683874836507655],[115.26156619191171,-8.683874836507655],[115.26156619191171,-8.683824458628456],[115.26158362627031,-8.683824458628454]]]}},{"type":"Feature","properties":{"class":1,"score":0.8584533477505893},"geometry":{"type":"Polygon","coordinates":[[[115.26158362627031,-8.68387748797498],[115.26158362627031,-8.683824458628454],[115.26159435510635,-8.683824458628454],[115.26159435510635,-8.683877487974982],[115.26158362627031,-8.68387748797498]]]}},{"type":"Feature","properties":{"class":1,"score":0.7900945999653055},"geometry":{"type":"Polygon","coordinates":[[[115.26235073804854,-8.68387748797498],[115.2623331905228,-8.683826905996925],[115.26236012578009,-8.68381782996014],[115.26237763312449,-8.683868319509877],[115.26235073804854,-8.68387748797498]]]}},{"type":"Feature","properties":{"class":1,"score":0.6462892953306436},"geometry":{"type":"Polygon","coordinates":[[[115.26223226938616,-8.68386133363294],[115.26226368876827,-8.683865568988496],[115.26226146083837,-8.683881719811286],[115.2622300386429,-8.68387748797498],[115.26223226938616,-8.68386133363294]]]}},{"type":"Feature","properties":{"class":1,"score":0.7769439247329678},"geometry":{"type":"Polygon","coordinates":[[[115.26148329344835,-8.68380285941337],[115.26147902011871,-8.68387748797498],[115.26141828319177,-8.683874088219294],[115.2614225563567,-8.683799460882769],[115.26148329344835,-8.68380285941337]]]}},{"type":"Feature","properties":{"class":1,"score":0.796944839753326},"geometry":{"type":"Polygon","coordinates":[[[115.26080176234247,-8.683819155693802],[115.26077762246129,-8.68388146517597],[115.26084065437317,-8.683876162241317],[115.26083797216415,-8.68383108729677],[115.26080176234247,-8.683819155693802]]]}},{"type":"Feature","properties":{"class":1,"score":0.6238208882987998},"geometry":{"type":"Polygon","coordinates":[[[115.26128187775613,-8.683811201291823],[115.26125639677043,-8.683837715965087],[115.26125773787496,-8.683888093844287],[115.261260420084,-8.683854950502708],[115.26130601763722,-8.683853624769045],[115.26130467653276,-8.683812527025486],[115.26128187775613,-8.683811201291823]]]}},{"type":"Feature","properties":{"class":1,"score":0.6986491268909932},"geometry":{"type":"Polygon","coordinates":[[[115.26166677474977,-8.683884116643297],[115.26166945695878,-8.683854950502708],[115.2616935237904,-8.683857112569632],[115.26169084158138,-8.683886278710055],[115.26166677474977,-8.683884116643297]]]}},{"type":"Feature","properties":{"class":1,"score":0.7772363036614776},"geometry":{"type":"Polygon","coordinates":[[[115.2610016159413,-8.68388508445726],[115.26099845590448,-8.683794493714684],[115.26106547768224,-8.683792209116875],[115.26106864213942,-8.683882790909633],[115.2610016159413,-8.68388508445726]]]}},{"type":"Feature","properties":{"class":1,"score":0.6612868446570176},"geometry":{"type":"Polygon","coordinates":[[[115.26130869984627,-8.683882790909633],[115.26128858327863,-8.683890745311613],[115.26127672535299,-8.683861452333796],[115.2612968419206,-8.683853497931192],[115.26130869984627,-8.683882790909633]]]}},{"type":"Feature","properties":{"class":1,"score":0.5872708827042751},"geometry":{"type":"Polygon","coordinates":[[[115.26128992438316,-8.683854950502708],[115.26128858327863,-8.683890745311613],[115.2612602621184,-8.683889705378048],[115.26126160322293,-8.683853910569043],[115.26128992438316,-8.683854950502708]]]}},{"type":"Feature","properties":{"class":1,"score":0.7859247963379492},"geometry":{"type":"Polygon","coordinates":[[[115.26118263602254,-8.683808549824498],[115.26116520166394,-8.683812527025486],[115.26115044951437,-8.683852299035381],[115.26115313172339,-8.68388941957795],[115.26122689247133,-8.683888093844287],[115.26121482253075,-8.683872185040329],[115.26121884584425,-8.683845670367063],[115.26121348142622,-8.68386025343736],[115.26121214032173,-8.683837715965087],[115.2611866593361,-8.683835064497758],[115.26118263602254,-8.683808549824498]]]}},{"type":"Feature","properties":{"class":1,"score":0.6756365358696848},"geometry":{"type":"Polygon","coordinates":[[[115.26132613420486,-8.68388941957795],[115.26133821574362,-8.683835643883057],[115.26138380169868,-8.683845670367063],[115.26137171182008,-8.683899419384637],[115.26132613420486,-8.68388941957795]]]}},{"type":"Feature","properties":{"class":1,"score":0.7176204099126255},"geometry":{"type":"Polygon","coordinates":[[[115.26125639677043,-8.683839041698748],[115.26125237345695,-8.683894722512601],[115.26122434758649,-8.683892743321028],[115.26122837090003,-8.683837062506884],[115.26125639677043,-8.683839041698748]]]}},{"type":"Feature","properties":{"class":1,"score":0.822918000459671},"geometry":{"type":"Polygon","coordinates":[[[115.26158899068831,-8.683898699713591],[115.2615675330162,-8.683897373979928],[115.26156890225828,-8.683875831239705],[115.26159035993038,-8.683877156973441],[115.26158899068831,-8.683898699713591]]]}},{"type":"Feature","properties":{"class":1,"score":0.6682600523575698},"geometry":{"type":"Polygon","coordinates":[[[115.2622300386429,-8.68387748797498],[115.26226490736009,-8.683878813708644],[115.26226408788943,-8.683900045249775],[115.2622292191723,-8.683898719516186],[115.2622300386429,-8.68387748797498]]]}},{"type":"Feature","properties":{"class":1,"score":0.7992274614964953},"geometry":{"type":"Polygon","coordinates":[[[115.26163324713707,-8.683823132894792],[115.26163324713707,-8.683901351180914],[115.26158899068831,-8.683901351180914],[115.26158899068831,-8.683823132894792],[115.26163324713707,-8.683823132894792]]]}},{"type":"Feature","properties":{"class":1,"score":0.8488007782144676},"geometry":{"type":"Polygon","coordinates":[[[115.26153534650801,-8.683828435829446],[115.26153266429901,-8.683897373979928],[115.2615675330162,-8.683897373979928],[115.26156887412073,-8.683878813708644],[115.26158362627031,-8.683874836507655],[115.2615675330162,-8.683857601970033],[115.26156619191171,-8.683829761563107],[115.26153534650801,-8.683828435829446]]]}},{"type":"Feature","properties":{"class":1,"score":0.5292177663565917},"geometry":{"type":"Polygon","coordinates":[[[115.26073225938113,-8.683891869950866],[115.26075312511473,-8.683893588832909],[115.26075154352895,-8.683912350249296],[115.26073068380354,-8.683910631316559],[115.26073225938113,-8.683891869950866]]]}},{"type":"Feature","properties":{"class":1,"score":0.6666127060314657},"geometry":{"type":"Polygon","coordinates":[[[115.2606649696827,-8.683909305582898],[115.26066362857817,-8.683848321834391],[115.26071051541453,-8.683847323575717],[115.260711856519,-8.683908307324385],[115.2606649696827,-8.683909305582898]]]}},{"type":"Feature","properties":{"class":1,"score":0.6743430708673098},"geometry":{"type":"Polygon","coordinates":[[[115.26140772456124,-8.683903187134481],[115.26143074035645,-8.683876162241317],[115.26144445175034,-8.683887499582823],[115.2614213526249,-8.683914608517547],[115.26140772456124,-8.683903187134481]]]}},{"type":"Feature","properties":{"class":1,"score":0.7160251000833404},"geometry":{"type":"Polygon","coordinates":[[[115.2608245611191,-8.683882790909633],[115.26082590222356,-8.683921237185864],[115.26075407235972,-8.683923692058826],[115.26075273125527,-8.683885245782847],[115.2608245611191,-8.683882790909633]]]}},{"type":"Feature","properties":{"class":1,"score":0.7756225531290302},"geometry":{"type":"Polygon","coordinates":[[[115.26173919439314,-8.683902676914581],[115.26173919439314,-8.683925214386852],[115.26169762015343,-8.683925214386852],[115.26169762015343,-8.683902676914581],[115.26173919439314,-8.683902676914581]]]}},{"type":"Feature","properties":{"class":1,"score":0.83459200742903},"geometry":{"type":"Polygon","coordinates":[[[115.2618786692619,-8.683925214386852],[115.26181295514105,-8.68391858571854],[115.26182002013466,-8.683850089040691],[115.26188573425553,-8.683856717710217],[115.2618786692619,-8.683925214386852]]]}},{"type":"Feature","properties":{"class":1,"score":0.6941889622566862},"geometry":{"type":"Polygon","coordinates":[[[115.26095062494278,-8.683892071045275],[115.26095196604727,-8.683921237185864],[115.26089295339838,-8.683923888788858],[115.26089161229392,-8.683894722648478],[115.26095062494278,-8.683892071045275]]]}},{"type":"Feature","properties":{"class":1,"score":0.6897866652542263},"geometry":{"type":"Polygon","coordinates":[[[115.260718613863,-8.683921237185864],[115.26066470140422,-8.683919907021975],[115.26066513029167,-8.683902948230337],[115.26071904252662,-8.683904280588623],[115.260718613863,-8.683921237185864]]]}},{"type":"Feature","properties":{"class":1,"score":0.812629479943341},"geometry":{"type":"Polygon","coordinates":[[[115.26141196489334,-8.683931843055168],[115.26141196489334,-8.683906654115571],[115.26142537593843,-8.683906654115571],[115.26142537593843,-8.683931843055168],[115.26141196489334,-8.683931843055168]]]}},{"type":"Feature","properties":{"class":1,"score":0.766878957475127},"geometry":{"type":"Polygon","coordinates":[[[115.26128321886063,-8.683902676914581],[115.26135161519049,-8.683902676914581],[115.26135161519049,-8.68393582025616],[115.26128321886063,-8.68393582025616],[115.26128321886063,-8.683902676914581]]]}},{"type":"Feature","properties":{"class":1,"score":0.729839261924106},"geometry":{"type":"Polygon","coordinates":[[[115.2610983604686,-8.683943745027179],[115.26108875870705,-8.68388676811062],[115.26112094177617,-8.683881471418317],[115.26113054698102,-8.683938442117462],[115.2610983604686,-8.683943745027179]]]}},{"type":"Feature","properties":{"class":1,"score":0.7814943910001995},"geometry":{"type":"Polygon","coordinates":[[[115.26108473539352,-8.683942448924475],[115.26108607649805,-8.68391858571854],[115.26109944163635,-8.683919318477328],[115.26109810053184,-8.683943181683217],[115.26108473539352,-8.683942448924475]]]}},{"type":"Feature","properties":{"class":1,"score":0.7702409677603825},"geometry":{"type":"Polygon","coordinates":[[[115.26103511452673,-8.683946426125463],[115.26103511452673,-8.68388676811062],[115.26108875870705,-8.68388676811062],[115.26108875870705,-8.683946426125463],[115.26103511452673,-8.683946426125463]]]}},{"type":"Feature","properties":{"class":1,"score":0.6917070367196827},"geometry":{"type":"Polygon","coordinates":[[[115.26125371456145,-8.683909305582898],[115.26126444339754,-8.683955706261107],[115.26123628327115,-8.683962043381456],[115.26122555443513,-8.683915642704028],[115.26125371456145,-8.683909305582898]]]}},{"type":"Feature","properties":{"class":1,"score":0.5852178651621823},"geometry":{"type":"Polygon","coordinates":[[[115.26199668645859,-8.683913282783886],[115.26199266314504,-8.68395703199477],[115.2619652111877,-8.683954566563138],[115.26196923450127,-8.683910817351968],[115.26199668645859,-8.683913282783886]]]}},{"type":"Feature","properties":{"class":1,"score":0.7377072919017347},"geometry":{"type":"Polygon","coordinates":[[[115.26128053665161,-8.683904002648244],[115.26128187775613,-8.683961009195759],[115.26126299112371,-8.683961456392145],[115.26126165001915,-8.683904449844697],[115.26128053665161,-8.683904002648244]]]}},{"type":"Feature","properties":{"class":1,"score":0.7540937213054738},"geometry":{"type":"Polygon","coordinates":[[[115.26169762015343,-8.683902676914581],[115.26166945695878,-8.683914608517547],[115.2616748213768,-8.68395172906012],[115.2617190778255,-8.683961009195759],[115.2617190778255,-8.68393582025616],[115.26173919439314,-8.683925214386852],[115.26170030236244,-8.68392388865319],[115.26169762015343,-8.683902676914581]]]}},{"type":"Feature","properties":{"class":1,"score":0.7988001912113278},"geometry":{"type":"Polygon","coordinates":[[[115.26149243116379,-8.683959683462096],[115.26141732931136,-8.68395305479378],[115.26142422330281,-8.683876793113319],[115.26149932515523,-8.683883421782982],[115.26149243116379,-8.683959683462096]]]}},{"type":"Feature","properties":{"class":1,"score":0.788621002115117},"geometry":{"type":"Polygon","coordinates":[[[115.26173919439314,-8.683902676914581],[115.26173919439314,-8.683934494522498],[115.2617190778255,-8.68393582025616],[115.2617190778255,-8.683961009195759],[115.26180356740949,-8.68395703199477],[115.26179552078246,-8.683904002648244],[115.26173919439314,-8.683902676914581]]]}},{"type":"Feature","properties":{"class":1,"score":0.6724381826647076},"geometry":{"type":"Polygon","coordinates":[[[115.26164567378618,-8.683961072118517],[115.26157346412472,-8.683958326655343],[115.26157474382605,-8.683925435927854],[115.26164695348753,-8.683928181391266],[115.26164567378618,-8.683961072118517]]]}},{"type":"Feature","properties":{"class":1,"score":0.8041957792713479},"geometry":{"type":"Polygon","coordinates":[[[115.26152059435846,-8.683959683462096],[115.26152059435846,-8.683905328381908],[115.26157423853874,-8.683905328381908],[115.26157423853874,-8.683959683462096],[115.26152059435846,-8.683959683462096]]]}},{"type":"Feature","properties":{"class":1,"score":0.6950017173974294},"geometry":{"type":"Polygon","coordinates":[[[115.26166677474977,-8.683959683462096],[115.26164397597314,-8.683961009195759],[115.26164158513032,-8.68392082827852],[115.26166438390692,-8.683919502544715],[115.26166677474977,-8.683959683462096]]]}},{"type":"Feature","properties":{"class":1,"score":0.6839312985687559},"geometry":{"type":"Polygon","coordinates":[[[115.26138143276931,-8.683970586092439],[115.2613690495491,-8.683898699713591],[115.26141031520362,-8.683891739125192],[115.26142269372941,-8.683963660663085],[115.26138143276931,-8.683970586092439]]]}},{"type":"Feature","properties":{"class":1,"score":0.8466344981652438},"geometry":{"type":"Polygon","coordinates":[[[115.26184782385828,-8.683925214386852],[115.2618786692619,-8.683925214386852],[115.2618786692619,-8.683964986396749],[115.26184782385828,-8.683964986396749],[115.26184782385828,-8.683925214386852]]]}},{"type":"Feature","properties":{"class":1,"score":0.7320626187882695},"geometry":{"type":"Polygon","coordinates":[[[115.26101633906364,-8.683901351180914],[115.26097074151039,-8.683907979849234],[115.26096940040587,-8.683943774658138],[115.26097610592839,-8.683959683462096],[115.26100426912308,-8.683967637864075],[115.26100426912308,-8.68393582025616],[115.26102438569066,-8.68393582025616],[115.26102438569066,-8.683921237185864],[115.26101633906364,-8.683901351180914]]]}},{"type":"Feature","properties":{"class":1,"score":0.7845678619709712},"geometry":{"type":"Polygon","coordinates":[[[115.26100426912308,-8.683967637864075],[115.26100426912308,-8.68393582025616],[115.26102572679521,-8.68393582025616],[115.26102572679521,-8.683967637864075],[115.26100426912308,-8.683967637864075]]]}},{"type":"Feature","properties":{"class":1,"score":0.7656151282699183},"geometry":{"type":"Polygon","coordinates":[[[115.26128187775613,-8.68393582025616],[115.26135161519049,-8.68393582025616],[115.26135161519049,-8.683961009195759],[115.26128187775613,-8.683961009195759],[115.26128187775613,-8.68393582025616]]]}},{"type":"Feature","properties":{"class":1,"score":0.8370060376193528},"geometry":{"type":"Polygon","coordinates":[[[115.26184782385828,-8.683964986396749],[115.26180356740949,-8.683958357728432],[115.26180974397943,-8.683918110095187],[115.26185400042819,-8.683924738764214],[115.26184782385828,-8.683964986396749]]]}},{"type":"Feature","properties":{"class":1,"score":0.7674795784793387},"geometry":{"type":"Polygon","coordinates":[[[115.26199668645859,-8.683911957050222],[115.26206693231185,-8.683920223125108],[115.26206105947493,-8.683968963597739],[115.26199081988973,-8.683960696901329],[115.26199668645859,-8.683911957050222]]]}},{"type":"Feature","properties":{"class":1,"score":0.8131346157389486},"geometry":{"type":"Polygon","coordinates":[[[115.26093810142524,-8.68394124345609],[115.26088759303093,-8.683972940798729],[115.26086622406778,-8.6839395782128],[115.26091676279242,-8.683907937203442],[115.26093810142524,-8.68394124345609]]]}},{"type":"Feature","properties":{"class":1,"score":0.6603983335866959},"geometry":{"type":"Polygon","coordinates":[[[115.26135966181754,-8.683988849602684],[115.26135966181754,-8.683963660663085],[115.26142269372941,-8.683963660663085],[115.26142269372941,-8.683988849602684],[115.26135966181754,-8.683988849602684]]]}},{"type":"Feature","properties":{"class":1,"score":0.7129743064772366},"geometry":{"type":"Polygon","coordinates":[[[115.26097610592839,-8.683959683462096],[115.26102911043219,-8.683968184162554],[115.26102464897072,-8.683995381042168],[115.26097163762226,-8.683986883134507],[115.26097610592839,-8.683959683462096]]]}},{"type":"Feature","properties":{"class":1,"score":0.7539722374088816},"geometry":{"type":"Polygon","coordinates":[[[115.26119872927667,-8.683945100391801],[115.26119336485861,-8.683994152537338],[115.26115610608589,-8.683990172612493],[115.26116147050395,-8.683941120466436],[115.26119872927667,-8.683945100391801]]]}},{"type":"Feature","properties":{"class":1,"score":0.8115243221300878},"geometry":{"type":"Polygon","coordinates":[[[115.26092782616614,-8.683925214386852],[115.26092782616614,-8.683947751859124],[115.26088893413542,-8.683972940798729],[115.26089563965797,-8.68400343267298],[115.26094391942024,-8.68400343267298],[115.26096537709238,-8.683974266532392],[115.26095464825632,-8.683929191587845],[115.26092782616614,-8.683925214386852]]]}},{"type":"Feature","properties":{"class":1,"score":0.8409412328475787},"geometry":{"type":"Polygon","coordinates":[[[115.26071593165399,-8.684006084140307],[115.260718613863,-8.683950403326454],[115.2607440425733,-8.683951601903189],[115.2607413603643,-8.684007282716863],[115.26071593165399,-8.684006084140307]]]}},{"type":"Feature","properties":{"class":1,"score":0.6648853273051125},"geometry":{"type":"Polygon","coordinates":[[[115.26194706559181,-8.683978243733378],[115.26195242166226,-8.684004755580125],[115.26194391080507,-8.684006438233638],[115.26193854638575,-8.68397992355384],[115.26194706559181,-8.683978243733378]]]}},{"type":"Feature","properties":{"class":1,"score":0.7174517660080886},"geometry":{"type":"Polygon","coordinates":[[[115.26157826185222,-8.683994152537338],[115.26160176142912,-8.68399570074067],[115.2616010606289,-8.684006084140307],[115.26157756219976,-8.684004535053937],[115.26157826185222,-8.683994152537338]]]}},{"type":"Feature","properties":{"class":1,"score":0.7664875427777971},"geometry":{"type":"Polygon","coordinates":[[[115.2608473598957,-8.684006084140307],[115.26077429203724,-8.683994036195305],[115.26078599957542,-8.683924596425118],[115.2608590716849,-8.683936635528346],[115.2608473598957,-8.684006084140307]]]}},{"type":"Feature","properties":{"class":1,"score":0.771009561121136},"geometry":{"type":"Polygon","coordinates":[[[115.26072934269904,-8.683926540120515],[115.26071995496747,-8.683950403326454],[115.26074007153511,-8.683970289331404],[115.26074141263963,-8.684006084140307],[115.2607601881027,-8.684010061341295],[115.26077762246129,-8.683967637864075],[115.2607749402523,-8.683933168788831],[115.26072934269904,-8.683926540120515]]]}},{"type":"Feature","properties":{"class":1,"score":0.753245125193345},"geometry":{"type":"Polygon","coordinates":[[[115.26161178946495,-8.683971615065063],[115.26160374283792,-8.684010061341295],[115.26157518577544,-8.684004226908264],[115.26158323240247,-8.683965780631432],[115.26161178946495,-8.683971615065063]]]}},{"type":"Feature","properties":{"class":1,"score":0.7269508878806394},"geometry":{"type":"Polygon","coordinates":[[[115.26162262001489,-8.683968638858222],[115.26166945695878,-8.683970289331404],[115.26166800229325,-8.684010391868167],[115.26162117719652,-8.68400873560763],[115.26162262001489,-8.683968638858222]]]}},{"type":"Feature","properties":{"class":1,"score":0.5564508869213128},"geometry":{"type":"Polygon","coordinates":[[[115.26143744587894,-8.684004758406642],[115.26144817471503,-8.683984872401696],[115.26145978957395,-8.683991029173637],[115.26144906073789,-8.684010915178265],[115.26143744587894,-8.684004758406642]]]}},{"type":"Feature","properties":{"class":1,"score":0.7113170363255684},"geometry":{"type":"Polygon","coordinates":[[[115.26231452822682,-8.684006084140307],[115.26233598589899,-8.68399945547199],[115.26233894138464,-8.684008800646263],[115.26231748371251,-8.684015429314409],[115.26231452822682,-8.684006084140307]]]}},{"type":"Feature","properties":{"class":1,"score":0.6798566031060096},"geometry":{"type":"Polygon","coordinates":[[[115.26161178946495,-8.683971615065063],[115.26161178946495,-8.683987523869023],[115.26160374283792,-8.684011387074957],[115.26162251830101,-8.684010061341295],[115.26161178946495,-8.683971615065063]]]}},{"type":"Feature","properties":{"class":1,"score":0.7608554001069732},"geometry":{"type":"Polygon","coordinates":[[[115.26065826416017,-8.684014038542283],[115.26065826416017,-8.68395172906012],[115.2606676518917,-8.68395172906012],[115.2606676518917,-8.684014038542285],[115.26065826416017,-8.684014038542283]]]}},{"type":"Feature","properties":{"class":1,"score":0.810025959197829},"geometry":{"type":"Polygon","coordinates":[[[115.2606676518917,-8.684014038542283],[115.2606662466384,-8.683956897158353],[115.26071593165399,-8.683955706261107],[115.26071734575031,-8.68401283335772],[115.2606676518917,-8.684014038542283]]]}},{"type":"Feature","properties":{"class":1,"score":0.8257204504876301},"geometry":{"type":"Polygon","coordinates":[[[115.26103969964538,-8.683954669519634],[115.2610901758171,-8.683950392578415],[115.2610954642296,-8.684011387074957],[115.26104498801426,-8.684015659711234],[115.26103969964538,-8.683954669519634]]]}},{"type":"Feature","properties":{"class":1,"score":0.7815991176714684},"geometry":{"type":"Polygon","coordinates":[[[115.2616653960113,-8.683970168245796],[115.26171607747355,-8.683971641792416],[115.26171477229512,-8.684015509024166],[115.26166409254073,-8.684014038542283],[115.2616653960113,-8.683970168245796]]]}},{"type":"Feature","properties":{"class":1,"score":0.7704489780037771},"geometry":{"type":"Polygon","coordinates":[[[115.26236012578009,-8.684016690009612],[115.2623426914215,-8.684010061341295],[115.262349227262,-8.683993281954724],[115.26236666162062,-8.68399991062334],[115.26236012578009,-8.684016690009612]]]}},{"type":"Feature","properties":{"class":1,"score":0.7163114792788376},"geometry":{"type":"Polygon","coordinates":[[[115.26198679730572,-8.68397604545976],[115.26199266314504,-8.684016690009612],[115.26195831223865,-8.684021544589385],[115.26195243000984,-8.683980895200706],[115.26198679730572,-8.68397604545976]]]}},{"type":"Feature","properties":{"class":1,"score":0.6589668371460654},"geometry":{"type":"Polygon","coordinates":[[[115.26177186335188,-8.683991157532853],[115.26176735758783,-8.684019341476937],[115.26174408435972,-8.684015708724306],[115.26174858212471,-8.683987523869023],[115.26177186335188,-8.683991157532853]]]}},{"type":"Feature","properties":{"class":1,"score":0.5814678222968661},"geometry":{"type":"Polygon","coordinates":[[[115.26221997318106,-8.684017359984095],[115.2622340619564,-8.683975592266053],[115.26225819468367,-8.683983553704358],[115.2622441130746,-8.68402531434833],[115.26221997318106,-8.684017359984095]]]}},{"type":"Feature","properties":{"class":1,"score":0.7612179554007352},"geometry":{"type":"Polygon","coordinates":[[[115.26230111718178,-8.684002106939317],[115.26230782270433,-8.684021992944265],[115.26228166066159,-8.684030600057492],[115.26227495513906,-8.684010714053],[115.26230111718178,-8.684002106939317]]]}},{"type":"Feature","properties":{"class":1,"score":0.7770264168173342},"geometry":{"type":"Polygon","coordinates":[[[115.2616024017334,-8.684031273079906],[115.26154875755309,-8.684027295878916],[115.26155064397277,-8.684002346178902],[115.26160428815305,-8.684006323380157],[115.2616024017334,-8.684031273079906]]]}},{"type":"Feature","properties":{"class":1,"score":0.8035385764078863},"geometry":{"type":"Polygon","coordinates":[[[115.26181161403656,-8.684031273079906],[115.26181697845458,-8.683964986396749],[115.26184160721375,-8.683966933827277],[115.26183624279572,-8.68403322051009],[115.26181161403656,-8.684031273079906]]]}},{"type":"Feature","properties":{"class":1,"score":0.7497576859804932},"geometry":{"type":"Polygon","coordinates":[[[115.26185983211413,-8.684034997267887],[115.26186400675815,-8.683968968514755],[115.2619266264251,-8.683972837367492],[115.26192245178107,-8.684038866119938],[115.26185983211413,-8.684034997267887]]]}},{"type":"Feature","properties":{"class":1,"score":0.7442871448605559},"geometry":{"type":"Polygon","coordinates":[[[115.26231721043587,-8.684035250280896],[115.26232793927194,-8.684019341476937],[115.26234247342575,-8.684028942306238],[115.26233174458967,-8.684044851109784],[115.26231721043587,-8.684035250280896]]]}},{"type":"Feature","properties":{"class":1,"score":0.7183713708734755},"geometry":{"type":"Polygon","coordinates":[[[115.26229038834573,-8.68404187894921],[115.26227088355799,-8.68403774207224],[115.2622742950916,-8.684021992944265],[115.26229380666739,-8.684026120892604],[115.26229038834573,-8.68404187894921]]]}},{"type":"Feature","properties":{"class":1,"score":0.8572866799548486},"geometry":{"type":"Polygon","coordinates":[[[115.26160374283792,-8.684011387074957],[115.26166759784684,-8.684009940817376],[115.26166844876383,-8.684046951851661],[115.26160459640623,-8.684048386408902],[115.26160374283792,-8.684011387074957]]]}},{"type":"Feature","properties":{"class":1,"score":0.7559910749442109},"geometry":{"type":"Polygon","coordinates":[[[115.26231050491334,-8.684028621612581],[115.26231050491334,-8.684048507617527],[115.26229441165924,-8.684048507617527],[115.26229441165924,-8.684028621612581],[115.26231050491334,-8.684028621612581]]]}},{"type":"Feature","properties":{"class":1,"score":0.7650935273421439},"geometry":{"type":"Polygon","coordinates":[[[115.26236961386746,-8.684032000468576],[115.26236640451977,-8.684052622136726],[115.26234805583955,-8.68404983335119],[115.26235127251684,-8.684029211078384],[115.26236961386746,-8.684032000468576]]]}},{"type":"Feature","properties":{"class":1,"score":0.5254606486424892},"geometry":{"type":"Polygon","coordinates":[[[115.26065826416017,-8.684025970145253],[115.26067033410071,-8.684047181883862],[115.2606588721403,-8.68405355296984],[115.26064680219977,-8.684032341231596],[115.26065826416017,-8.684025970145253]]]}},{"type":"Feature","properties":{"class":1,"score":0.7442955366996904},"geometry":{"type":"Polygon","coordinates":[[[115.26185930128936,-8.684033860723742],[115.2618846187176,-8.68403664153005],[115.26188252527493,-8.684055266469896],[115.2618572115898,-8.684052484818517],[115.26185930128936,-8.684033860723742]]]}},{"type":"Feature","properties":{"class":1,"score":0.5479173303088721},"geometry":{"type":"Polygon","coordinates":[[[115.26067033410071,-8.68402464441159],[115.26070570989761,-8.684025988242926],[115.26070454905344,-8.68405582410392],[115.26066916528598,-8.684054478787782],[115.26067033410071,-8.68402464441159]]]}},{"type":"Feature","properties":{"class":1,"score":0.632893321742632},"geometry":{"type":"Polygon","coordinates":[[[115.2608756688617,-8.684030207641602],[115.26092112064362,-8.684027295878916],[115.2609229438541,-8.684055246834179],[115.26087749221772,-8.684058145588802],[115.2608756688617,-8.684030207641602]]]}},{"type":"Feature","properties":{"class":1,"score":0.7702579064949139},"geometry":{"type":"Polygon","coordinates":[[[115.26152461767197,-8.684063090687818],[115.26152461767197,-8.68404187894921],[115.2615460753441,-8.68404187894921],[115.2615460753441,-8.684063090687818],[115.26152461767197,-8.684063090687818]]]}},{"type":"Feature","properties":{"class":1,"score":0.8354154126635085},"geometry":{"type":"Polygon","coordinates":[[[115.26136108224934,-8.684063033260461],[115.26135966181754,-8.683988849602684],[115.26142798761485,-8.683987569305813],[115.26142939925191,-8.684061764954158],[115.26136108224934,-8.684063033260461]]]}},{"type":"Feature","properties":{"class":1,"score":0.7818600414971353},"geometry":{"type":"Polygon","coordinates":[[[115.26131406426427,-8.684064416421485],[115.26130467653276,-8.683972940798729],[115.26134265291012,-8.683969131367682],[115.26135204064164,-8.684060606991366],[115.26131406426427,-8.684064416421485]]]}},{"type":"Feature","properties":{"class":1,"score":0.7436371032835698},"geometry":{"type":"Polygon","coordinates":[[[115.26199400424956,-8.684064416421485],[115.26196047663687,-8.684057787753167],[115.26196749491308,-8.684023103313741],[115.26200102252578,-8.684029731982669],[115.26199400424956,-8.684064416421485]]]}},{"type":"Feature","properties":{"class":1,"score":0.6035842507138965},"geometry":{"type":"Polygon","coordinates":[[[115.2610000202285,-8.684046952828973],[115.26102867854519,-8.684051202307103],[115.26102622913089,-8.684067344489915],[115.26099756360055,-8.684063090687818],[115.2610000202285,-8.684046952828973]]]}},{"type":"Feature","properties":{"class":1,"score":0.514777276913325},"geometry":{"type":"Polygon","coordinates":[[[115.26108071208002,-8.684052484818517],[115.26110430956038,-8.684057873740036],[115.26110141637591,-8.68407026711183],[115.26107781141847,-8.684064882247439],[115.26108071208002,-8.684052484818517]]]}},{"type":"Feature","properties":{"class":1,"score":0.6603193092001539},"geometry":{"type":"Polygon","coordinates":[[[115.26092916727065,-8.684071045089802],[115.2609023451805,-8.684060439220495],[115.26091648940596,-8.684025481025818],[115.26094331149609,-8.684036086896114],[115.26092916727065,-8.684071045089802]]]}},{"type":"Feature","properties":{"class":1,"score":0.6952677589320583},"geometry":{"type":"Polygon","coordinates":[[[115.26196128164717,-8.684005663490051],[115.26195667603037,-8.68407623235978],[115.2619011001024,-8.684072687930733],[115.26190570571924,-8.684002119060334],[115.26196128164717,-8.684005663490051]]]}},{"type":"Feature","properties":{"class":1,"score":0.6852090293643894},"geometry":{"type":"Polygon","coordinates":[[[115.2618572115898,-8.684052484818517],[115.26189342141151,-8.684028621612581],[115.2619175460644,-8.684064389447125],[115.26188133624268,-8.684088252650792],[115.2618572115898,-8.684052484818517]]]}},{"type":"Feature","properties":{"class":1,"score":0.6420097621396567},"geometry":{"type":"Polygon","coordinates":[[[115.26233330368994,-8.68407502229079],[115.2622689306736,-8.684080325225441],[115.26226734595859,-8.684061463175567],[115.26233171897496,-8.684056160240655],[115.26233330368994,-8.68407502229079]]]}},{"type":"Feature","properties":{"class":1,"score":0.658846338554252},"geometry":{"type":"Polygon","coordinates":[[[115.26093215838206,-8.684074710631402],[115.26094286931902,-8.68403689571953],[115.26097744157462,-8.684046464950356],[115.26096671819684,-8.684084302426434],[115.26093215838206,-8.684074710631402]]]}},{"type":"Feature","properties":{"class":1,"score":0.8214546507976703},"geometry":{"type":"Polygon","coordinates":[[[115.26154875755309,-8.684027295878916],[115.2616024017334,-8.684031273079906],[115.26159788682415,-8.684090695736902],[115.26154424264384,-8.684086718536543],[115.26154875755309,-8.684027295878916]]]}},{"type":"Feature","properties":{"class":1,"score":0.5715392721705341},"geometry":{"type":"Polygon","coordinates":[[[115.26067972183228,-8.684080325225441],[115.26070700606464,-8.684022116767071],[115.26074640055509,-8.684040163414341],[115.26071909773023,-8.684098404770923],[115.26067972183228,-8.684080325225441]]]}},{"type":"Feature","properties":{"class":1,"score":0.5674711706603102},"geometry":{"type":"Polygon","coordinates":[[[115.26187598705292,-8.684073696557125],[115.26187464594841,-8.684093582562074],[115.26185604309472,-8.684092357361898],[115.26185738419925,-8.684072471356885],[115.26187598705292,-8.684073696557125]]]}},{"type":"Feature","properties":{"class":1,"score":0.7386700948073024},"geometry":{"type":"Polygon","coordinates":[[[115.26081651449205,-8.684020667210602],[115.26081785559651,-8.68409225682841],[115.26074528162404,-8.684093572937998],[115.26074394051957,-8.684021983320442],[115.26081651449205,-8.684020667210602]]]}},{"type":"Feature","properties":{"class":1,"score":0.5905309971503295},"geometry":{"type":"Polygon","coordinates":[[[115.26105254888533,-8.6840962340294],[115.26106864213942,-8.684052484818517],[115.26110255872194,-8.684064692497504],[115.26108646546787,-8.684108441706964],[115.26105254888533,-8.6840962340294]]]}},{"type":"Feature","properties":{"class":1,"score":0.8360377133746321},"geometry":{"type":"Polygon","coordinates":[[[115.2614937722683,-8.684067067888812],[115.26149243116379,-8.684104188431379],[115.26145612214032,-8.684102904726373],[115.26145746324482,-8.684065784183678],[115.2614937722683,-8.684067067888812]]]}},{"type":"Feature","properties":{"class":1,"score":0.619810947998739},"geometry":{"type":"Polygon","coordinates":[[[115.26198863983156,-8.68407899949178],[115.26204986811544,-8.684081880194487],[115.26204893055065,-8.684101343284018],[115.26198769789845,-8.684098460863003],[115.26198863983156,-8.68407899949178]]]}},{"type":"Feature","properties":{"class":1,"score":0.5751376661318767},"geometry":{"type":"Polygon","coordinates":[[[115.26113972067833,-8.684104188431379],[115.26111021637915,-8.684106839898705],[115.26110898254367,-8.684093350793612],[115.26113848684285,-8.684090699326195],[115.26113972067833,-8.684104188431379]]]}},{"type":"Feature","properties":{"class":1,"score":0.8990954266030952},"geometry":{"type":"Polygon","coordinates":[[[115.26166811585426,-8.684014038542283],[115.2616587281227,-8.684047181883862],[115.2616010606289,-8.684035250280896],[115.26159435510635,-8.684089605361082],[115.26161715388298,-8.684089605361082],[115.2616238594055,-8.684105514165044],[115.26169359683988,-8.684106839898705],[115.26169762015343,-8.684019341476937],[115.26166811585426,-8.684014038542283]]]}},{"type":"Feature","properties":{"class":1,"score":0.5399179694922293},"geometry":{"type":"Polygon","coordinates":[[[115.26093120481754,-8.684064084493182],[115.26091521966178,-8.684118513413368],[115.26086087787765,-8.684102917677594],[115.26087686419488,-8.684048507617527],[115.26093120481754,-8.684064084493182]]]}},{"type":"Feature","properties":{"class":1,"score":0.7523539226092594},"geometry":{"type":"Polygon","coordinates":[[[115.2609734237194,-8.684116120034348],[115.26092380285263,-8.684118771501673],[115.26092141576387,-8.684075139741168],[115.26097103663064,-8.684072488273532],[115.2609734237194,-8.684116120034348]]]}},{"type":"Feature","properties":{"class":1,"score":0.7793787658763177},"geometry":{"type":"Polygon","coordinates":[[[115.26181158089098,-8.684121253893084],[115.26181296642388,-8.684032226455386],[115.26185812001002,-8.684032913160312],[115.2618567344771,-8.684121940597848],[115.26181158089098,-8.684121253893084]]]}},{"type":"Feature","properties":{"class":1,"score":0.6337035408772921},"geometry":{"type":"Polygon","coordinates":[[[115.26089722825064,-8.68411312854352],[115.26085540652275,-8.68412540016999],[115.26084810960202,-8.684101049841278],[115.26088993585016,-8.68408879891788],[115.26089722825064,-8.68411312854352]]]}},{"type":"Feature","properties":{"class":1,"score":0.7854568726147251},"geometry":{"type":"Polygon","coordinates":[[[115.26139721274374,-8.68412540016999],[115.26139721274374,-8.684084302426434],[115.26145085692406,-8.684084302426434],[115.26145085692406,-8.68412540016999],[115.26139721274374,-8.68412540016999]]]}},{"type":"Feature","properties":{"class":1,"score":0.7638659701671129},"geometry":{"type":"Polygon","coordinates":[[[115.26065826416017,-8.684133354571971],[115.2606663107872,-8.684097559763064],[115.26067397953736,-8.68409924165122],[115.26066593291031,-8.684135036459967],[115.26065826416017,-8.684133354571971]]]}},{"type":"Feature","properties":{"class":1,"score":0.7504455774397283},"geometry":{"type":"Polygon","coordinates":[[[115.26105254888533,-8.684133354571971],[115.26105254888533,-8.6840962340294],[115.26111155748367,-8.6840962340294],[115.26111155748367,-8.684133354571971],[115.26105254888533,-8.684133354571971]]]}},{"type":"Feature","properties":{"class":1,"score":0.7210352767954816},"geometry":{"type":"Polygon","coordinates":[[[115.26071459054947,-8.6840962340294],[115.26071459054947,-8.684134680305633],[115.2606676518917,-8.684134680305633],[115.2606676518917,-8.6840962340294],[115.26071459054947,-8.6840962340294]]]}},{"type":"Feature","properties":{"class":1,"score":0.6588522407073009},"geometry":{"type":"Polygon","coordinates":[[[115.2612778544426,-8.684137331772957],[115.26124969124793,-8.684137331772957],[115.26124969124793,-8.68410949136603],[115.2612778544426,-8.68410949136603],[115.2612778544426,-8.684137331772957]]]}},{"type":"Feature","properties":{"class":1,"score":0.8122865332610155},"geometry":{"type":"Polygon","coordinates":[[[115.26152461767197,-8.684061764954158],[115.26152193546292,-8.684133354571971],[115.26155680418015,-8.684137331772957],[115.26157155632973,-8.68410949136603],[115.26154473423958,-8.684098885496725],[115.2615460753441,-8.684063090687818],[115.26152461767197,-8.684061764954158]]]}},{"type":"Feature","properties":{"class":1,"score":0.5547128995178175},"geometry":{"type":"Polygon","coordinates":[[[115.26236549019815,-8.684120097235336],[115.26237487792969,-8.68413865750662],[115.26235074977023,-8.684150617459261],[115.2623413620387,-8.684132057188561],[115.26236549019815,-8.684120097235336]]]}},{"type":"Feature","properties":{"class":1,"score":0.7438438566794267},"geometry":{"type":"Polygon","coordinates":[[[115.26099216764753,-8.684137803175334],[115.2609977090648,-8.684061112501942],[115.26105479791097,-8.684065143517167],[115.26104925649372,-8.684141834189733],[115.26099216764753,-8.684137803175334]]]}},{"type":"Feature","properties":{"class":1,"score":0.5797495530562454},"geometry":{"type":"Polygon","coordinates":[[[115.26234537363054,-8.684139983240282],[115.26231050491334,-8.684142634707609],[115.26230898640003,-8.684123074460068],[115.26234385511722,-8.684120422992606],[115.26234537363054,-8.684139983240282]]]}},{"type":"Feature","properties":{"class":1,"score":0.7695813882555322},"geometry":{"type":"Polygon","coordinates":[[[115.26076689362526,-8.6840962340294],[115.260813832283,-8.6840962340294],[115.260813832283,-8.684158543511568],[115.26076689362526,-8.684158543511568],[115.26076689362526,-8.6840962340294]]]}},{"type":"Feature","properties":{"class":1,"score":0.5472628539496095},"geometry":{"type":"Polygon","coordinates":[[[115.2622394263744,-8.684158543511568],[115.26224613189697,-8.684116120034348],[115.26226707284606,-8.684119351907729],[115.26226036732349,-8.68416177538458],[115.2622394263744,-8.684158543511568]]]}},{"type":"Feature","properties":{"class":1,"score":0.489265134631286},"geometry":{"type":"Polygon","coordinates":[[[115.26202753186226,-8.684126725903653],[115.26203487865511,-8.68415719597433],[115.26202049487301,-8.68416058141225],[115.26201315620727,-8.684130112282443],[115.26202753186226,-8.684126725903653]]]}},{"type":"Feature","properties":{"class":1,"score":0.8058773697055174},"geometry":{"type":"Polygon","coordinates":[[[115.26109412312508,-8.684117445768013],[115.26109009981153,-8.684130703104643],[115.26105254888533,-8.684133354571971],[115.26105254888533,-8.684161194978893],[115.26109948754308,-8.684162520712558],[115.26109412312508,-8.684117445768013]]]}},{"type":"Feature","properties":{"class":1,"score":0.7061643278945037},"geometry":{"type":"Polygon","coordinates":[[[115.26105254888533,-8.684161194978893],[115.26103913784027,-8.684162520712558],[115.26103562723156,-8.684127740453759],[115.26104903827661,-8.684126414719975],[115.26105254888533,-8.684161194978893]]]}},{"type":"Feature","properties":{"class":1,"score":0.6268435340178641},"geometry":{"type":"Polygon","coordinates":[[[115.26076555252075,-8.684161194978893],[115.2607360482216,-8.684159869245232],[115.26073740982136,-8.684130402081925],[115.26076691412051,-8.684131727815693],[115.26076555252075,-8.684161194978893]]]}},{"type":"Feature","properties":{"class":1,"score":0.7514573196434343},"geometry":{"type":"Polygon","coordinates":[[[115.26109948754308,-8.684163846446223],[115.26109948754308,-8.684104188431379],[115.26114106178285,-8.684104188431379],[115.26114106178285,-8.684163846446223],[115.26109948754308,-8.684163846446223]]]}},{"type":"Feature","properties":{"class":1,"score":0.7770258294525793},"geometry":{"type":"Polygon","coordinates":[[[115.2609734237194,-8.684116120034348],[115.26097476482393,-8.684167823647211],[115.26091975048644,-8.684169228123606],[115.26091840938189,-8.684117524510937],[115.2609734237194,-8.684116120034348]]]}},{"type":"Feature","properties":{"class":1,"score":0.7025823223770236},"geometry":{"type":"Polygon","coordinates":[[[115.2609921991825,-8.684137331772957],[115.26104182004926,-8.684141308973947],[115.26103929248322,-8.684172063484489],[115.26098967161643,-8.684168086283826],[115.2609921991825,-8.684137331772957]]]}},{"type":"Feature","properties":{"class":1,"score":0.7486582204051639},"geometry":{"type":"Polygon","coordinates":[[[115.26084679531245,-8.684128428823925],[115.26091709733011,-8.684112142833358],[115.2609291214098,-8.684162918924358],[115.26085881236709,-8.68417918563022],[115.26084679531245,-8.684128428823925]]]}},{"type":"Feature","properties":{"class":1,"score":0.6603731732772018},"geometry":{"type":"Polygon","coordinates":[[[115.2618786692619,-8.684136006039298],[115.26186391711235,-8.684174452315524],[115.2618403154647,-8.684165581496478],[115.26185506761425,-8.68412713521934],[115.2618786692619,-8.684136006039298]]]}},{"type":"Feature","properties":{"class":1,"score":0.8039095055753902},"geometry":{"type":"Polygon","coordinates":[[[115.26195011577525,-8.684171656167052],[115.26189434869588,-8.684174483239579],[115.261891480034,-8.684119185802958],[115.26194724711337,-8.684116358730018],[115.26195011577525,-8.684171656167052]]]}},{"type":"Feature","properties":{"class":1,"score":0.6267894765388133},"geometry":{"type":"Polygon","coordinates":[[[115.26185855269432,-8.684108165632367],[115.26183709502219,-8.684124074436324],[115.26183307170868,-8.684110817099695],[115.26181295514105,-8.684121422969],[115.26181295514105,-8.684157217777903],[115.26184245944025,-8.684155892044238],[115.26184380054471,-8.68417975525018],[115.26186391711235,-8.68417975525018],[115.26185050606729,-8.684169149380873],[115.26185855269432,-8.684108165632367]]]}},{"type":"Feature","properties":{"class":1,"score":0.6088045850734819},"geometry":{"type":"Polygon","coordinates":[[[115.2609358727932,-8.684163846446223],[115.26093989610673,-8.68418505818483],[115.26091681658932,-8.684189314075446],[115.26091279327578,-8.684168102337079],[115.2609358727932,-8.684163846446223]]]}},{"type":"Feature","properties":{"class":1,"score":0.731532639450086},"geometry":{"type":"Polygon","coordinates":[[[115.26121616363524,-8.68411346856702],[115.26113837957384,-8.684105514165044],[115.26113435626027,-8.6841466119086],[115.2611745893955,-8.6841466119086],[115.26117727160454,-8.684175778049187],[115.26120811700821,-8.684186383918492],[115.26122689247133,-8.684163846446223],[115.26121079921721,-8.684147937642264],[115.26121616363524,-8.68411346856702]]]}},{"type":"Feature","properties":{"class":1,"score":0.7164378712865731},"geometry":{"type":"Polygon","coordinates":[[[115.26208491265297,-8.684128679964516],[115.26206620765817,-8.684198533382764],[115.26201194765379,-8.684184335146485],[115.26203065264859,-8.684114481725594],[115.26208491265297,-8.684128679964516]]]}},{"type":"Feature","properties":{"class":1,"score":0.7423229230925915},"geometry":{"type":"Polygon","coordinates":[[[115.26124969124793,-8.684137331772957],[115.26130601763722,-8.684142634707609],[115.26130149576717,-8.68418949496847],[115.26124516937786,-8.68418419203448],[115.26124969124793,-8.684137331772957]]]}},{"type":"Feature","properties":{"class":1,"score":0.7237516608841889},"geometry":{"type":"Polygon","coordinates":[[[115.26152045922962,-8.684185165310778],[115.26153266429901,-8.68413865750662],[115.26156910100859,-8.684147990156864],[115.26155690177616,-8.68419450503358],[115.26152045922962,-8.684185165310778]]]}},{"type":"Feature","properties":{"class":1,"score":0.5702639414866766},"geometry":{"type":"Polygon","coordinates":[[[115.26202484965324,-8.684187709652157],[115.26198059320448,-8.684187709652157],[115.26198059320448,-8.684162520712556],[115.26202484965324,-8.684162520712556],[115.26202484965324,-8.684187709652157]]]}},{"type":"Feature","properties":{"class":1,"score":0.6722304251806384},"geometry":{"type":"Polygon","coordinates":[[[115.26194840669633,-8.684191686853145],[115.2619484066963,-8.684122748702665],[115.26198595762257,-8.684122748702665],[115.26198595762257,-8.684191686853145],[115.26194840669633,-8.684191686853145]]]}},{"type":"Feature","properties":{"class":1,"score":0.6820519409369473},"geometry":{"type":"Polygon","coordinates":[[[115.26099716809202,-8.684168984478905],[115.26103779673578,-8.684170475114536],[115.26103684272822,-8.684195822412724],[115.26099622249603,-8.684194338320475],[115.26099716809202,-8.684168984478905]]]}},{"type":"Feature","properties":{"class":1,"score":0.7198061012483125},"geometry":{"type":"Polygon","coordinates":[[[115.26226490736009,-8.684194338320475],[115.26222869753838,-8.6841969897878],[115.26222587955041,-8.684159432360774],[115.26226208937216,-8.684156780893181],[115.26226490736009,-8.684194338320475]]]}},{"type":"Feature","properties":{"class":1,"score":0.7299619641986372},"geometry":{"type":"Polygon","coordinates":[[[115.26097409018195,-8.684160528229613],[115.26097766279541,-8.684199376562251],[115.26094078241954,-8.684202690875884],[115.26093721389769,-8.684163846446223],[115.26097409018195,-8.684160528229613]]]}},{"type":"Feature","properties":{"class":1,"score":0.8066306521190717},"geometry":{"type":"Polygon","coordinates":[[[115.26162520051003,-8.684166497913548],[115.26168714837955,-8.684162413341719],[115.26168957352637,-8.684198315521462],[115.26162761761083,-8.68420239652809],[115.26162520051003,-8.684166497913548]]]}},{"type":"Feature","properties":{"class":1,"score":0.6107083120255706},"geometry":{"type":"Polygon","coordinates":[[[115.26148304343222,-8.684199641255125],[115.26144281029703,-8.684190361119484],[115.26144637741142,-8.68417528121279],[115.26148661054664,-8.684184561348804],[115.26148304343222,-8.684199641255125]]]}},{"type":"Feature","properties":{"class":1,"score":0.570044136000058},"geometry":{"type":"Polygon","coordinates":[[[115.26185381321328,-8.684203919862918],[115.26186391711235,-8.68418108098384],[115.26187540721757,-8.68418599849984],[115.26186525821687,-8.684208921390765],[115.26185381321328,-8.684203919862918]]]}},{"type":"Feature","properties":{"class":1,"score":0.841805244019558},"geometry":{"type":"Polygon","coordinates":[[[115.26179686188696,-8.684089605361082],[115.26173919439314,-8.68410949136603],[115.26173651218413,-8.684212898591758],[115.26175662875174,-8.684211572858093],[115.26176065206528,-8.684149263375927],[115.26180490851401,-8.684137331772957],[115.26179686188696,-8.684089605361082]]]}},{"type":"Feature","properties":{"class":1,"score":0.8872211664236573},"geometry":{"type":"Polygon","coordinates":[[[115.26175796985626,-8.684212898591758],[115.2617612341533,-8.684135530295059],[115.26180490851401,-8.684137331772957],[115.26180165090703,-8.684214695183421],[115.26175796985626,-8.684212898591758]]]}},{"type":"Feature","properties":{"class":1,"score":0.733217613382244},"geometry":{"type":"Polygon","coordinates":[[[115.26183567907418,-8.684213042825837],[115.26180827102093,-8.68421153760803],[115.26181161403656,-8.684151914843252],[115.26183902979312,-8.684153421525009],[115.26183567907418,-8.684213042825837]]]}},{"type":"Feature","properties":{"class":1,"score":0.7305090597872872},"geometry":{"type":"Polygon","coordinates":[[[115.26133820414543,-8.684215550059085],[115.26124969124793,-8.684222178727397],[115.26124772282665,-8.68419641501213],[115.26133623572412,-8.684189786343365],[115.26133820414543,-8.684215550059085]]]}},{"type":"Feature","properties":{"class":1,"score":0.7156833279301825},"geometry":{"type":"Polygon","coordinates":[[[115.26136636734009,-8.684139983240282],[115.26135563850403,-8.684171800848201],[115.26138111948964,-8.684174452315524],[115.26138111948964,-8.684226155928389],[115.2613864839077,-8.684228807395714],[115.26139318943024,-8.684178429516512],[115.26140660047531,-8.684182406717506],[115.26143342256546,-8.684162520712558],[115.26141062378883,-8.684142634707609],[115.26136636734009,-8.684139983240282]]]}},{"type":"Feature","properties":{"class":1,"score":0.7941070431594679},"geometry":{"type":"Polygon","coordinates":[[[115.26135697960852,-8.684174452315524],[115.26138111948964,-8.684174452315524],[115.26138111948964,-8.684226155928389],[115.26135697960852,-8.684226155928389],[115.26135697960852,-8.684174452315524]]]}},{"type":"Feature","properties":{"class":1,"score":0.7996857927885325},"geometry":{"type":"Polygon","coordinates":[[[115.26149243116379,-8.684236761797694],[115.26141598820686,-8.684235436064029],[115.26141665533905,-8.684198255165162],[115.26149309829596,-8.684199580898955],[115.26149243116379,-8.684236761797694]]]}},{"type":"Feature","properties":{"class":1,"score":0.714351408469137},"geometry":{"type":"Polygon","coordinates":[[[115.2616962790489,-8.68421422432542],[115.26164263486862,-8.684234110330367],[115.26163262351311,-8.68420770748272],[115.2616862676934,-8.684187821476392],[115.2616962790489,-8.68421422432542]]]}},{"type":"Feature","properties":{"class":1,"score":0.8718147983308882},"geometry":{"type":"Polygon","coordinates":[[[115.26091173291205,-8.684183732451169],[115.26091307401657,-8.684239413265017],[115.26089162391362,-8.684239928256272],[115.26089028280913,-8.6841842474425],[115.26091173291205,-8.684183732451169]]]}},{"type":"Feature","properties":{"class":1,"score":0.6947487706750592},"geometry":{"type":"Polygon","coordinates":[[[115.26222869753838,-8.6841969897878],[115.26226490736009,-8.684194338320475],[115.26226821494633,-8.684238527835033],[115.26223200512459,-8.68424117930205],[115.26222869753838,-8.6841969897878]]]}},{"type":"Feature","properties":{"class":1,"score":0.8404993709338263},"geometry":{"type":"Polygon","coordinates":[[[115.26098817586899,-8.684243390466008],[115.2609921991825,-8.684195664054137],[115.26100284649732,-8.684196540972117],[115.26099882318377,-8.684244267383875],[115.26098817586899,-8.684243390466008]]]}},{"type":"Feature","properties":{"class":1,"score":0.8174243223797428},"geometry":{"type":"Polygon","coordinates":[[[115.26098683476448,-8.684195664054137],[115.26098683476448,-8.684242064732347],[115.26094928383824,-8.684242064732347],[115.26094928383824,-8.684195664054137],[115.26098683476448,-8.684195664054137]]]}},{"type":"Feature","properties":{"class":1,"score":0.888443862940774},"geometry":{"type":"Polygon","coordinates":[[[115.26088625192642,-8.684187709652157],[115.2608460187912,-8.684194338320475],[115.2608487010002,-8.684250019134323],[115.2609023451805,-8.684250019134323],[115.26088625192642,-8.684187709652157]]]}},{"type":"Feature","properties":{"class":1,"score":0.6503303810728319},"geometry":{"type":"Polygon","coordinates":[[[115.26186391711235,-8.684220852993736],[115.2618572115898,-8.684250019134323],[115.26184191281124,-8.684246594624495],[115.26184861833373,-8.684217428483635],[115.26186391711235,-8.684220852993736]]]}},{"type":"Feature","properties":{"class":1,"score":0.7872724577494883},"geometry":{"type":"Polygon","coordinates":[[[115.26187149592313,-8.684256272663434],[115.26187598705292,-8.684208921390765],[115.26190864049717,-8.684211947175298],[115.26190415024757,-8.684259299269968],[115.26187149592313,-8.684256272663434]]]}},{"type":"Feature","properties":{"class":1,"score":0.8083997796760516},"geometry":{"type":"Polygon","coordinates":[[[115.26194706559181,-8.684203618456117],[115.26195460179743,-8.684254289762823],[115.26191085577013,-8.684260625003633],[115.26190332299085,-8.68421000164693],[115.26194706559181,-8.684203618456117]]]}},{"type":"Feature","properties":{"class":1,"score":0.06824915375772517},"geometry":{"type":"Polygon","coordinates":[[[115.26184514164926,-8.68417975525018],[115.26184380054471,-8.684212898591758],[115.26180893182755,-8.684211572858093],[115.26181027293207,-8.684260625003633],[115.2618558704853,-8.68425267060165],[115.26184648275375,-8.684222178727397],[115.26186391711235,-8.684220852993736],[115.2618545293808,-8.684202292722452],[115.26186391711235,-8.68417975525018],[115.26184514164926,-8.68417975525018]]]}},{"type":"Feature","properties":{"class":1,"score":0.7242080899237856},"geometry":{"type":"Polygon","coordinates":[[[115.26110723572545,-8.684211766806202],[115.26111021637915,-8.684263276470958],[115.26108565474499,-8.68426465158945],[115.26108267790812,-8.68421315401741],[115.26110723572545,-8.684211766806202]]]}},{"type":"Feature","properties":{"class":1,"score":0.7507434131576534},"geometry":{"type":"Polygon","coordinates":[[[115.2611880004406,-8.684186383918492],[115.26115983724594,-8.684238087531359],[115.26117056608199,-8.68426460220462],[115.2612040936947,-8.684263276470958],[115.26119068264958,-8.684257973536305],[115.26122689247133,-8.684246041933335],[115.26120141148566,-8.684202292722452],[115.26120677590372,-8.684186383918492],[115.2611880004406,-8.684186383918492]]]}},{"type":"Feature","properties":{"class":1,"score":0.7865957691052938},"geometry":{"type":"Polygon","coordinates":[[[115.26195377111434,-8.684265927938283],[115.26195377111434,-8.684204944189778],[115.26197522878644,-8.684204944189778],[115.26197522878644,-8.684265927938283],[115.26195377111434,-8.684265927938283]]]}},{"type":"Feature","properties":{"class":1,"score":0.7724943786268335},"geometry":{"type":"Polygon","coordinates":[[[115.26197120547296,-8.68426592793828],[115.26197533421865,-8.68420330795967],[115.26200070977208,-8.684204944189778],[115.26199657605319,-8.684267563285811],[115.26197120547296,-8.68426592793828]]]}},{"type":"Feature","properties":{"class":1,"score":0.8247197261829485},"geometry":{"type":"Polygon","coordinates":[[[115.26196986436844,-8.68426592793828],[115.26191756129262,-8.684261950737294],[115.26191879628497,-8.68424613581579],[115.26197109936076,-8.684250113016947],[115.26196986436844,-8.68426592793828]]]}},{"type":"Feature","properties":{"class":1,"score":0.8565870936328207},"geometry":{"type":"Polygon","coordinates":[[[115.26113435626027,-8.6841466119086],[115.2611182630062,-8.684234110330367],[115.26113033294676,-8.684275208073926],[115.26117056608199,-8.68426460220462],[115.26115983724594,-8.684238087531359],[115.2611880004406,-8.684194338320475],[115.2611745893955,-8.6841466119086],[115.26113435626027,-8.6841466119086]]]}},{"type":"Feature","properties":{"class":1,"score":0.6460831349640224},"geometry":{"type":"Polygon","coordinates":[[[115.26123762130737,-8.684248693400663],[115.26126712560652,-8.684250019134323],[115.26126590537636,-8.684276599869463],[115.26123640107724,-8.684275274135896],[115.26123762130737,-8.684248693400663]]]}},{"type":"Feature","properties":{"class":1,"score":0.8039939264247763},"geometry":{"type":"Polygon","coordinates":[[[115.26080176234247,-8.684271230872938],[115.26075313853909,-8.684278106917269],[115.26074677705765,-8.684234110330367],[115.26079541007051,-8.684227251784833],[115.26080176234247,-8.684271230872938]]]}},{"type":"Feature","properties":{"class":1,"score":0.814892784301481},"geometry":{"type":"Polygon","coordinates":[[[115.26094660162926,-8.684227481662054],[115.26095196604727,-8.684276533807589],[115.26098683476448,-8.684277859541252],[115.26098817586899,-8.684238087531359],[115.26094928383824,-8.684242064732347],[115.26094660162926,-8.684227481662054]]]}},{"type":"Feature","properties":{"class":1,"score":0.8111070714522116},"geometry":{"type":"Polygon","coordinates":[[[115.26108741760254,-8.684212898591758],[115.26104182004926,-8.684212898591758],[115.2610324323177,-8.684232784596704],[115.26103645563126,-8.684269905139272],[115.26105254888533,-8.684280511008577],[115.26110216975212,-8.684275208073926],[115.26110887527464,-8.684263276470958],[115.26108473539352,-8.684248693400663],[115.26108741760254,-8.684212898591758]]]}},{"type":"Feature","properties":{"class":1,"score":0.8034439369209037},"geometry":{"type":"Polygon","coordinates":[[[115.26070788502692,-8.684277859541252],[115.26071190834043,-8.684226155928389],[115.2607472887717,-8.6842288464338],[115.26074326545815,-8.68428055004629],[115.26070788502692,-8.684277859541252]]]}},{"type":"Feature","properties":{"class":1,"score":0.4853540975698002},"geometry":{"type":"Polygon","coordinates":[[[115.2616734802723,-8.684276533807589],[115.26167884469031,-8.684257973536305],[115.2616935580812,-8.684262105219252],[115.26168819366318,-8.684280665490341],[115.2616734802723,-8.684276533807589]]]}},{"type":"Feature","properties":{"class":1,"score":0.5561396672966934},"geometry":{"type":"Polygon","coordinates":[[[115.26164263486862,-8.684279185274915],[115.26164531707761,-8.68425267060165],[115.26167558851115,-8.684255660130608],[115.26167290630214,-8.684282174803663],[115.26164263486862,-8.684279185274915]]]}},{"type":"Feature","properties":{"class":1,"score":0.8410708121955395},"geometry":{"type":"Polygon","coordinates":[[[115.26098683476448,-8.684243390466008],[115.26099890470505,-8.684243390466008],[115.26099890470505,-8.684281836742237],[115.26098683476448,-8.684281836742237],[115.26098683476448,-8.684243390466008]]]}},{"type":"Feature","properties":{"class":1,"score":0.8404993709338263},"geometry":{"type":"Polygon","coordinates":[[[115.26104182004926,-8.684280511008577],[115.26099890470505,-8.684281836742237],[115.26099613323484,-8.684194328201889],[115.26103904857905,-8.684193002467913],[115.26104182004926,-8.684280511008577]]]}},{"type":"Feature","properties":{"class":1,"score":0.8677986760663263},"geometry":{"type":"Polygon","coordinates":[[[115.26091307401657,-8.684183732451169],[115.26091307401657,-8.684239413265017],[115.2609023451805,-8.684250019134323],[115.2608487010002,-8.684250019134323],[115.26084333658216,-8.684284488209565],[115.26095196604727,-8.684277859541252],[115.26094526052476,-8.684203618456117],[115.26095464825632,-8.684194338320475],[115.26091307401657,-8.684183732451169]]]}},{"type":"Feature","properties":{"class":1,"score":0.8292170239851492},"geometry":{"type":"Polygon","coordinates":[[[115.26154875755309,-8.6841969897878],[115.26152327656744,-8.684191686853145],[115.2615152299404,-8.684220852993736],[115.26151657104492,-8.684276533807589],[115.26153802871703,-8.684280511008577],[115.26153802871703,-8.684263276470958],[115.26156619191171,-8.684259299269968],[115.2615675330162,-8.684287139676893],[115.26160508394238,-8.684279185274915],[115.2616064250469,-8.684195664054137],[115.26154875755309,-8.6841969897878]]]}},{"type":"Feature","properties":{"class":1,"score":0.7595010451606062},"geometry":{"type":"Polygon","coordinates":[[[115.26141867041588,-8.684283162475904],[115.26142805814744,-8.684239413265017],[115.2614671044472,-8.684247610984803],[115.26145771671567,-8.684291360194734],[115.26141867041588,-8.684283162475904]]]}},{"type":"Feature","properties":{"class":1,"score":0.7860619084766278},"geometry":{"type":"Polygon","coordinates":[[[115.2615675330162,-8.684285813943228],[115.26153802871703,-8.684280511008577],[115.2615425216756,-8.684256120160425],[115.26157202597476,-8.68426142309542],[115.2615675330162,-8.684285813943228]]]}},{"type":"Feature","properties":{"class":1,"score":0.761868529727471},"geometry":{"type":"Polygon","coordinates":[[[115.26136770844461,-8.684238087531359],[115.26141598820686,-8.684236761797694],[115.26141728717603,-8.684283123278078],[115.26136900741378,-8.684284449011578],[115.26136770844461,-8.684238087531359]]]}},{"type":"Feature","properties":{"class":1,"score":0.7973870534566964},"geometry":{"type":"Polygon","coordinates":[[[115.2614937722683,-8.684285813943228],[115.2614589035511,-8.684287139676893],[115.26145719394877,-8.684243151527859],[115.261492062666,-8.684241825794038],[115.2614937722683,-8.684285813943228]]]}},{"type":"Feature","properties":{"class":1,"score":0.6009336155426653},"geometry":{"type":"Polygon","coordinates":[[[115.26120275259018,-8.68428979114422],[115.2612040936947,-8.684261950737294],[115.26122015391913,-8.68426270805671],[115.2612188128146,-8.684290548463581],[115.26120275259018,-8.68428979114422]]]}},{"type":"Feature","properties":{"class":1,"score":0.5860190440273885},"geometry":{"type":"Polygon","coordinates":[[[115.26121892958773,-8.684291439007417],[115.26121750473976,-8.684263276470958],[115.26123034737053,-8.684262636540819],[115.26123177208495,-8.684290804246425],[115.26121892958773,-8.684291439007417]]]}},{"type":"Feature","properties":{"class":1,"score":0.784254427213475},"geometry":{"type":"Polygon","coordinates":[[[115.26173517107964,-8.684236761797694],[115.26172846555707,-8.68426592793828],[115.26169091463089,-8.684280511008577],[115.2617660164833,-8.684292442611547],[115.2617660164833,-8.684236761797694],[115.26173517107964,-8.684236761797694]]]}},{"type":"Feature","properties":{"class":1,"score":0.7479337820410729},"geometry":{"type":"Polygon","coordinates":[[[115.26120275259018,-8.68428979114422],[115.26113167405128,-8.684285813943228],[115.26113317751623,-8.684259607472885],[115.26120425605512,-8.684263584674152],[115.26120275259018,-8.68428979114422]]]}},{"type":"Feature","properties":{"class":1,"score":0.8503664665263899},"geometry":{"type":"Polygon","coordinates":[[[115.2618008852005,-8.684211572858093],[115.26173651218413,-8.684212898591758],[115.26173517107964,-8.684236761797694],[115.2617660164833,-8.684236761797694],[115.2617660164833,-8.684292442611547],[115.26180893182755,-8.684293768345212],[115.2618008852005,-8.684211572858093]]]}},{"type":"Feature","properties":{"class":1,"score":0.7963189869867838},"geometry":{"type":"Polygon","coordinates":[[[115.26134490966798,-8.684220852993736],[115.26124030351636,-8.684220852993736],[115.26123762130737,-8.684248693400663],[115.26126712560652,-8.684250019134323],[115.26127114892004,-8.684293768345212],[115.26134625077248,-8.684283162475904],[115.26134490966798,-8.684220852993736]]]}},{"type":"Feature","properties":{"class":1,"score":0.7460871354326025},"geometry":{"type":"Polygon","coordinates":[[[115.26188265590007,-8.684292969739646],[115.26188537478448,-8.684259299269968],[115.26191224548634,-8.6842614239948],[115.26190951466558,-8.684295094078873],[115.26188265590007,-8.684292969739646]]]}},{"type":"Feature","properties":{"class":1,"score":0.6854454941219754},"geometry":{"type":"Polygon","coordinates":[[[115.26209458708762,-8.684292442611547],[115.2620382606983,-8.684296419812537],[115.26203596720764,-8.684264776182381],[115.26209229359694,-8.684260798981066],[115.26209458708762,-8.684292442611547]]]}},{"type":"Feature","properties":{"class":1,"score":0.7928186313478978},"geometry":{"type":"Polygon","coordinates":[[[115.26084199547769,-8.68421687579275],[115.26084333658216,-8.684292442611547],[115.2608056360363,-8.684293106408038],[115.26080429493177,-8.684217539589376],[115.26084199547769,-8.68421687579275]]]}},{"type":"Feature","properties":{"class":1,"score":0.827858045618091},"geometry":{"type":"Polygon","coordinates":[[[115.26197120547296,-8.684295094078873],[115.26190683245659,-8.684295094078873],[115.26190683245659,-8.684260625003633],[115.26197120547296,-8.684260625003633],[115.26197120547296,-8.684295094078873]]]}},{"type":"Feature","properties":{"class":1,"score":0.7168589812810304},"geometry":{"type":"Polygon","coordinates":[[[115.26200607419015,-8.6842977455462],[115.26196761357207,-8.684294820943999],[115.26196986436844,-8.68426592793828],[115.26200832006853,-8.684268852163594],[115.26200607419015,-8.6842977455462]]]}},{"type":"Feature","properties":{"class":1,"score":0.8148022197309952},"geometry":{"type":"Polygon","coordinates":[[[115.26208922266962,-8.684204944189778],[115.26200070977208,-8.684204944189778],[115.26199400424956,-8.684267253671944],[115.26200607419015,-8.684273882340262],[115.26200607419015,-8.6842977455462],[115.26201814413069,-8.6842977455462],[115.26201814413069,-8.68426592793828],[115.26209056377411,-8.684267253671944],[115.26208922266962,-8.684204944189778]]]}},{"type":"Feature","properties":{"class":1,"score":0.702626032452298},"geometry":{"type":"Polygon","coordinates":[[[115.26203691959381,-8.68426460220462],[115.26203827955912,-8.684296917112976],[115.26201814413069,-8.6842977455462],[115.26201678004968,-8.684265432650573],[115.26203691959381,-8.68426460220462]]]}},{"type":"Feature","properties":{"class":1,"score":0.7519170131082787},"geometry":{"type":"Polygon","coordinates":[[[115.2618545293808,-8.684253996335315],[115.26185855269432,-8.684295094078873],[115.26181071637156,-8.6842996470767],[115.26180669305803,-8.684258549333641],[115.2618545293808,-8.684253996335315]]]}},{"type":"Feature","properties":{"class":1,"score":0.48153661338032266},"geometry":{"type":"Polygon","coordinates":[[[115.26088088750839,-8.684393198369946],[115.26088088750839,-8.684381266766977],[115.26090368628502,-8.684381266766978],[115.26090368628502,-8.684393198369943],[115.26088088750839,-8.684393198369946]]]}},{"type":"Feature","properties":{"class":1,"score":0.7802106711276613},"geometry":{"type":"Polygon","coordinates":[[[115.26138111948964,-8.684360055028367],[115.26137977838518,-8.684405129972914],[115.26131672792448,-8.684403299555322],[115.26131806902893,-8.684358224610554],[115.26138111948964,-8.684360055028367]]]}},{"type":"Feature","properties":{"class":1,"score":0.7889350724893033},"geometry":{"type":"Polygon","coordinates":[[[115.26147499680518,-8.684403804239253],[115.26139989495276,-8.68440778144024],[115.26139761977328,-8.68436576617056],[115.26147272162572,-8.684361788969124],[115.26147499680518,-8.684403804239253]]]}},{"type":"Feature","properties":{"class":1,"score":0.45530947166330676},"geometry":{"type":"Polygon","coordinates":[[[115.26211068034172,-8.684393198369946],[115.26210933923723,-8.68441706157588],[115.26210050392521,-8.684416577833016],[115.2621018450297,-8.68439271462705],[115.26211068034172,-8.684393198369946]]]}},{"type":"Feature","properties":{"class":1,"score":0.7596349777832423},"geometry":{"type":"Polygon","coordinates":[[[115.26152461767197,-8.684422364510533],[115.2614763379097,-8.684418387309542],[115.26147946629428,-8.684381193001125],[115.26152774605652,-8.684385170202507],[115.26152461767197,-8.684422364510533]]]}},{"type":"Feature","properties":{"class":1,"score":0.5241674508068187},"geometry":{"type":"Polygon","coordinates":[[[115.26214957237245,-8.68438656970163],[115.26216700673105,-8.684422364510533],[115.26214760328469,-8.684431575219211],[115.26213016892608,-8.68439578041119],[115.26214957237245,-8.68438656970163]]]}},{"type":"Feature","properties":{"class":1,"score":0.740944896396753},"geometry":{"type":"Polygon","coordinates":[[[115.26152461767197,-8.684423690244197],[115.2614763379097,-8.68443297037984],[115.26147327982409,-8.684417409952358],[115.26152155958634,-8.684408129816337],[115.26152461767197,-8.684423690244197]]]}},{"type":"Feature","properties":{"class":1,"score":0.7727273602862107},"geometry":{"type":"Polygon","coordinates":[[[115.26156563769881,-8.684389455893799],[115.26156887412073,-8.684434296113505],[115.26152846799816,-8.684437155357932],[115.2615252275635,-8.684392309228583],[115.26156563769881,-8.684389455893799]]]}},{"type":"Feature","properties":{"class":1,"score":0.7863589208248334},"geometry":{"type":"Polygon","coordinates":[[[115.26141598820686,-8.684403804239253],[115.26139989495276,-8.68440778144024],[115.2614079415798,-8.684435621847166],[115.26145353913307,-8.684436947580828],[115.26145488023755,-8.68440778144024],[115.26147499680518,-8.68440778144024],[115.26141598820686,-8.684403804239253]]]}},{"type":"Feature","properties":{"class":1,"score":0.7954889509279377},"geometry":{"type":"Polygon","coordinates":[[[115.26147499680518,-8.68440778144024],[115.26147361439658,-8.684437848211772],[115.2614535393061,-8.684436946172953],[115.26145492188778,-8.684406877993474],[115.26147499680518,-8.68440778144024]]]}},{"type":"Feature","properties":{"class":1,"score":0.7357437626254925},"geometry":{"type":"Polygon","coordinates":[[[115.26148170232773,-8.684428993178852],[115.26152193546292,-8.684436947580828],[115.26151749174973,-8.684458871318656],[115.26147725861453,-8.684450916917143],[115.26148170232773,-8.684428993178852]]]}},{"type":"Feature","properties":{"class":1,"score":0.7851060004052989},"geometry":{"type":"Polygon","coordinates":[[[115.2617445588112,-8.684468765188745],[115.2617445588112,-8.684409107173906],[115.26177808642385,-8.684409107173906],[115.26177808642385,-8.684468765188745],[115.2617445588112,-8.684468765188745]]]}},{"type":"Feature","properties":{"class":1,"score":0.794034047839775},"geometry":{"type":"Polygon","coordinates":[[[115.2617445588112,-8.684406455706576],[115.2617445588112,-8.684468765188745],[115.26169493794444,-8.684468765188745],[115.26169493794444,-8.684406455706576],[115.2617445588112,-8.684406455706576]]]}},{"type":"Feature","properties":{"class":1,"score":0.7451666658467585},"geometry":{"type":"Polygon","coordinates":[[[115.26147523725041,-8.684469878340899],[115.26143610477448,-8.684472742389735],[115.26143453936999,-8.684451744910765],[115.26147365570067,-8.684448879183797],[115.26147523725041,-8.684469878340899]]]}},{"type":"Feature","properties":{"class":1,"score":0.7147625303832736},"geometry":{"type":"Polygon","coordinates":[[[115.2615688246818,-8.684433020683777],[115.26157021522519,-8.684474068123398],[115.26153136008564,-8.684475352914461],[115.26152998208997,-8.684434296113505],[115.2615688246818,-8.684433020683777]]]}},{"type":"Feature","properties":{"class":1,"score":0.6135468297488206},"geometry":{"type":"Polygon","coordinates":[[[115.26204680125203,-8.684467151000645],[115.26197722159583,-8.684470426342589],[115.26197490346989,-8.68442230401142],[115.2620444831261,-8.684419028669055],[115.26204680125203,-8.684467151000645]]]}},{"type":"Feature","properties":{"class":1,"score":0.7600143834869698},"geometry":{"type":"Polygon","coordinates":[[[115.26137709617613,-8.684405129972914],[115.26129662990566,-8.684411758641229],[115.26129394769667,-8.684446227716471],[115.26132881641388,-8.684459485053102],[115.26133283972739,-8.684478045324386],[115.26138246059416,-8.684448879183797],[115.26138246059416,-8.68441308437489],[115.26135966181754,-8.68440778144024],[115.26137709617613,-8.684405129972914]]]}},{"type":"Feature","properties":{"class":1,"score":0.7519361951110267},"geometry":{"type":"Polygon","coordinates":[[[115.26237081885452,-8.684432655374438],[115.26237500448251,-8.684479548799734],[115.26234671473503,-8.684482022525376],[115.26234252097214,-8.68443512361019],[115.26237081885452,-8.684432655374438]]]}},{"type":"Feature","properties":{"class":1,"score":0.7879391015394703},"geometry":{"type":"Polygon","coordinates":[[[115.26229172945023,-8.684405129972914],[115.26228368282315,-8.684427667445187],[115.26231721043587,-8.684428993178852],[115.26231989264487,-8.684488651193691],[115.2623426914215,-8.684492628394679],[115.26234671473503,-8.68440778144024],[115.26229172945023,-8.684405129972914]]]}},{"type":"Feature","properties":{"class":1,"score":0.5571216465709926},"geometry":{"type":"Polygon","coordinates":[[[115.26139989495276,-8.684493954128342],[115.2613978923261,-8.6844544778505],[115.26140518311885,-8.68445411749175],[115.26140717972584,-8.684493591957759],[115.26139989495276,-8.684493954128342]]]}},{"type":"Feature","properties":{"class":1,"score":0.8311305765004058},"geometry":{"type":"Polygon","coordinates":[[[115.26231721043587,-8.684428993178852],[115.26231855154037,-8.68449660559567],[115.26225275343178,-8.684497881672312],[115.26225141232729,-8.684430269255719],[115.26231721043587,-8.684428993178852]]]}},{"type":"Feature","properties":{"class":1,"score":0.7285188102226936},"geometry":{"type":"Polygon","coordinates":[[[115.26138246059416,-8.684448879183797],[115.26133283972739,-8.684480696791713],[115.26137441396712,-8.684487325460028],[115.26138246059416,-8.684501908530324],[115.26138246059416,-8.684448879183797]]]}},{"type":"Feature","properties":{"class":1,"score":0.6167703275699692},"geometry":{"type":"Polygon","coordinates":[[[115.26187062263487,-8.684482022525376],[115.261892080307,-8.684483348259038],[115.26189045852118,-8.684508934541599],[115.2618690008491,-8.684507608808024],[115.26187062263487,-8.684482022525376]]]}},{"type":"Feature","properties":{"class":1,"score":0.5046494498357668},"geometry":{"type":"Polygon","coordinates":[[[115.26202753186226,-8.684513840133292],[115.26201009750363,-8.68451251439963],[115.26201164563022,-8.68449254235358],[115.26202907998882,-8.684493868087312],[115.26202753186226,-8.684513840133292]]]}},{"type":"Feature","properties":{"class":1,"score":0.8487301995463095},"geometry":{"type":"Polygon","coordinates":[[[115.26151662442929,-8.684455626570978],[115.2615046122325,-8.68452348097739],[115.26145155360385,-8.68451430221144],[115.26146356580067,-8.684446447803365],[115.26151662442929,-8.684455626570978]]]}},{"type":"Feature","properties":{"class":1,"score":0.7153621908323264},"geometry":{"type":"Polygon","coordinates":[[[115.26192696084588,-8.684484523215692],[115.26192557616044,-8.68452011241012],[115.26189472481354,-8.684518939429095],[115.26189610362053,-8.684483348259038],[115.26192696084588,-8.684484523215692]]]}},{"type":"Feature","properties":{"class":1,"score":0.7012791103847932},"geometry":{"type":"Polygon","coordinates":[[[115.26190415024757,-8.684414410108555],[115.26189610362053,-8.684483348259038],[115.26192694902417,-8.684484673992701],[115.26193231344223,-8.684520468801608],[115.26195243000984,-8.684482022525376],[115.26198998093605,-8.68446743945508],[115.26199132204057,-8.684452856384787],[115.26197791099547,-8.684451530651124],[115.26197522878644,-8.684430318912513],[115.26190415024757,-8.684414410108555]]]}},{"type":"Feature","properties":{"class":1,"score":0.7318753423816698},"geometry":{"type":"Polygon","coordinates":[[[115.26180759072305,-8.68451781733428],[115.26181161403656,-8.684470090922408],[115.26187598386292,-8.684475393826855],[115.2618719605494,-8.684523120238055],[115.26180759072305,-8.68451781733428]]]}},{"type":"Feature","properties":{"class":1,"score":0.7938799363232418},"geometry":{"type":"Polygon","coordinates":[[[115.26158477390067,-8.684508406309716],[115.26152193546292,-8.684516491600615],[115.26151640242563,-8.68447456807656],[115.26157923993203,-8.684466465818508],[115.26158477390067,-8.684508406309716]]]}},{"type":"Feature","properties":{"class":1,"score":0.7032003093578466},"geometry":{"type":"Polygon","coordinates":[[[115.26082724332808,-8.684418387309542],[115.2608245611191,-8.684475393857062],[115.26085674762727,-8.68447937105805],[115.26086211204527,-8.684524446002596],[115.26090770959854,-8.684444901982806],[115.2608473598957,-8.684438273314491],[115.26082724332808,-8.684418387309542]],[[115.26087954640387,-8.684468765188745],[115.26088625192642,-8.684460810786764],[115.26088222861291,-8.684470090922408],[115.26087954640387,-8.684468765188745]]]}},{"type":"Feature","properties":{"class":1,"score":0.7731697883222017},"geometry":{"type":"Polygon","coordinates":[[[115.26085683730932,-8.684476205751155],[115.26085540652275,-8.684531074670913],[115.26082314580317,-8.6845302507515],[115.2608245611191,-8.684475393857062],[115.26085683730932,-8.684476205751155]]]}},{"type":"Feature","properties":{"class":1,"score":0.6679020159774356},"geometry":{"type":"Polygon","coordinates":[[[115.26133820414543,-8.684535051871903],[115.26133552193642,-8.684480696791713],[115.26137470933895,-8.684478801240711],[115.26137739154794,-8.68453315632118],[115.26133820414543,-8.684535051871903]]]}},{"type":"Feature","properties":{"class":1,"score":0.7585802310008507},"geometry":{"type":"Polygon","coordinates":[[[115.26140660047531,-8.684454182118449],[115.26140123605728,-8.684499257062997],[115.26144012808801,-8.684540354806556],[115.2614642679691,-8.684516491600615],[115.2614642679691,-8.684482022525376],[115.26143610477448,-8.684472742389735],[115.26143610477448,-8.68445815931944],[115.26140660047531,-8.684454182118449]]]}},{"type":"Feature","properties":{"class":1,"score":0.578909789175248},"geometry":{"type":"Polygon","coordinates":[[[115.26190012693402,-8.684519143067945],[115.26193231344223,-8.684520468801608],[115.26193137162545,-8.684542691812005],[115.26189918511724,-8.68454136607842],[115.26190012693402,-8.684519143067945]]]}},{"type":"Feature","properties":{"class":1,"score":0.8307693261156973},"geometry":{"type":"Polygon","coordinates":[[[115.26089161634442,-8.68447937105805],[115.26086479425432,-8.6845098629323],[115.26086747646332,-8.684540354806556],[115.26093184947966,-8.684541680540217],[115.26092514395715,-8.684488651193691],[115.26089161634442,-8.68447937105805]]]}},{"type":"Feature","properties":{"class":1,"score":0.8359313666616138},"geometry":{"type":"Polygon","coordinates":[[[115.2613341808319,-8.684548309208532],[115.26129394769667,-8.684548309208532],[115.26129394769667,-8.68445020491746],[115.2613341808319,-8.68445020491746],[115.2613341808319,-8.684548309208532]]]}},{"type":"Feature","properties":{"class":1,"score":0.7402690315356284},"geometry":{"type":"Polygon","coordinates":[[[115.26172310113907,-8.684548309208532],[115.26172444224359,-8.684480696791713],[115.26174186665443,-8.684481036645336],[115.26174052554988,-8.684548649062096],[115.26172310113907,-8.684548309208532]]]}},{"type":"Feature","properties":{"class":1,"score":0.7346851281321006},"geometry":{"type":"Polygon","coordinates":[[[115.261707007885,-8.684470090922408],[115.26167750358582,-8.684484673992701],[115.26168286800385,-8.684548309208532],[115.26172310113907,-8.684548309208532],[115.26172444224359,-8.684480696791713],[115.26173517107964,-8.684482022525376],[115.26173785328862,-8.684480696791713],[115.261707007885,-8.684470090922408]]]}},{"type":"Feature","properties":{"class":1,"score":0.7949735097423706},"geometry":{"type":"Polygon","coordinates":[[[115.2623426914215,-8.684492628394679],[115.26234537363054,-8.684545657741207],[115.26225294054534,-8.684550223844356],[115.26225025833628,-8.684497194498473],[115.2623426914215,-8.684492628394679]]]}},{"type":"Feature","properties":{"class":1,"score":0.812092551923528},"geometry":{"type":"Polygon","coordinates":[[[115.26156116073095,-8.6845507124808],[115.26155667224667,-8.684518174185644],[115.26158899068831,-8.684513840133292],[115.26159347781791,-8.684546356149252],[115.26156116073095,-8.6845507124808]]]}},{"type":"Feature","properties":{"class":1,"score":0.6599681240707793},"geometry":{"type":"Polygon","coordinates":[[[115.26180721039252,-8.684517919814366],[115.26184648275375,-8.684529748937246],[115.26183796057649,-8.684557432613481],[115.26179868341097,-8.684545615702223],[115.26180721039252,-8.684517919814366]]]}},{"type":"Feature","properties":{"class":1,"score":0.7657621226140431},"geometry":{"type":"Polygon","coordinates":[[[115.26161849498747,-8.684548309208532],[115.26162251830101,-8.68451251439963],[115.26165165501301,-8.684515716088141],[115.26164763169946,-8.684551510896734],[115.26161849498747,-8.684548309208532]]]}},{"type":"Feature","properties":{"class":1,"score":0.7500588261881752},"geometry":{"type":"Polygon","coordinates":[[[115.26237487792969,-8.684499257062997],[115.26236614550126,-8.684552501168213],[115.26234000921247,-8.684548309208532],[115.26234874454022,-8.684495070073902],[115.26237487792969,-8.684499257062997]]]}},{"type":"Feature","properties":{"class":1,"score":0.8393250929710527},"geometry":{"type":"Polygon","coordinates":[[[115.26162251830101,-8.68451251439963],[115.2616181110455,-8.684551656402922],[115.26158764958379,-8.684548309208532],[115.26159204127632,-8.684509168308978],[115.26162251830101,-8.68451251439963]]]}},{"type":"Feature","properties":{"class":1,"score":0.6375091686656996},"geometry":{"type":"Polygon","coordinates":[[[115.26174053549767,-8.684548309208532],[115.2617445588112,-8.684480696791713],[115.261765946899,-8.684481941549109],[115.26176192358552,-8.684549553965708],[115.26174053549767,-8.684548309208532]]]}}]}