{"type": "FeatureCollection", "name": "OCHA HPCS \u2014 full Bhote Koshi\u2013Trishuli corridor AOI request to HOT (1 km buffer, Nepal side, border to Devghat)", "note": "One buffer polygon per river segment (dissolve on receipt); centrelines from OSM; extend to the Narayani (Devghat\u2013Narayanghat\u2013Nawalparasi) if bodies-recovery districts are to be covered", "features": [{"type": "Feature", "properties": {"name": "\u5409\u9686\u85cf\u5e03", "buffer_km": 1.0}, "geometry": {"type": "Polygon", "coordinates": [[[85.35816189628864, 28.298348820296045], [85.35802076537053, 28.29748261108262], [85.35733158046699, 28.295433688774953], [85.35799179293755, 28.298324877300466], [85.35653227025753, 28.303073310777354], [85.35591231809924, 28.303990097475904], [85.35848867966243, 28.29922573983772], [85.35769866999757, 28.29371617569232], [85.3574588704261, 28.293603262843682], [85.3581280363384, 28.296629614998878], [85.35822015631085, 28.296583037535417], [85.35825117373122, 28.29503731824093], [85.35823205393271, 28.295373306673838], [85.35846863995707, 28.293922244436413], [85.35783274484803, 28.289644685089357], [85.35583096823599, 28.286580674779817], [85.35508274130291, 28.28589300060014], [85.35683458916643, 28.28888024931615], [85.35715622576946, 28.29176525231083], [85.35713639599089, 28.29182795408633], [85.35719138657302, 28.291848248502614], [85.35731234090133, 28.291310619137], [85.35471752265478, 28.29524368790134], [85.354439761383, 28.29549752899693], [85.35579716831306, 28.294324604826745], [85.35778738883936, 28.291364192025682], [85.35818768025891, 28.29009153447425], [85.35513710812313, 28.294464460598597], [85.34892243870216, 28.29667646270902], [85.34933590749567, 28.296706682260854], [85.35345137233816, 28.295817367934134], [85.35367928044026, 28.29569880370877], [85.35209221139671, 28.296188377682665], [85.34964362435413, 28.29641070007734], [85.35017, 28.29645311174991], [85.35559059943847, 28.29511070490948], [85.35707613853187, 28.29424838516946], [85.35738482025788, 28.293994072901327], [85.35482905063397, 28.29509887504156], [85.35254977582262, 28.29545586200827], [85.35289118931115, 28.295452843690345], [85.35212842794263, 28.295377874152855], [85.35337962304052, 28.295594453896577], [85.35673484347747, 28.29552615094941], [85.35847362964209, 28.29519298051969], [85.35970421927044, 28.29496826252265], [85.36108498571268, 28.294582592256607], [85.35714105454753, 28.295056563215084], [85.35329135221674, 28.294165456206162], [85.35012196100257, 28.292044934194042], [85.34811539198677, 28.2890178274325], [85.34757712711237, 28.285544985485178], [85.34858911232718, 28.282155117057165], [85.35099728205584, 28.279364298887405], [85.35443501428733, 28.2775974077434], [85.35469578072957, 28.277551737477346], [85.35408637035789, 28.277647019480312], [85.35374515652252, 28.277753849050587], [85.35550037695945, 28.277725546103426], [85.35509157205738, 28.27760212584714], [85.35304881068883, 28.27748715630966], [85.35173022417739, 28.277504137991734], [85.34885094936601, 28.277921124958436], [85.34563517974215, 28.279305927098676], [85.34502386146814, 28.279751614830534], [85.34500940056152, 28.27974929509052], [85.35017, 28.27848688825009], [85.35011637564585, 28.27844929992266], [85.34726778860332, 28.278731622317334], [85.34524071955973, 28.279341196291234], [85.34480862766183, 28.27954263206587], [85.34856409250432, 28.27875331773914], [85.34813756129783, 28.27872353729098], [85.34158289187685, 28.2810355394014], [85.33841231974105, 28.285668465525752], [85.33863261116065, 28.285175807974323], [85.34030283168694, 28.28263539517325], [85.34126023861698, 28.281782471003073], [85.34036247734522, 28.282476312098655], [85.33760765909867, 28.286649380862993], [85.33752861342698, 28.287051751497383], [85.33722360400908, 28.287912045913675], [85.33686377423055, 28.289894747689164], [85.33718541083358, 28.29371975068385], [85.33947725869709, 28.29746699939986], [85.33994903176401, 28.297859325220188], [85.33868725515198, 28.295855314910646], [85.33813136004291, 28.292477755563585], [85.3380479460673, 28.292746693326166], [85.33786882626879, 28.29422268175907], [85.33785984368915, 28.295416962464586], [85.33773196366161, 28.29615038500112], [85.33856112957389, 28.30037673715632], [85.33914133000242, 28.301183824307685], [85.33835132033758, 28.29633426016228], [85.34072768190077, 28.291989902524097], [85.33924772974247, 28.293526689222652], [85.33760820706246, 28.299115122699536], [85.33850841953303, 28.302366311225047], [85.33795923462947, 28.30075738891738], [85.33791810371136, 28.300591179703957], [85.3382013289446, 28.29709502727233], [85.33998240265828, 28.293960442909306], [85.3429901725249, 28.291664638669083], [85.34676673284783, 28.290557129935713], [85.35073713655248, 28.290806524874267], [85.35429692566659, 28.292374855366116], [85.35690415456716, 28.295023357310825], [85.35816189628864, 28.298348820296045]]]}}, {"type": "Feature", "properties": {"name": "\u5409\u9686\u85cf\u5e03", "buffer_km": 1.0}, "geometry": {"type": "Polygon", "coordinates": [[[85.36222403191513, 28.294167321150407], [85.36246154678122, 28.29405656476831], [85.36093011428042, 28.294443991035816], [85.3596396077274, 28.294540405214274], [85.35904815396717, 28.29451811667738], [85.36059870430975, 28.294734784126952], [85.36607144376768, 28.29374940314637], [85.36998021404764, 28.290787485312414], [85.37037276221932, 28.290232455011065], [85.36544197741377, 28.293677481951413], [85.36138527057152, 28.294173705416547], [85.35875576064973, 28.293656497804818], [85.36042705777608, 28.294162458954354], [85.36313985179808, 28.29444238060999], [85.3635721062571, 28.29442229099132], [85.36185070996079, 28.294230023401152], [85.3606836885081, 28.29392724141178], [85.36181231589397, 28.294319033262347], [85.36601007191148, 28.29476747936054], [85.36588, 28.29470311174991], [85.36419651605134, 28.294573172995047], [85.36602019518858, 28.29490865802951], [85.3697973152889, 28.294752136227828], [85.37105020054148, 28.294457026065924], [85.3705196560386, 28.2945709435471], [85.37115333162157, 28.294465612199584], [85.3715964095448, 28.29437586849757], [85.37356159470028, 28.293945852232405], [85.37589147257293, 28.293012623220697], [85.37739481621034, 28.292136573779608], [85.37687354511561, 28.292412744083144], [85.3749185283309, 28.293153418121822], [85.37498079994408, 28.293170006676085], [85.37819081876178, 28.29201970733392], [85.38130875991406, 28.290197626213704], [85.38464936542377, 28.286928790126094], [85.38630508326342, 28.283567086945983], [85.38663687420087, 28.282061774828378], [85.38665335140703, 28.282219564940874], [85.38716135109246, 28.280483342342045], [85.38727248000686, 28.27771870294823], [85.38703669972143, 28.27644395759365], [85.38697063653316, 28.27994851109667], [85.38538663431676, 28.283164033495265], [85.38252584305066, 28.285600990653037], [85.37882379227199, 28.28688837793378], [85.37484408565261, 28.28683020229421], [85.37119259744922, 28.285435320448073], [85.36842523363997, 28.28291609051182], [85.36696330027857, 28.279656042406355], [85.36698751999315, 28.279641297051775], [85.36705864890754, 28.27741665765795], [85.36736664859295, 28.276360435059125], [85.3668231257991, 28.277778225171623], [85.36679491673658, 28.27831291305402], [85.36715063457625, 28.2776912098739], [85.36889124008593, 28.27594237378629], [85.36756918123821, 28.27668029266608], [85.37007920005593, 28.275729993323917], [85.36928147166911, 28.275886581878183], [85.3666064548844, 28.27688725591685], [85.36524518378965, 28.277703426220395], [85.36614852742709, 28.277227376779297], [85.3667384052997, 28.277014147767595], [85.3675635904552, 28.27676413150243], [85.36700666837844, 28.27687438780042], [85.3667803439614, 28.276909056452897], [85.36576979945852, 28.27710297393407], [85.36572268471109, 28.27714786377217], [85.36845980481142, 28.277071341970498], [85.36868348394866, 28.277046827004952], [85.36588, 28.27673688825009], [85.36446992808852, 28.27685252063946], [85.36814768410605, 28.277240966737647], [85.3683363114919, 28.27727275858822], [85.3663692900392, 28.27670997659885], [85.3638478937429, 28.27645770900868], [85.36340014820193, 28.276477619390008], [85.36521294222392, 28.27669754104565], [85.36618423935026, 28.276923502195185], [85.3630347294285, 28.27626629458345], [85.35837802258624, 28.276822518048593], [85.3532472377807, 28.280467544988934], [85.35333978595236, 28.280392514687588], [85.35696855623232, 28.27767059685363], [85.36190129569025, 28.276805215873043], [85.36257184603284, 28.276821883322622], [85.36014039227258, 28.27657959478573], [85.35698988571957, 28.276816008964186], [85.3543184532188, 28.277583435231687], [85.35329596808485, 28.2780126788496], [85.3571459198426, 28.277123179356714], [85.36108935973765, 28.277598797022332], [85.36452593479336, 28.279367123368353], [85.36693245761015, 28.28215894673852], [85.36794255690432, 28.28554923733266], [85.36740245421493, 28.289021854140874], [85.36539437528035, 28.292048122733465], [85.36222403191513, 28.294167321150407]]]}}, {"type": "Feature", "properties": {"name": "Bhote Koshi", "buffer_km": 1.0}, "geometry": {"type": "Polygon", "coordinates": [[[85.38374777603296, 28.271315589197535], [85.3850386916307, 28.27259362121838], [85.38685810518835, 28.27657305684336], [85.38660351608044, 28.279851567290738], [85.38652166859464, 28.280201028859924], [85.38725968688465, 28.27824814669037], [85.38771318095137, 28.27497900462172], [85.38750135633988, 28.2753887307211], [85.38784441842681, 28.27454406052953], [85.38773053267003, 28.271499354843208], [85.38771512541258, 28.271872757984514], [85.38778212564722, 28.271778370082874], [85.38779562084619, 28.27056316290647], [85.3874662626269, 28.268048032579163], [85.38572329884111, 28.264699046338137], [85.38425744807013, 28.263141263903425], [85.38556244384976, 28.265037996400633], [85.38625306134013, 28.26657599116276], [85.38580848855176, 28.265165901897646], [85.38529990145734, 28.26400099052015], [85.3856664579593, 28.265040693910095], [85.38597657312435, 28.26616158331277], [85.38513922324972, 28.263286048695786], [85.38342480138935, 28.260861886088744], [85.38182594220332, 28.259435322734937], [85.37965850390017, 28.258196865101947], [85.37764804445729, 28.257472639810942], [85.37907218391133, 28.258039595590446], [85.38114128630204, 28.259303025541623], [85.38215964731582, 28.2603245288504], [85.38123181995905, 28.259233559698423], [85.37858011557152, 28.257291331209174], [85.37886987674842, 28.25755619121496], [85.38167909806774, 28.26041778764302], [85.38264235737326, 28.26329979376893], [85.3824244351035, 28.26593859172684], [85.38211375468249, 28.266904182213395], [85.38295106532182, 28.26441497315561], [85.38263284004925, 28.260198731734775], [85.38058214312386, 28.25670874565458], [85.37814347604807, 28.254696385900004], [85.37707957731043, 28.25411032114624], [85.37699414644257, 28.25406897745503], [85.37843279753635, 28.255177206858825], [85.37881116720834, 28.25556015792465], [85.37811428412064, 28.254742144539616], [85.37716087621577, 28.253764561844985], [85.3768756670921, 28.2535188288415], [85.37496789501547, 28.25184743126651], [85.37143951880286, 28.25022469606558], [85.36902968974724, 28.249691253848045], [85.36910328203798, 28.24980230672045], [85.3715225373219, 28.25073140488981], [85.3744307836302, 28.253480326457577], [85.37564160171915, 28.25699899963398], [85.3757009500608, 28.25733252124947], [85.37552031136296, 28.254793421983308], [85.37502461820444, 28.25309033323569], [85.37516599383498, 28.2542], [85.37521141863881, 28.254123323734284], [85.37525501257542, 28.252935374040053], [85.37511381836025, 28.250961444175072], [85.3744037025919, 28.248779110503758], [85.37488318020229, 28.250359923975868], [85.37489070790627, 28.251856709576273], [85.37499317283105, 28.25170693752918], [85.37521447273942, 28.249895163321874], [85.3742614386011, 28.245831497642587], [85.37163123500312, 28.242713891650283], [85.3714934078571, 28.242652480312167], [85.37330406752974, 28.244967249161384], [85.3736157875504, 28.245560115110298], [85.3729300363809, 28.24368094436156], [85.37110026899474, 28.240902081167572], [85.36988785672438, 28.239766586473664], [85.36883865800186, 28.238963481889133], [85.3674050407792, 28.237950614109554], [85.36585559988514, 28.23684101185277], [85.36546865800187, 28.23657348188916], [85.36688668556256, 28.23795528169966], [85.36789004004733, 28.23945402412925], [85.36818731568071, 28.240417690180255], [85.36833852142412, 28.241286143052772], [85.36835411948925, 28.241788113971268], [85.36839047160781, 28.24132520565442], [85.3684391305366, 28.240659549275115], [85.36844703229612, 28.239353449815596], [85.36839599383497, 28.23928], [85.36844979264647, 28.23835674469081], [85.36790692897542, 28.23563338828034], [85.36758621107137, 28.234878003290966], [85.36787928922186, 28.235704711177778], [85.36809920397313, 28.237094686267238], [85.36775172619016, 28.239802940830312], [85.36551990079442, 28.243231856761383], [85.36374808067447, 28.244568990105787], [85.36537621491749, 28.2435143616981], [85.36779298817086, 28.240753878951878], [85.36888731118515, 28.23766222445399], [85.3689470472183, 28.236924556891946], [85.36855353753911, 28.23799649872734], [85.36630052278004, 28.241222401113422], [85.36872820801918, 28.23845217067935], [85.36946504478647, 28.236889053793064], [85.36981836799248, 28.23621305653817], [85.37052648589855, 28.233315424267847], [85.37058365034113, 28.232131890422664], [85.37054876877342, 28.232322510764718], [85.37018019958956, 28.233719681676522], [85.3702765090618, 28.233564846117712], [85.37048315641083, 28.232955813637094], [85.37086900082774, 28.231716526054402], [85.37129430590277, 28.22903000287891], [85.37117569462279, 28.227591180192285], [85.37127357345554, 28.22674326368172], [85.37128533153428, 28.225930713437695], [85.37136477606145, 28.224898834471453], [85.37109542540362, 28.222521608787076], [85.37094623236494, 28.222080605917593], [85.37095634416016, 28.221941375646317], [85.37022164174637, 28.219378991448814], [85.36854346066818, 28.21689455994335], [85.36782291298921, 28.216134121455966], [85.36537728351907, 28.21401860748578], [85.36310231787311, 28.21303067365324], [85.36531926053158, 28.214217378637404], [85.36789444927497, 28.217237336353207], [85.36835284004921, 28.218218731734606], [85.36667145727463, 28.21519300166153], [85.3652995841473, 28.21365831485274], [85.36521546278851, 28.213540686673156], [85.36463128358393, 28.212730887178296], [85.3644439110603, 28.212594726279228], [85.36447078117385, 28.21256125356418], [85.36365856290533, 28.21144219431637], [85.36223132660673, 28.2099171307312], [85.36216387947171, 28.20990682879972], [85.36466867126556, 28.213939123771798], [85.36466663536423, 28.213855353412757], [85.36477165956465, 28.214603843074695], [85.36481845141189, 28.215766726204706], [85.36476956926322, 28.21607452883211], [85.36492934303921, 28.21532589674911], [85.36509611507296, 28.212994657905686], [85.36473731568073, 28.210897690180257], [85.36459156894628, 28.210360193552408], [85.36421984088932, 28.208919221771314], [85.36394332066091, 28.2084044382086], [85.3643212651271, 28.209929489060094], [85.3641573156807, 28.212452309819927], [85.3644725542853, 28.211048519977933], [85.36429500266013, 28.20828173043493], [85.3643053830756, 28.208263264220193], [85.36438118176301, 28.209224042738057], [85.36429657685864, 28.210260833424666], [85.36445097210867, 28.209816013017093], [85.36440994214333, 28.20957149185121], [85.36427445139597, 28.210130269750632], [85.36450776550785, 28.209652764817974], [85.36494781637649, 28.20785508979652], [85.3650769632633, 28.205661407089494], [85.3642285540299, 28.202389514155097], [85.3628458985777, 28.200270739074675], [85.36286193068925, 28.200328601079246], [85.3623151660491, 28.199537609998664], [85.36286143164803, 28.20064429094969], [85.36321900082773, 28.201573473945516], [85.36301413635299, 28.200697620808405], [85.36265255638548, 28.19890142733562], [85.36250910622248, 28.197971343750503], [85.36130438387815, 28.19499567375738], [85.3611857512589, 28.19490632089043], [85.3618161875686, 28.196333708519575], [85.36152984088935, 28.195279221771347], [85.36048354771505, 28.19321686174939], [85.35912031078456, 28.19153154384293], [85.3580662149175, 28.190595638301904], [85.35758303723865, 28.190243185925592], [85.35834573717146, 28.190875568100328], [85.35922911932778, 28.19186800859716], [85.36034639918478, 28.19398071851368], [85.36025967040935, 28.193566097795266], [85.35986069168742, 28.192330403461874], [85.35880173224199, 28.190041435872637], [85.35876231827689, 28.1904845292585], [85.35887317833826, 28.190206528065872], [85.35740905039214, 28.186911345017904], [85.35717286169042, 28.186672829703582], [85.356061707297, 28.184865546009902], [85.35457286632901, 28.183180577148068], [85.35544444927491, 28.18454733635311], [85.35584837119744, 28.18541534633854], [85.35592913402067, 28.186026848562157], [85.35515634074906, 28.182650178568213], [85.35310026899484, 28.17994208116768], [85.35329785501169, 28.18023258413332], [85.35333452141536, 28.180231904666933], [85.35369376806123, 28.181081673015864], [85.35373421652784, 28.181119749196103], [85.35383371335935, 28.181871469834867], [85.35391599383499, 28.1824], [85.35314426581219, 28.17895640476678], [85.35085154364647, 28.17583619963475], [85.34727662114932, 28.17376429730272], [85.34933968962353, 28.17486865131956], [85.35246349211671, 28.17857804279799], [85.35266756455847, 28.179038449488342], [85.3528348970869, 28.182540383936875], [85.35146841786299, 28.185832167444232], [85.34877616096144, 28.188412655811508], [85.34516799809016, 28.18988899307697], [85.34119323933821, 28.190036420274982], [85.33745700569429, 28.18883249295108], [85.33452810486165, 28.186460498126696], [85.33285243544152, 28.183281550511655], [85.33337650788329, 28.184901957202015], [85.33688031037646, 28.18909134868044], [85.33956337885068, 28.190395702697277], [85.33636845635353, 28.18848380036525], [85.33423573418779, 28.185683595233222], [85.33352400616504, 28.1824], [85.33354628664064, 28.183688530165135], [85.33388578347216, 28.185240250803897], [85.33414623193877, 28.18619832698414], [85.33486547858462, 28.18784809533307], [85.33590214498831, 28.189607415866682], [85.33727973100517, 28.191277918832323], [85.33644365925093, 28.189789821431784], [85.3356108659793, 28.187553151437843], [85.33599162880256, 28.189504653661466], [85.3368755507251, 28.191972663646894], [85.33862713367097, 28.194379422851934], [85.33891829270297, 28.194594453990103], [85.33950713830956, 28.195647170296418], [85.34007094960788, 28.1963686549821], [85.33884682166175, 28.19359347193413], [85.33949768172312, 28.196375470741497], [85.34073826775801, 28.198378564127367], [85.34059930831256, 28.198229596538127], [85.34044032959068, 28.19779390220473], [85.34083360081522, 28.199199281486322], [85.34229088067221, 28.201871991402836], [85.34353426282853, 28.203224431899677], [85.34451696276136, 28.204036814074406], [85.3444937850825, 28.20400436169809], [85.34381968921544, 28.20340845615707], [85.34269645228495, 28.20200313825061], [85.34211015911066, 28.200760778228652], [85.34208381243138, 28.200866291480423], [85.34303424874109, 28.20309367910958], [85.34345561612186, 28.20368432624262], [85.34245089377752, 28.2012086562495], [85.34252744361454, 28.20179857266438], [85.34296586364701, 28.203982379191594], [85.34318099917229, 28.20490652605449], [85.34371856835199, 28.206835709050306], [85.34488483395089, 28.208862390001336], [85.34575806931075, 28.210111398920752], [85.34631410142228, 28.210789260925328], [85.34539144597011, 28.2092704858449], [85.34472303673671, 28.206758592910504], [85.3447721836235, 28.20524491020348], [85.34503223449218, 28.20432723518203], [85.34482554860405, 28.20472973024937], [85.3442500578567, 28.206868508148794], [85.34426902789131, 28.207243986982906], [85.34414342314136, 28.207519166575334], [85.343998818237, 28.209775957261936], [85.3441946169244, 28.21123673577981], [85.34424499733989, 28.211558269565067], [85.34418744571472, 28.20921148002207], [85.34424268431933, 28.208587690180075], [85.34401873487288, 28.211610510939906], [85.3446166793391, 28.2141355617914], [85.34480015911068, 28.214400778228683], [85.34460843105371, 28.213939806447595], [85.34482268431928, 28.214762309819747], [85.34472388492705, 28.213785342094315], [85.34475065696077, 28.212734103250888], [85.3445904307368, 28.21348547116789], [85.34446154858813, 28.214713273795297], [85.34448834043535, 28.216456156925304], [85.34473336463576, 28.217644646587242], [85.34483132873444, 28.218100876228203], [85.34743612052827, 28.22233317120028], [85.34776867339328, 28.2225828692688], [85.34682143709466, 28.22157780568363], [85.34704921882616, 28.221898746435823], [85.3477760889397, 28.222945273720775], [85.3482487164161, 28.223429112821705], [85.3480645372115, 28.223259313326842], [85.34904041585268, 28.22450168514726], [85.35026854272533, 28.225866998338468], [85.3487871599508, 28.223281268265392], [85.34932555072503, 28.224662663646786], [85.35216073946842, 28.227942621362597], [85.35497768212686, 28.229509326346765], [85.35372271648095, 28.22876139251422], [85.35201708701081, 28.227485878544037], [85.35253653933181, 28.22802544005665], [85.35133835825364, 28.22616100855119], [85.35074365583984, 28.224318624353685], [85.35091376763503, 28.225439394082404], [85.35114457459639, 28.22623839121292], [85.35097522393855, 28.224621165528543], [85.35091466846572, 28.225109286562308], [85.35090642654448, 28.22585673631828], [85.3507843053772, 28.227728819807716], [85.35092569409721, 28.228169997121086], [85.35083099917226, 28.2283834739456], [85.35101684358918, 28.227604186362903], [85.35108349093821, 28.22749515388229], [85.35087980041045, 28.227920318323484], [85.35033123122658, 28.229977489235285], [85.35021634965887, 28.231248109577333], [85.35017351410144, 28.232204575732155], [85.35080163200753, 28.229726943461834], [85.35065495521353, 28.229950946206934], [85.35055179198083, 28.230307829320655], [85.35239947721998, 28.228077598886575], [85.34938646246087, 28.231863501272656], [85.34867295278173, 28.23499544310805], [85.34867268881484, 28.23529777554601], [85.34960701182914, 28.232626121048117], [85.35180378508252, 28.230105638301897], [85.35309191932552, 28.229251009894217], [85.35066009920558, 28.23092814323861], [85.34812827380985, 28.23491705916969], [85.34774079602687, 28.238125313732763], [85.34806071077814, 28.239935288822217], [85.34847378892863, 28.241141996709032], [85.34841307102458, 28.240906611719655], [85.34807020735353, 28.238983255309186], [85.34800400616503, 28.23928], [85.34807296770389, 28.240106550184404], [85.34806086946341, 28.240000450724885], [85.3480495283922, 28.240054794345582], [85.34800588051075, 28.240611886028734], [85.34796147857587, 28.241973856947226], [85.34827268431928, 28.244282309819745], [85.34902995995266, 28.246285975870745], [85.35041331443743, 28.24854471830034], [85.35251134199811, 28.250446518110845], [85.35304440011484, 28.250818988147227], [85.3545949592208, 28.251929385890445], [85.35588134199814, 28.25283651811086], [85.35611214327561, 28.25301341352634], [85.35527973100525, 28.252237918832424], [85.35378996361912, 28.24987905563844], [85.3541242124496, 28.2508398848897], [85.35475593247025, 28.252432750838615], [85.3570865921429, 28.255367519687827], [85.35808876499688, 28.256146108349718], [85.35569856139891, 28.25326850235741], [85.35482552726057, 28.24958483667812], [85.35494682716896, 28.24841306247082], [85.35456929209373, 28.25036329042373], [85.35473681979772, 28.253140076024135], [85.3553762974081, 28.255240889496235], [85.35492618163975, 28.253498555824933], [85.35486498742456, 28.25318462595995], [85.35486858136116, 28.252876676265718], [85.35477400616503, 28.2542], [85.35505538179554, 28.256729666764308], [85.35549968863705, 28.258206578016694], [85.3553190499392, 28.25676747875053], [85.35529839828087, 28.25824100036602], [85.3567292163698, 28.262399673542426], [85.3601574626781, 28.265648595110186], [85.36391671796204, 28.26717769327955], [85.36593031025275, 28.267448746151953], [85.36468048119713, 28.267175303934426], [85.36251210498453, 28.266072568733485], [85.36180433290791, 28.265621171158504], [85.36211912378424, 28.265895438155017], [85.36216571587937, 28.265937855460383], [85.36254883279165, 28.26639984207535], [85.36342720246363, 28.26734279314117], [85.36530585355742, 28.26879102254497], [85.36650042268958, 28.269469678853763], [85.36617652395192, 28.269243614099995], [85.36465785687614, 28.26793125434542], [85.36306715995073, 28.265261268265224], [85.36278893467818, 28.261725026844392], [85.36336624531748, 28.259835817786602], [85.3626355648965, 28.261601408273165], [85.36235764262673, 28.26514020623108], [85.36356090193227, 28.268662212356983], [85.36681012325158, 28.272043808785043], [85.3679598844285, 28.272628668790826], [85.36604818004093, 28.271226440301575], [85.36554035268419, 28.270735471149592], [85.36705871369797, 28.27229697445838], [85.36988781608866, 28.274080404409553], [85.37181195554273, 28.274687360189056], [85.37044149609983, 28.27422313489805], [85.36875405779669, 28.273224677265063], [85.36773519861066, 28.272338113911253], [85.36642077675027, 28.27041395130422], [85.36570342687564, 28.268098416687234], [85.36605354204072, 28.269959306089902], [85.36680009854268, 28.271559009479848], [85.36651151144824, 28.270974098102354], [85.36622693865985, 28.269964008837245], [85.36709755615023, 28.272662003599365], [85.36922255192985, 28.27527873609658], [85.36901670115887, 28.275000953661866], [85.3677137373731, 28.27251196742084], [85.36740437915383, 28.27071683709353], [85.3674178743528, 28.270841629917125], [85.36732487458741, 28.27210724201548], [85.36750946732995, 28.273820645156793], [85.3676155815732, 28.272275939470468], [85.36721864366012, 28.2735312692789], [85.36732681904863, 28.275400995378277], [85.36754031311534, 28.273671853309633], [85.36735833140537, 28.27405897114008], [85.36691648391955, 28.275168432709265], [85.36664189481166, 28.278926943156637], [85.36860130836929, 28.28322637878162], [85.37025222396701, 28.28478441080247], [85.36784075901227, 28.28199669966524], [85.36682370546917, 28.278608139280895], [85.36735590052005, 28.275134607250575], [85.36935632229277, 28.27210491733826], [85.37252042470631, 28.269980312368887], [85.37636650185087, 28.269084244189447], [85.38030902334593, 28.26955313105739], [85.38374777603296, 28.271315589197535]]]}}, {"type": "Feature", "properties": {"name": "Bhote Koshi", "buffer_km": 1.0}, "geometry": {"type": "Polygon", "coordinates": [[[85.35282506651338, 28.179756114550695], [85.35270634725731, 28.179100296335154], [85.35278210651687, 28.17982033635154], [85.35278086874561, 28.180325933579873], [85.35280503090598, 28.179991946453573], [85.3527778353139, 28.180147248063406], [85.35264991728232, 28.180744940159812], [85.35273950114681, 28.180500192869435], [85.35308568852984, 28.1786636717146], [85.35300909765304, 28.17665098573247], [85.35291683546959, 28.17617277095939], [85.35296014168134, 28.17655943932255], [85.35295919583457, 28.176399122158106], [85.35294763016275, 28.17595474722604], [85.35291812398309, 28.176437104994488], [85.35307544879748, 28.17536167342482], [85.35316921348992, 28.174099805297736], [85.35306356782223, 28.172570617652283], [85.3528614747039, 28.171566656410814], [85.35256346133536, 28.17053808328814], [85.35245691967549, 28.17029742460656], [85.35280771125916, 28.1719423961355], [85.35275447143054, 28.17366329916948], [85.35291005573283, 28.172522254572232], [85.35289957357851, 28.171425578706433], [85.35293341027156, 28.17094973389289], [85.35293834491105, 28.16968540235741], [85.35274692960706, 28.1682085474691], [85.3525020094818, 28.167033183321475], [85.35259914447902, 28.16775176629034], [85.35260851754431, 28.168581444250158], [85.35259895220459, 28.16868046453647], [85.35260040258723, 28.168704613820474], [85.35215031648387, 28.1702673029777], [85.35146433727053, 28.171627328803083], [85.35214345681732, 28.170403773264415], [85.3523902019467, 28.1698235399277], [85.35280666890974, 28.168630025675327], [85.35307210651688, 28.1668596636488], [85.35303431444366, 28.165527758731546], [85.35263957903625, 28.163635716762045], [85.3519869633667, 28.162091946415167], [85.351413832491, 28.16111726213406], [85.35084763679676, 28.16026202670454], [85.34943952417841, 28.158665837778674], [85.34867186709076, 28.15802393535257], [85.34783939842447, 28.157424546542476], [85.34650924433618, 28.156667547398165], [85.3455206688581, 28.156239634893748], [85.34875132150971, 28.158282796403217], [85.35084910041721, 28.161260291526407], [85.35149463775835, 28.164718823621875], [85.35058965632474, 28.16813186252975], [85.348271931336, 28.170979804015598], [85.34489431541141, 28.172829074804834], [85.34097101995732, 28.17339814018349], [85.33709933114189, 28.172600365106252], [85.33661075566384, 28.172372452601838], [85.33576060157557, 28.171895453457527], [85.33518813290925, 28.17149606464743], [85.33470047582158, 28.17107416222133], [85.33353236320325, 28.169737973295454], [85.33372616750897, 28.17004273786594], [85.33339303663331, 28.169448053584826], [85.33306042096375, 28.16862428323795], [85.33274568555633, 28.167232241268458], [85.33270789348312, 28.166140336351194], [85.33295333109024, 28.16456997432467], [85.33328979805327, 28.163556460072297], [85.3332365431827, 28.163696226735585], [85.33379566272946, 28.162672671196916], [85.33292968351614, 28.1642926970223], [85.33241959741281, 28.166195386179528], [85.33232104779542, 28.166879535463526], [85.33225148245567, 28.167718555749843], [85.33226085552097, 28.168908233709665], [85.33241799051821, 28.170086816678523], [85.33265307039292, 28.171211452530898], [85.33258165508896, 28.170554597642596], [85.33256658972844, 28.170290266107113], [85.3325204264215, 28.171214421293573], [85.33254994426719, 28.171717745427767], [85.33254552856947, 28.17133670083052], [85.33249228874085, 28.1733776038645], [85.33290308032451, 28.175362575393443], [85.33305653866462, 28.17574191671186], [85.33295852529612, 28.175433343589187], [85.33285643217779, 28.174909382347717], [85.33279078651007, 28.173840194702265], [85.33282455120253, 28.17333832657518], [85.33268187601689, 28.174302895005514], [85.33257236983727, 28.17554525277396], [85.33258080416542, 28.17666087784189], [85.33259985831866, 28.177360560677453], [85.3327031645304, 28.178467229040614], [85.33281090234698, 28.17904901426753], [85.33275431147017, 28.177416328285396], [85.33302049885317, 28.175959807130567], [85.33287008271769, 28.176415059840192], [85.33258216468612, 28.177732751936595], [85.33247496909402, 28.178728053546426], [85.33241913125438, 28.17955406642012], [85.33241789348313, 28.180539663648464], [85.33253365274267, 28.18165970366484], [85.33269493348664, 28.1825638854493], [85.33285165164044, 28.179061572866406], [85.33451682601257, 28.17587872679231], [85.33743694889975, 28.173499906689226], [85.34116745806335, 28.172287266353784], [85.34514041730037, 28.17242541928445], [85.34875097958196, 28.173893332949888], [85.35144946953055, 28.176467530801204], [85.35282506651338, 28.179756114550695]]]}}, {"type": "Feature", "properties": {"name": "Trishuli River", "buffer_km": 1.0}, "geometry": {"type": "Polygon", "coordinates": [[[85.34238724313882, 28.155487242100197], [85.34259914935265, 28.15551963734594], [85.3426299197946, 28.155519764741847], [85.34306927890952, 28.15561758281726], [85.34372424623132, 28.155811374517715], [85.34477201356023, 28.156244702969712], [85.34656206821612, 28.1573860639685], [85.34888592145171, 28.160223295801543], [85.34879722982649, 28.159990397953695], [85.34724201356747, 28.157699533773282], [85.34617425120068, 28.15670403424653], [85.34514261069832, 28.155955928443245], [85.34376520932557, 28.155206818170655], [85.34335776865085, 28.155029959890985], [85.34352013994629, 28.15511057508223], [85.34430337264641, 28.155609964776005], [85.34577369315491, 28.15692524744575], [85.34669008442786, 28.158170021052932], [85.34708568191672, 28.158947009425702], [85.34742600991143, 28.15990975271891], [85.34766470715155, 28.16138471816224], [85.34760198769708, 28.162837376386165], [85.34768218627293, 28.16240362832743], [85.34781901002164, 28.161428981436], [85.34785633777317, 28.160230026526136], [85.34778390772023, 28.15919098719286], [85.3473219177754, 28.15727736509282], [85.34581440392854, 28.154628703385086], [85.34418871708385, 28.15305159495378], [85.34312015544684, 28.152292770130448], [85.34192070910298, 28.15162871614041], [85.34118358810197, 28.151293487967827], [85.34029292836988, 28.150919184219312], [85.33915290815422, 28.150507325325943], [85.33687603994206, 28.14999037361263], [85.33621372732675, 28.149917535242658], [85.33642396851599, 28.14994951819294], [85.33706072239256, 28.150098064492468], [85.33967192341022, 28.151203362404456], [85.34115250085891, 28.152295784344574], [85.34157950880127, 28.152732395310178], [85.34097895320689, 28.152036199104767], [85.34006062048044, 28.151115035731262], [85.3382916555866, 28.149828124627106], [85.33712005508214, 28.149214447232126], [85.3360723908149, 28.148753626539687], [85.33688359858138, 28.149167615661224], [85.33757611303565, 28.1496206628564], [85.33795025934492, 28.149908170944663], [85.33762731329891, 28.14963184897933], [85.33666985740332, 28.148789757094868], [85.33602709728429, 28.148097264572524], [85.33520205858382, 28.147303594587378], [85.33289070910305, 28.14577871614044], [85.33257580942437, 28.145645897288503], [85.33360212592973, 28.146236669501757], [85.33472175379077, 28.147135704148308], [85.3357965615798, 28.14835098401882], [85.33611449243787, 28.148841471746092], [85.33567582483484, 28.14805933692354], [85.33452540060028, 28.146503412595315], [85.33205525808357, 28.144496073233334], [85.3308182988026, 28.14385364010149], [85.32999148808001, 28.143491366189465], [85.33031607338698, 28.143652916320256], [85.3310677930562, 28.144103724783143], [85.33033195845123, 28.143611370579652], [85.32902023978865, 28.142901126431504], [85.3273254580233, 28.142254838741838], [85.32612450845627, 28.141965805100213], [85.3246229482088, 28.141758423377617], [85.3240684330412, 28.141736242226912], [85.32506827926622, 28.141859605749513], [85.32676848296843, 28.142315219902137], [85.32861122372564, 28.143234203346623], [85.33031222510562, 28.144647414731228], [85.33040866011505, 28.144726973242253], [85.3295867521455, 28.143834769501897], [85.32876446332007, 28.143105107635076], [85.32752116056135, 28.14221366494603], [85.32662376236848, 28.141706979828886], [85.32531098781821, 28.141113684391016], [85.32433615171598, 28.140782130151347], [85.32420616762195, 28.140755228771884], [85.32595111059287, 28.14153162096528], [85.32744181658578, 28.14257891033498], [85.3283654267308, 28.143495751220502], [85.32925430466636, 28.1447341063239], [85.32973343803344, 28.14568225325081], [85.32957343803346, 28.145292253250833], [85.32889321319512, 28.14396444809282], [85.327298325253, 28.1420445145059], [85.32585793327196, 28.14092784566433], [85.32440856095283, 28.14013547991766], [85.32314913815739, 28.13963284853107], [85.32177929967766, 28.139232762516894], [85.32045914850664, 28.138971241355417], [85.32002919507036, 28.13891570182248], [85.32139184026096, 28.13922568599568], [85.32293580942425, 28.13983589728845], [85.32500673951296, 28.141213795555093], [85.32579146608458, 28.141994045491952], [85.32681924077202, 28.143449658106714], [85.32684137506209, 28.143464837130715], [85.3261111332625, 28.142262823653102], [85.32541586357712, 28.141377814839313], [85.3245730417189, 28.14049464242891], [85.32387446332021, 28.139885107635198], [85.32303489246372, 28.139245910789068], [85.32181249608716, 28.138511559831006], [85.32091934513545, 28.138082160819167], [85.32007076526237, 28.137737207882946], [85.3184963024714, 28.137231852796596], [85.3171652042427, 28.136938576175027], [85.31694162075121, 28.136881042668453], [85.3179592368277, 28.137219375215444], [85.3187533320035, 28.13758042390751], [85.31936261069853, 28.137935928443383], [85.31993678064198, 28.13833653895621], [85.32072210457069, 28.13902904750754], [85.32144726415092, 28.13986073869777], [85.32217598466738, 28.141005785005746], [85.3227614101373, 28.142486924076223], [85.32303333518452, 28.144227267905006], [85.32298367314908, 28.145370840784985], [85.32312511134582, 28.144337418921893], [85.32320294828915, 28.143394276494167], [85.32318149566964, 28.14201628257811], [85.32313137871029, 28.14164107134648], [85.32302592389811, 28.140742531485575], [85.32257345833446, 28.13896930650456], [85.32162228663354, 28.13708204545066], [85.32069091148522, 28.135866093893863], [85.31945619738666, 28.13470722963981], [85.31855569933121, 28.134059367455468], [85.31678604878083, 28.133117707535526], [85.31466140751564, 28.132442981393055], [85.31168783943782, 28.132161105645604], [85.30822709184572, 28.132767325325958], [85.30585121488912, 28.133876061289865], [85.3048014758154, 28.13453820066409], [85.30502982420391, 28.134403496918285], [85.30674939338087, 28.13367377591832], [85.30772132514947, 28.133420555202296], [85.30893935262627, 28.13324363866224], [85.31115397696375, 28.133288948603518], [85.31321290815427, 28.133757325325963], [85.31588663855378, 28.135116633327417], [85.3141578797988, 28.133840346884835], [85.31665051818189, 28.136570753094883], [85.31776834203363, 28.139934366942565], [85.31734117280571, 28.143419108710813], [85.31543404314077, 28.146494458054672], [85.31233729624212, 28.14869222091465], [85.30852238375302, 28.149677807818083], [85.30457009151763, 28.149301172093292], [85.3010821202012, 28.14761965311517], [85.30301336144622, 28.149043366672583], [85.30600709184573, 28.150562674674042], [85.30840602303624, 28.15109105139648], [85.31078064737375, 28.15113636133776], [85.31233867485054, 28.150919444797704], [85.31375060661912, 28.150546224081676], [85.3156501757961, 28.149736503081716], [85.31647852418462, 28.149261799335914], [85.3174887851109, 28.14862393871013], [85.31543290815426, 28.149572674674037], [85.31231216056219, 28.150118894354392], [85.30973859248438, 28.14987701860694], [85.30803395121916, 28.14934229246447], [85.30646430066881, 28.148520632544532], [85.30576380261337, 28.148012770360186], [85.30472908851476, 28.147033906106138], [85.30395771336646, 28.14603795454933], [85.30314654166554, 28.144390693495442], [85.30283407610186, 28.143157468514424], [85.30286862128973, 28.14353892865352], [85.30287850433035, 28.14354371742189], [85.30285705171084, 28.142405723505835], [85.3028548886542, 28.14250258107811], [85.30273632685092, 28.14334915921501], [85.30266666481548, 28.144792732094995], [85.30297858986272, 28.14679307592377], [85.30366401533261, 28.148514214994258], [85.30453273584908, 28.149879261302235], [85.3054378954293, 28.150910952492456], [85.30642321935804, 28.151783461043788], [85.30743738930146, 28.152504071556613], [85.30848666799648, 28.153099576092494], [85.30954076317231, 28.15358062478455], [85.3108983792488, 28.154038957331547], [85.31201479575728, 28.154321423824975], [85.31290369752863, 28.154508147203398], [85.31212923473767, 28.15428279211706], [85.31182065486455, 28.154157839180836], [85.31138750391283, 28.15394844016899], [85.31050510753627, 28.15341408921093], [85.30996553667978, 28.15301489236481], [85.30964695828108, 28.152725357571086], [85.30920413642289, 28.15226218516069], [85.30886886673753, 28.151837176346895], [85.3082786249379, 28.150875162869283], [85.30854075922795, 28.151390341893286], [85.30970853391544, 28.15302595450805], [85.31065326048704, 28.153966204444913], [85.31288419057573, 28.15546410271155], [85.31482815973904, 28.156234314004315], [85.31659080492963, 28.156624298177523], [85.31682085149335, 28.156648758644582], [85.31634070032233, 28.156547237483107], [85.31585086184263, 28.156407151468933], [85.31507143904714, 28.156104520082334], [85.31380206672802, 28.15541215433567], [85.31252167474698, 28.154415485494106], [85.31104678680488, 28.152635551907178], [85.31044656196653, 28.15148774674917], [85.31060656196655, 28.15187774674919], [85.31116569533363, 28.153005893676095], [85.31217457326919, 28.154404248779496], [85.31323818341421, 28.155461089665025], [85.31486888940712, 28.15660837903472], [85.31689383237804, 28.15752477122812], [85.317663848284, 28.157757869848655], [85.31722901218177, 28.157606315608987], [85.31621623763154, 28.157153020171116], [85.31585883943865, 28.156946335053966], [85.31485553667994, 28.15623489236492], [85.31447324785451, 28.155885230498107], [85.31401133988496, 28.155393026757746], [85.31456777489437, 28.156052585268768], [85.31662877627434, 28.15776579665338], [85.31889151703155, 28.158884780097864], [85.3210917207338, 28.159480394250494], [85.3227315669588, 28.159663757773092], [85.3229170517912, 28.159661576622387], [85.32175549154371, 28.15951419489979], [85.3208345419767, 28.159285161258165], [85.31939976021134, 28.158738873568495], [85.31854804154878, 28.158268629420345], [85.31863220694379, 28.15833627521685], [85.31962392661299, 28.15894708367974], [85.32062851192, 28.159448633810538], [85.3214017011974, 28.159786359898515], [85.32078474191643, 28.15946392676666], [85.31851459939972, 28.157616587404682], [85.31766417516513, 28.15646066307646], [85.31800550756212, 28.15707852825391], [85.31864343842021, 28.158049015981177], [85.31987824620921, 28.15944429585169], [85.32115787407028, 28.160463330498246], [85.32252419057562, 28.16127410271149], [85.32298929089693, 28.16148128385956], [85.32091794141618, 28.160116405412627], [85.32045290271569, 28.159682735427477], [85.32167014259669, 28.16095024290513], [85.3232326867011, 28.16234815102067], [85.3238897406551, 28.162911829055343], [85.32466388696433, 28.163519337143597], [85.32567640141865, 28.164172384338773], [85.32678760918509, 28.164746373460314], [85.32769994491785, 28.16514555276788], [85.32704834441338, 28.164811875372887], [85.32547937951956, 28.163664964268733], [85.32498104679314, 28.163163800895234], [85.32566049119872, 28.16394760468982], [85.3265474991411, 28.16482421565543], [85.32820807658979, 28.166056637595542], [85.33103927760743, 28.167261935507536], [85.33233603148402, 28.167550481807066], [85.33332627267328, 28.167702464757337], [85.33394396005792, 28.16776962638737], [85.33194709184578, 28.167312674674054], [85.33202707163015, 28.167340815780694], [85.33221641189803, 28.167426512032172], [85.332019290897, 28.167331283859586], [85.33129984455316, 28.16692722986955], [85.33061128291614, 28.166448405046218], [85.32926559607147, 28.165111296614917], [85.32791808222458, 28.162762634907175], [85.3275360922798, 28.161209012807138], [85.32748366222684, 28.160589973473858], [85.32752098997835, 28.159851018564], [85.32751781372706, 28.15981637167257], [85.32739801230294, 28.160502623613837], [85.32731529284844, 28.16231528183776], [85.32761399008858, 28.164110247281084], [85.32807431808328, 28.165412990574296], [85.32862991557215, 28.166489978947066], [85.3297063068451, 28.16797475255425], [85.33147662735358, 28.169570035224], [85.33279986005371, 28.170389424917765], [85.33374223134915, 28.170870040109016], [85.33433479067445, 28.171133181829347], [85.33321738930168, 28.170524071556756], [85.33236574879933, 28.169915965753468], [85.33143798643255, 28.169040466226722], [85.3299827701735, 28.166889602046304], [85.33029407854828, 28.16757670419846], [85.33279793178387, 28.170633936031503], [85.33492798643977, 28.171975297030293], [85.3363757537687, 28.172568625482285], [85.33751072109045, 28.172902417182733], [85.3384300802054, 28.173100235258154], [85.33938085064736, 28.173260362654062], [85.34023275686117, 28.173352757899806], [85.3364376868416, 28.172309316854616], [85.33338438233278, 28.170064798835142], [85.33153768126789, 28.16696091136325], [85.33117872714367, 28.163470193169722], [85.3323621674716, 28.160124074456082], [85.33490783418968, 28.157431971463843], [85.3384281726166, 28.155803732469597], [85.34238724313882, 28.155487242100197]]]}}, {"type": "Feature", "properties": {"name": "Trishuli River", "buffer_km": 1.0}, "geometry": {"type": "Polygon", "coordinates": [[[85.31395323871129, 28.133694079252983], [85.31475450065204, 28.134335854764466], [85.31402487918363, 28.13373779774377], [85.31359986173649, 28.133195601622425], [85.31207313525913, 28.130375550196966], [85.31149007671425, 28.130092887037705], [85.31240045217882, 28.131379130825135], [85.30888302722526, 28.126742381686846], [85.30937896162696, 28.127585681144293], [85.31053762089131, 28.12987937153018], [85.31059750383874, 28.128818892632818], [85.30825480872788, 28.123911961640854], [85.30669010461946, 28.122390050137714], [85.30551826263711, 28.121587496765898], [85.30689194191116, 28.122881852841154], [85.30651656536217, 28.122401023347525], [85.30809089436431, 28.12561938088757], [85.30814876749523, 28.129124045639628], [85.30668137409535, 28.132381464165068], [85.30391211150784, 28.134895724021952], [85.30026257485824, 28.1362840519389], [85.29628837301833, 28.136335087575787], [85.29259454219196, 28.135041061219525], [85.28974343463784, 28.132598976652478], [85.29022805808881, 28.133218147158853], [85.29208173736289, 28.13509250323411], [85.29316989538054, 28.135829949862288], [85.2922851912721, 28.135068038359147], [85.29032249616127, 28.13058110736718], [85.2903823791087, 28.132500628469817], [85.29252103837304, 28.137674318855705], [85.29577697277473, 28.140497618313155], [85.29281954782118, 28.136340869174866], [85.29374992328577, 28.138927112962293], [85.2946068647409, 28.139624449803033], [85.2957801382635, 28.141904398377577], [85.29813512081634, 28.14498220225623], [85.30028549934796, 28.146984145235535], [85.30128676128871, 28.147765920747023], [85.29871558861771, 28.145093059936734], [85.29750003186098, 28.141755962802314], [85.29782514851566, 28.138262672131617], [85.2996414425183, 28.1351450097625], [85.30267239957173, 28.132877611528983], [85.30645658394023, 28.131805668258092], [85.31041788785745, 28.132092373595647], [85.31395323871129, 28.133694079252983]]]}}, {"type": "Feature", "properties": {"name": "Trishuli Ganga River", "buffer_km": 1.0}, "geometry": {"type": "Polygon", "coordinates": [[[85.30767780213098, 28.124372646679117], [85.30732769900531, 28.12360379609766], [85.30710040257644, 28.123203375266993], [85.30693350062607, 28.122880874123904], [85.30617457934396, 28.121703897335536], [85.30476979704818, 28.12017273852641], [85.30186127874538, 28.118340234990885], [85.29925819849217, 28.117571469813207], [85.30011029142678, 28.117786456036065], [85.3040375705847, 28.11983172639183], [85.30503239081733, 28.120817160449896], [85.30418167884937, 28.119897388817513], [85.30248926570971, 28.118585083997022], [85.3007612787451, 28.11768023499076], [85.29989486325499, 28.117345171721507], [85.29964871204821, 28.117259501710837], [85.29996657272234, 28.117391618405637], [85.30098502626615, 28.117926632587814], [85.30155778860185, 28.118306562798224], [85.30138989743101, 28.11817606053684], [85.30158381698747, 28.11835413611012], [85.30196620850894, 28.11871877731206], [85.30213571558525, 28.11894090894529], [85.30263238049974, 28.11966310117744], [85.30265086675492, 28.119662890774965], [85.30204964592738, 28.11863673532407], [85.30078838655794, 28.11710791600522], [85.29945284960992, 28.11596711604176], [85.29776635662223, 28.11496790688144], [85.29706494194374, 28.114650503815767], [85.29684325106597, 28.114562670022902], [85.29661479929322, 28.114454679975747], [85.29506950535036, 28.113911774827205], [85.29326916171131, 28.113555766783143], [85.29513703324311, 28.114002725771524], [85.2976613217318, 28.115218047681086], [85.29929771797208, 28.116672882229256], [85.30006585980382, 28.117692031045248], [85.30003984369087, 28.117638393981995], [85.29957881659858, 28.11684667877189], [85.29824823589426, 28.115178503979585], [85.29659105727112, 28.11378629718372], [85.29536701377302, 28.113039859394863], [85.29410746319436, 28.112437524184745], [85.2929332635127, 28.112016360337513], [85.29312801745355, 28.112098396095874], [85.29504478609964, 28.11304498019194], [85.29715326800685, 28.114863845937855], [85.29736559725839, 28.115155580529102], [85.2975212207067, 28.115373445594855], [85.29718606514828, 28.114811912569703], [85.29642683779787, 28.113742233374506], [85.29508308657424, 28.112332724589347], [85.29358558579558, 28.111226393772384], [85.2922798061865, 28.110517571618296], [85.29108918873501, 28.11002467201839], [85.29073062192529, 28.109916969693934], [85.29070587742136, 28.109896510875128], [85.29030062192513, 28.10976696969388], [85.29027225308404, 28.10975280446506], [85.2904094520659, 28.10982138005018], [85.29091973944571, 28.11005156693903], [85.29093037916203, 28.110056847505156], [85.29086184742621, 28.110010788214], [85.29068802684998, 28.10990630752985], [85.29032893981869, 28.109690215020898], [85.28912323499067, 28.109067831193165], [85.2872919760241, 28.108431875394665], [85.2879291887346, 28.10864467201824], [85.2906077886015, 28.11006656279797], [85.29186604509856, 28.11119052822956], [85.29174253076548, 28.11105569468258], [85.29011989139194, 28.109599028578888], [85.28754004926904, 28.108232464405493], [85.2870552113198, 28.10807385169945], [85.28817454636606, 28.108556801275867], [85.29032787514532, 28.11008322582997], [85.29127281270125, 28.111139820735097], [85.29283341140749, 28.11573466823858], [85.29274718785265, 28.113607998827906], [85.27550242941497, 28.108961726392117], [85.29226542191566, 28.11264869715036], [85.29202692853838, 28.111973078440563], [85.29149009619354, 28.11079624404], [85.29090781947075, 28.109834106119326], [85.29008665439396, 28.10870987236204], [85.28956002074457, 28.10814042227898], [85.28911660448196, 28.107617416594938], [85.2881924901255, 28.106727391620534], [85.28791979704812, 28.106492738526352], [85.28757132257635, 28.10617521455095], [85.28656989139193, 28.10536902857888], [85.28479440326309, 28.10433442740858], [85.2843036368501, 28.10412416516354], [85.28551863701449, 28.104770540986237], [85.28655093564872, 28.105507618721376], [85.28715463382412, 28.106087444719336], [85.28802642045395, 28.10715726021183], [85.28791964592729, 28.10698673532394], [85.28770627874124, 28.10668080582622], [85.2876692870632, 28.10662673154165], [85.28695211292803, 28.105676648672212], [85.28562694251009, 28.10440188995212], [85.28444054662062, 28.10356609849248], [85.28254509185436, 28.102643070731624], [85.28047819849213, 28.102081469813204], [85.27981916171152, 28.10198576678317], [85.27959299900711, 28.101957332031038], [85.27795028075158, 28.10189218546381], [85.27776798460064, 28.101899022759895], [85.27838668630173, 28.101912839491643], [85.27966631657634, 28.10206188124976], [85.28370137910294, 28.103673710981543], [85.28636575175179, 28.10634737967582], [85.28720812465643, 28.108096752857318], [85.28714356592205, 28.107838348738028], [85.28647009619351, 28.106236244039945], [85.2858131752324, 28.105183839132632], [85.28507994539247, 28.104254084579253], [85.28379260925459, 28.103036212804483], [85.28117093593782, 28.101504862465656], [85.2807184758298, 28.101330238204802], [85.28198802685006, 28.1019763075299], [85.2835604823379, 28.103173646506143], [85.28515816665679, 28.1052393200761], [85.28523898481292, 28.105355269169706], [85.28280662934901, 28.102344188777394], [85.27941062192494, 28.100486969693815], [85.27891973412774, 28.10034538735666], [85.2847880433944, 28.10493555275366], [85.2856317376473, 28.107291946730818], [85.285469380394, 28.106484568778956], [85.28343015187528, 28.102832163676712], [85.28047282136932, 28.100625253720814], [85.27541, 28.09944688825009], [85.27552971924827, 28.099462185463814], [85.27821872260957, 28.09987409356569], [85.28188260925502, 28.101746212804823], [85.28467076701693, 28.10557581735203], [85.28463459376832, 28.105373814738144], [85.28314956384708, 28.102773201890173], [85.28213934502043, 28.101673531666172], [85.28056810347958, 28.100421621376224], [85.27928531927985, 28.09967348173727], [85.27816045400756, 28.0991476261145], [85.27688973412823, 28.09869538735681], [85.27508363849293, 28.098304759499545], [85.27452796284952, 28.098234578299518], [85.27603872260927, 28.0985540935656], [85.27688036103336, 28.098828726933444], [85.27794010634057, 28.099322983663367], [85.27919778860146, 28.10011656279794], [85.27985463883917, 28.100673413394833], [85.28046273306826, 28.10130400643031], [85.28162562920235, 28.10310159827853], [85.28132116924115, 28.102408491526315], [85.2807521099419, 28.101328225737895], [85.27877817701824, 28.099007850947846], [85.27826855718315, 28.09859704311191], [85.27938299663603, 28.099671651441614], [85.28059054699558, 28.101532987603957], [85.28081072415101, 28.10201502140733], [85.28119440754736, 28.105503682924176], [85.28003521926327, 28.10885628931707], [85.27750963520691, 28.111562436654154], [85.27400215265638, 28.11321013853464], [85.27004675403461, 28.113548547283674], [85.26624561292597, 28.112526143236902], [85.26317741860683, 28.11029857814233], [85.26130927584902, 28.107204978592677], [85.26178945300441, 28.10844701239605], [85.26325700336399, 28.110648348558385], [85.26453144281686, 28.11186295688809], [85.26458182298175, 28.11189214905216], [85.26274789005808, 28.109731774262105], [85.26245883075885, 28.109191508473682], [85.26285437079764, 28.110078401721474], [85.26417726693172, 28.112095993569685], [85.26508536116081, 28.11304658660517], [85.26600221139853, 28.113803437202066], [85.26739989365944, 28.114697016336635], [85.26861963896664, 28.115251273066555], [85.26976127739071, 28.115645906434395], [85.2715320371505, 28.11600542170048], [85.27193636150709, 28.116055240500454], [85.27033026587176, 28.11570461264319], [85.26945954599242, 28.1153923738855], [85.26889468072015, 28.11512651826273], [85.26835189652041, 28.11479837862378], [85.26722065497958, 28.113906468333827], [85.26655043615294, 28.113186798109833], [85.26522540623169, 28.11082618526186], [85.26528923298308, 28.111104182647967], [85.26819739074499, 28.115053787195176], [85.27194127739045, 28.116965906434313], [85.27483028075174, 28.117417814536193], [85.27541, 28.117413111749908], [85.2704271786307, 28.116254746279193], [85.26758984812471, 28.114127836323288], [85.265650619606, 28.11063543122104], [85.2655282623527, 28.110188053269184], [85.2664319566056, 28.112724447246343], [85.27236026587224, 28.117354612643343], [85.27220937807508, 28.117293030306186], [85.26895337065098, 28.115515811222604], [85.26660101518706, 28.112604730830288], [85.2668418333432, 28.113100679923896], [85.26859951766208, 28.115366353493858], [85.27045197314993, 28.116783692470104], [85.27210152417018, 28.1176097617952], [85.27262906406216, 28.11781513753435], [85.27010739074541, 28.116343787195515], [85.26902005460755, 28.115305915420745], [85.2685468247676, 28.11471616086737], [85.2680699038065, 28.11394375596005], [85.26749643407796, 28.11258165126197], [85.26769187534354, 28.11324324714268], [85.2686742482482, 28.115252620324185], [85.27141862089705, 28.11800628901846], [85.27555368342364, 28.119658118750234], [85.2771733136983, 28.119847160508357], [85.27821201539936, 28.11986097724011], [85.2786497192484, 28.11984781453618], [85.27704700099287, 28.119782667968956], [85.2769608382885, 28.119774233216834], [85.27648180150786, 28.1196985301868], [85.27457490814564, 28.119176929268374], [85.27283945337936, 28.118333901507516], [85.2718530574899, 28.11763811004788], [85.27074788707196, 28.11656335132779], [85.2701907129368, 28.115853268458352], [85.27037372125876, 28.11611919417378], [85.27036035407272, 28.116093264676067], [85.27053357954607, 28.11636273978817], [85.27158536617588, 28.117672555280667], [85.27244906435126, 28.118472381278625], [85.2737413629855, 28.119429459013766], [85.2753363631499, 28.120255834836456], [85.27520559673691, 28.120185572591417], [85.27375010860807, 28.11933097142112], [85.27312867742363, 28.11884478544905], [85.2734602029519, 28.119147261473643], [85.27376750987449, 28.11941260837947], [85.27330339551806, 28.11894258340506], [85.27355997925544, 28.119259577721024], [85.27367334560606, 28.119350127637958], [85.27331218052927, 28.118885893880673], [85.27308990380648, 28.118503755960006], [85.27275307146165, 28.117786921559436], [85.27269457808436, 28.117631302849638], [85.28963757058503, 28.121898273607886], [85.27261281214734, 28.116332001172097], [85.27246658859251, 28.116045331761416], [85.27412718729876, 28.120840179264903], [85.27545212485465, 28.122356774170033], [85.27792545363394, 28.124083198724136], [85.27946478868019, 28.124746148300545], [85.27951995073097, 28.124747535594505], [85.27730010860807, 28.123560971421114], [85.27587746923452, 28.122324305317417], [85.27597395490143, 28.12242947177044], [85.27741221139847, 28.123753437202033], [85.2803908112654, 28.12533532798176], [85.28146802397592, 28.125648124605334], [85.27995676500933, 28.125112168806837], [85.27915106018129, 28.124709784979103], [85.27915197315001, 28.124713692470152], [85.27927815257378, 28.124789211785995], [85.27972962083795, 28.125063152494846], [85.28046026055429, 28.125468433060966], [85.28169054793412, 28.12605861994982], [85.28268774691595, 28.12642719553494], [85.28309937807487, 28.126573030306115], [85.28321412257864, 28.12660348912487], [85.28352937807472, 28.126723030306067], [85.28355081126496, 28.126715327981607], [85.28272019381347, 28.126382428381707], [85.28169441420441, 28.125813606227613], [85.28073691342574, 28.125087275410653], [85.27981316220216, 28.124137766625488], [85.27937393485173, 28.1235280874303], [85.2794987792933, 28.123746554405145], [85.2800544027416, 28.1246244194709], [85.28076673199317, 28.125536154062146], [85.28309521390037, 28.127595019808062], [85.28551198254647, 28.128761603904127], [85.28610673648731, 28.128943639662488], [85.28555253680562, 28.12874247581525], [85.28465298622699, 28.128320140605137], [85.28394894272888, 28.127873702816284], [85.28283176410572, 28.126921496020415], [85.28190118340143, 28.12577332122811], [85.28178015630913, 28.125601606018], [85.28215414019618, 28.12624796895475], [85.2832222820279, 28.127707117770743], [85.28515867826822, 28.12940195231891], [85.28808296675689, 28.130857274228475], [85.29041083828868, 28.131344233216858], [85.28895049464965, 28.131048225172794], [85.28778520070678, 28.130645320024254], [85.28783674893401, 28.1306773299771], [85.28825505805625, 28.13084949618423], [85.28795364337778, 28.13071209311856], [85.28652715039007, 28.129852883958243], [85.28551161344204, 28.12899208399478], [85.28449035407263, 28.127743264675928], [85.28416913324507, 28.127217109225036], [85.28452761950025, 28.12789689882256], [85.28544428441477, 28.129239091054707], [85.28611379149105, 28.130001222687937], [85.28685618301252, 28.130765863889877], [85.28773010256901, 28.13150393946316], [85.28836221139815, 28.13199343720178], [85.28941497373383, 28.132713367412187], [85.29087342727765, 28.133468381594366], [85.2917512879518, 28.13382049828916], [85.292185136745, 28.133974828278497], [85.29185872125493, 28.13383976500924], [85.29057073429033, 28.133154916002972], [85.28931832115062, 28.132182611182486], [85.28870760918267, 28.131562839550103], [85.2899024294153, 28.13276827360817], [85.29402970857323, 28.134933543963932], [85.29526180150783, 28.135188530186795], [85.29295872125462, 28.134499765009114], [85.2903102029518, 28.132827261473594], [85.28918542065604, 28.131616102664466], [85.28862649937392, 28.130759125876093], [85.28877959742356, 28.13105662473301], [85.28877230099468, 28.131016203902345], [85.288582197869, 28.130627353320886], [85.28795208043408, 28.127166658807017], [85.28887145898999, 28.123756712468037], [85.29120036648577, 28.12091664772281], [85.29458424786684, 28.11907883868355], [85.29850793786784, 28.118523075116702], [85.30237409025447, 28.119333966987305], [85.30559411837264, 28.121388063358822], [85.30767780213098, 28.124372646679117]]]}}, {"type": "Feature", "properties": {"name": "Trishuli Ganga River", "buffer_km": 1.0}, "geometry": {"type": "Polygon", "coordinates": [[[85.28094151987717, 28.102446436095043], [85.28068441233339, 28.10160108267067], [85.27934947612755, 28.099148313239418], [85.27740399256905, 28.097235517180277], [85.27556540782385, 28.09611901060833], [85.27340120972437, 28.095333763768853], [85.27186505632108, 28.095032289129936], [85.27272298257857, 28.095215437921613], [85.27633782512994, 28.096802638242377], [85.27667594830656, 28.09703960041166], [85.27479960902102, 28.095844561777554], [85.27366760111848, 28.0953582353152], [85.27444703684651, 28.09571904034813], [85.27647904096966, 28.097118238528875], [85.27833448322978, 28.099488201618716], [85.27865120292309, 28.10016323571557], [85.27875231879881, 28.10044089372612], [85.27838849396537, 28.09946048012172], [85.27696045541484, 28.097211400602724], [85.27547620657882, 28.09577919591742], [85.27269127498633, 28.094193596572037], [85.27148209033992, 28.093791195810464], [85.269857256922, 28.093442368950804], [85.26804, 28.09331688825009], [85.26654216693962, 28.093401310708284], [85.2643117712813, 28.09386581412362], [85.2631579652392, 28.094299952265313], [85.26423448711502, 28.093920821126478], [85.26611390682335, 28.09355014255743], [85.26791726932132, 28.093506785850487], [85.26914677172245, 28.093651346391265], [85.27208960902101, 28.094624561777543], [85.2742759786139, 28.096113599680752], [85.27470931038067, 28.096529493046614], [85.27471591558822, 28.096542833803717], [85.27511054523062, 28.097022641908925], [85.27580569112376, 28.09814702984014], [85.27615446736344, 28.098925617085758], [85.27607065388852, 28.098677925855444], [85.27469783390934, 28.09627971469934], [85.27101910628649, 28.09343014221365], [85.26806182577842, 28.092521788642493], [85.26743892328705, 28.092443467132835], [85.27150496114308, 28.093816522476686], [85.27403261853284, 28.09593861456389], [85.27482660473811, 28.097051815849838], [85.27450562815682, 28.09653550319707], [85.2740126539815, 28.095851704334788], [85.27333199421136, 28.09505166331004], [85.2723971245891, 28.09416503923776], [85.27196458761158, 28.09381585035], [85.27236409391125, 28.094173409694918], [85.2723789020481, 28.094172053604147], [85.27225633970413, 28.094050561440497], [85.27297804702047, 28.0949290469209], [85.27355587704247, 28.095856828549888], [85.27376413405165, 28.096318903931518], [85.27407179640406, 28.09722503654866], [85.27403059888684, 28.097062584159513], [85.2736083314175, 28.09579844119617], [85.27272609457478, 28.094217358672992], [85.2729146187489, 28.094508100780974], [85.27296780551231, 28.09460068927242], [85.27226081036278, 28.093503221574704], [85.27166594021352, 28.092785545236975], [85.27114438882388, 28.09222669904087], [85.27068933517212, 28.091802513827638], [85.27021677929564, 28.091391903044695], [85.26910426300162, 28.09058243845708], [85.26778888607144, 28.089855882885114], [85.2674661609569, 28.08971027034573], [85.26747414971284, 28.08972391269655], [85.26859767611346, 28.0904384676754], [85.26959884441702, 28.091333522199456], [85.2699166611507, 28.09167550694146], [85.26960115016077, 28.091298951083424], [85.2691821847282, 28.090827533226214], [85.26826362300048, 28.089913051575937], [85.26591139684857, 28.08831063275059], [85.26386461932532, 28.087472357865263], [85.2622959513892, 28.08702978134913], [85.26055867503028, 28.086654690094537], [85.25930859338744, 28.08648971841757], [85.25860262619976, 28.086373392189135], [85.25799201797423, 28.08629244040347], [85.25872533794303, 28.086477761296187], [85.2592183318782, 28.086629090109437], [85.25990827138375, 28.086959092673432], [85.26003727777201, 28.087039349962524], [85.25943822287718, 28.08661317132741], [85.25795837854845, 28.085710774843577], [85.2560326289212, 28.084838946452212], [85.2533215562201, 28.084096686480823], [85.25080793047078, 28.083793173007816], [85.24932185479133, 28.083696540905066], [85.24831850720027, 28.08367245917238], [85.24751769623246, 28.083642381137146], [85.24652059075125, 28.08357698170994], [85.24523528442798, 28.083512055691536], [85.24397771534098, 28.083508490479336], [85.24381541589294, 28.08352756983234], [85.24462747452964, 28.083579485391006], [85.24571809984803, 28.083788108536606], [85.24626065142189, 28.083957046331754], [85.24700006921988, 28.084260108662164], [85.24790772039869, 28.084802762312215], [85.24761607251467, 28.08456174892236], [85.245282778165, 28.0833502626367], [85.24251121856817, 28.082609235302655], [85.24047709947243, 28.08241517067429], [85.23905420461564, 28.082403624263122], [85.23889514780234, 28.082388995714382], [85.23966191106116, 28.082532228063627], [85.23987634543292, 28.082572665275425], [85.23728734342197, 28.081687069182], [85.23671746349032, 28.081480234803927], [85.23604380427697, 28.081235296020722], [85.23608382932355, 28.081258394560514], [85.23719516919297, 28.08180190948507], [85.2379480051899, 28.08228383184892], [85.23873118073959, 28.082964512657217], [85.2396571517833, 28.084042282314023], [85.23905664614061, 28.083175918877842], [85.23768416763411, 28.081681726110688], [85.23678080221377, 28.080919270303898], [85.23904714988544, 28.08379907659108], [85.23910390459906, 28.083851645769844], [85.23839989951746, 28.082491405656235], [85.23789794421721, 28.081760036730465], [85.2373604554151, 28.081071400602987], [85.23674438882347, 28.08041669904043], [85.23774609457439, 28.081637358672435], [85.23899193523351, 28.084538656063312], [85.23901720628258, 28.084569181760706], [85.23891729060603, 28.084074453664165], [85.23857348283244, 28.082790534269343], [85.23704649131611, 28.080149502919138], [85.23575940721983, 28.078841610042193], [85.23390397248116, 28.077591422584415], [85.23235707310869, 28.07689467214793], [85.23028260412458, 28.07634537042958], [85.23004770713659, 28.076318977925165], [85.23049747010133, 28.07642506631693], [85.23093277816498, 28.0765802626367], [85.23160703684665, 28.0768790403482], [85.23130313033307, 28.076708565191097], [85.23003316076067, 28.07612222180681], [85.22923700019288, 28.075828092197444], [85.23036678289142, 28.076342234351664], [85.23046431120966, 28.07640196999824], [85.23045772039883, 28.076382762312303], [85.22959277851626, 28.075832807167533], [85.22835988344697, 28.075176800490866], [85.22705333075841, 28.074625474545265], [85.2261821363518, 28.07432109338003], [85.22773447838934, 28.07504005474845], [85.22939532133633, 28.076250385791198], [85.23045054523045, 28.077402641908687], [85.23083560289562, 28.077966928272364], [85.23070989951744, 28.077751405656194], [85.22982835597126, 28.07652590386002], [85.2277754253394, 28.074681893951844], [85.22639554370888, 28.073858943766748], [85.22533895846286, 28.073357810654468], [85.2242336803758, 28.072908864893588], [85.22339283560886, 28.072628366441435], [85.22394919632436, 28.07285350292483], [85.22537175750222, 28.073646214844576], [85.22672028077452, 28.07476398952986], [85.22697232891876, 28.075042456978068], [85.2270742514669, 28.07515946028272], [85.22667706203104, 28.074659997031628], [85.22599438882374, 28.07391669904072], [85.2252542763553, 28.073232623492846], [85.22476885459943, 28.072839298822892], [85.22402772039862, 28.072292762312166], [85.2241078251303, 28.072352638242624], [85.22501133497806, 28.07307759032638], [85.22568869878135, 28.073782750498975], [85.22652679513934, 28.074963548629672], [85.22612959648389, 28.07428164821062], [85.22511478518294, 28.07298441648428], [85.22372417424349, 28.0716760451108], [85.22282286499708, 28.07104303331992], [85.22336875135527, 28.07144511929706], [85.22558110130781, 28.07401580678252], [85.22526584119318, 28.07345802051415], [85.22373770807262, 28.07163619797123], [85.21983816426655, 28.069326587377393], [85.21961489128647, 28.069279066021114], [85.22093937808913, 28.069830936648415], [85.22247820844959, 28.070827072806576], [85.22198506437074, 28.070424641770558], [85.22062496114332, 28.069506522476818], [85.21936821053455, 28.068852335104438], [85.2184294415353, 28.068430009939142], [85.21844391762556, 28.06842694081901], [85.21880949686363, 28.068662880577932], [85.21809123021322, 28.068137386432536], [85.21658145640231, 28.06721104384281], [85.21431460085604, 28.066342442088203], [85.21313542393266, 28.06606434542483], [85.21138749632286, 28.06584621513417], [85.2111409724877, 28.06584981905031], [85.21246282370966, 28.066030645363853], [85.21312747010137, 28.066205066316943], [85.21506373005622, 28.067002034120396], [85.21556799087845, 28.067298421082675], [85.2170001303923, 28.068425481279274], [85.21734117913799, 28.068773789393934], [85.21755265398173, 28.069031704335085], [85.21742955117234, 28.068863409555593], [85.217802560803, 28.069439054755705], [85.21798584633234, 28.069776413989885], [85.21813556272498, 28.070132886175404], [85.2183381831974, 28.070789002592765], [85.21844751298035, 28.071368473050175], [85.21848057469586, 28.071828391242747], [85.21849071430141, 28.071600063542753], [85.21848696854542, 28.070790240140617], [85.21839665744825, 28.069814767010055], [85.21818059888672, 28.068702584159087], [85.21770108885357, 28.067348961119798], [85.21711560289557, 28.06623692827232], [85.21669260332762, 28.065584380284918], [85.21586287742632, 28.064549240626935], [85.21524656887188, 28.06391028775998], [85.2139861485048, 28.062858021847326], [85.21300758825166, 28.062234825587026], [85.21237706206854, 28.0618817434288], [85.21135828270361, 28.06139684201133], [85.21041398722424, 28.06103558623828], [85.20992397194732, 28.0608759031237], [85.2102781782341, 28.06101151100158], [85.21024674220573, 28.06099444522907], [85.2108448319844, 28.06129827342012], [85.21245426375323, 28.06241671163721], [85.21359783390977, 28.063599714699873], [85.21445222375355, 28.06488513022304], [85.21483009806532, 28.06571452251131], [85.2151834606714, 28.066905961177866], [85.21531318153473, 28.067855409280337], [85.21529793000394, 28.067561439686465], [85.21529081991119, 28.067756045592823], [85.21512479083165, 28.068852405615512], [85.21503079507363, 28.069220899608993], [85.21502578704725, 28.069235883804875], [85.21433185463194, 28.07055908604646], [85.21395197005621, 28.071084670205465], [85.2139230763849, 28.071116324686955], [85.21438835597151, 28.070604096139718], [85.21530811534251, 28.06930296965035], [85.21541338258517, 28.06912234042938], [85.21572205169363, 28.068589568943157], [85.21615267605641, 28.067790462771736], [85.21666339481757, 28.06672742150438], [85.21705224446556, 28.0658055948181], [85.21732099903411, 28.065030442578138], [85.21746676990854, 28.064552004492143], [85.2175968250228, 28.064143388692752], [85.2177490371948, 28.06356646733846], [85.21794198720757, 28.062690803666243], [85.2180568141917, 28.061827486001558], [85.21809265001706, 28.06151646379415], [85.2179939895985, 28.06202885997276], [85.2178475449587, 28.062614647748287], [85.21763452449223, 28.063122947793975], [85.21772643512185, 28.062987243253005], [85.21837373914269, 28.061146828237693], [85.2185800105717, 28.06009205147319], [85.21863227743198, 28.059759047013674], [85.21872139929386, 28.059344158968607], [85.21884139172747, 28.058397196904263], [85.21887536865307, 28.057814670392684], [85.21888935365884, 28.05736227244564], [85.21889751428348, 28.05683254389494], [85.21890901654484, 28.056649804730682], [85.21891670070114, 28.055570322285043], [85.21870028879266, 28.054104100034763], [85.2183805202954, 28.053000160688384], [85.21775603655487, 28.051586409315863], [85.2171295357441, 28.050538226351645], [85.21680046164384, 28.050063747306986], [85.2168909840214, 28.05019313833654], [85.21655927634535, 28.049672191918948], [85.21610314802038, 28.04893666931543], [85.21582548499727, 28.048482110962635], [85.21558562815653, 28.04811550319668], [85.21498783390959, 28.047279714699634], [85.21371009184026, 28.045922152720223], [85.21175313266772, 28.0445352745454], [85.20987675961972, 28.043687294921096], [85.20898171733633, 28.043401491028547], [85.21025403506518, 28.043918780847722], [85.21163593383696, 28.044712190427507], [85.2116548768696, 28.04472634488964], [85.21147585559515, 28.044593040509994], [85.21116748191888, 28.04432515517587], [85.21019194936156, 28.043563712608364], [85.20942098993973, 28.04304200094607], [85.2112370377185, 28.04478305731791], [85.21147562815653, 28.04510550319668], [85.21169238090198, 28.045447724485385], [85.2122196288197, 28.046605140807404], [85.2126083245038, 28.048076922232287], [85.21263900711207, 28.04835684803238], [85.2126495758543, 28.048588271317094], [85.2126448911385, 28.04814315766094], [85.2124137391426, 28.04640317176197], [85.21175422791055, 28.044555822019987], [85.21134202608728, 28.04375606768413], [85.21106913999421, 28.04326099378737], [85.21059000707977, 28.042402552408838], [85.20990314892148, 28.041179263199762], [85.20729937455206, 28.03834484416657], [85.2054014903247, 28.037035334151234], [85.20406873513053, 28.036192351289834], [85.203236035643, 28.035529452491243], [85.20168348602203, 28.034477395558966], [85.20229640025983, 28.034957131680983], [85.20278562794275, 28.03541421319147], [85.20278247284176, 28.035422522274622], [85.20278824843626, 28.03541411671963], [85.20299049990268, 28.03576730745152], [85.20366603992674, 28.03745043752933], [85.20362658832788, 28.03717410287372], [85.20371122601323, 28.03805], [85.20370667520808, 28.03792855753731], [85.20342236192941, 28.039655869224354], [85.20313291038995, 28.04040474287591], [85.20291911977775, 28.040819808468612], [85.20239665184152, 28.04153427797633], [85.20251777889182, 28.041414376647246], [85.20381110130795, 28.039674193217262], [85.20490899439106, 28.036519416457363], [85.20500122601322, 28.034939999999995], [85.20498629299793, 28.03419039471264], [85.20495754086951, 28.033624391979078], [85.20490082814203, 28.03282055283626], [85.20462548374748, 28.03126098922467], [85.20383222375355, 28.029265130223084], [85.20183904096992, 28.02672823852909], [85.20124875135505, 28.026245119296878], [85.20217426164587, 28.02711980410009], [85.20289526424159, 28.02804025222202], [85.20352311930515, 28.029202717083844], [85.20357126170336, 28.029295923614708], [85.2033092557558, 28.02862252714349], [85.2028769741658, 28.02761246700113], [85.20234291038989, 28.026475257123987], [85.20312122233352, 28.029912362553297], [85.20234953546986, 28.033350630714633], [85.20014533212859, 28.036266616448412], [85.19684418228722, 28.03821638736014], [85.19294865608413, 28.038903108503227], [85.18905181207069, 28.038222232808778], [85.18574690942297, 28.036277417429122], [85.1835370896101, 28.03336474287601], [85.18396302583422, 28.03426753299887], [85.18417074424421, 28.034757472856512], [85.18424873829665, 28.03496407638529], [85.18447688069485, 28.03555728291615], [85.1852847357584, 28.037059747777985], [85.18632573835411, 28.03840019589991], [85.18757124864497, 28.03955488070313], [85.18726095903011, 28.03927176147091], [85.18540777624644, 28.03691486977692], [85.18479451625255, 28.035339010775335], [85.18461917185796, 28.034419447163742], [85.18462245913047, 28.034555608020924], [85.18463370700208, 28.034749605287363], [85.18463877398678, 28.034939999999995], [85.18471100560895, 28.034240583542633], [85.18562889869206, 28.031585806782743], [85.1866222211082, 28.030185623352747], [85.18606334815847, 28.03080572202367], [85.18514088022224, 28.032060191531393], [85.18432708961006, 28.03351525712409], [85.18367763807058, 28.035264130775648], [85.18335332479192, 28.037391442462685], [85.18334877398678, 28.03805], [85.18343341167211, 28.03948589712628], [85.18379396007327, 28.04136956247067], [85.18482950009731, 28.043892692548482], [85.18567175156373, 28.045145883280373], [85.18633752715822, 28.046017477725375], [85.18711437205727, 28.046885786808524], [85.18808359974018, 28.04782286831902], [85.18921651397795, 28.048682604441034], [85.190363964357, 28.049450547508762], [85.19147126486948, 28.050307648710167], [85.19317850967532, 28.05140466584876], [85.19422062544794, 28.052115155833434], [85.19197685107852, 28.049700736800233], [85.19230999292024, 28.050317447591166], [85.19279086000579, 28.051179006212625], [85.19293797391272, 28.051443932315866], [85.19298577208946, 28.05152417798001], [85.1924862608574, 28.050096828238033], [85.19229510886154, 28.048776842339056], [85.19229042414572, 28.0489117286829], [85.19232099288791, 28.049543151967622], [85.19239167549621, 28.05022307776771], [85.19286037118029, 28.052174859192597], [85.19364761909803, 28.053772275514618], [85.19392437184347, 28.05421449680332], [85.1944229622815, 28.05491694268209], [85.19645901006025, 28.056897999053923], [85.19730805063844, 28.057476287391633], [85.19729251808111, 28.057474844824128], [85.19770414440484, 28.057826959490008], [85.19838512313041, 28.05835365511036], [85.19878406616303, 28.058647809572495], [85.20056596493484, 28.059721219152276], [85.20231828266368, 28.06037850897145], [85.20238324038027, 28.060392705078907], [85.2008068673323, 28.059684725454602], [85.19918990815977, 28.05851784727977], [85.1983521660904, 28.05764028530037], [85.19803437184346, 28.057224496803318], [85.19799451500272, 28.05715788903737], [85.19821685197962, 28.05752333068457], [85.19874072365464, 28.05836780808106], [85.1991090159786, 28.058946861663454], [85.19935953835616, 28.05933625269302], [85.19943046425591, 28.059421773648356], [85.19938396344511, 28.05933359068414], [85.19895947970458, 28.05839983931162], [85.19873971120732, 28.057655899965233], [85.19858329929883, 28.056529677714956], [85.19857098345517, 28.05577019526932], [85.1985424857165, 28.05634745610506], [85.19853064634117, 28.057017727554353], [85.19852463134693, 28.05720532960732], [85.19853860827254, 28.057022803095737], [85.19859860070612, 28.056595841031392], [85.19854772256804, 28.05680095298633], [85.19845998942827, 28.05732794852681], [85.1984462608573, 28.057453171762308], [85.19891356487815, 28.056112756746995], [85.19872547550776, 28.056457052206028], [85.1983124550413, 28.05754535225171], [85.19798601040148, 28.05869114002724], [85.19782734998293, 28.059763536205846], [85.19780318580831, 28.059972513998442], [85.19781801279242, 28.059949196333758], [85.1978309628052, 28.05983353266154], [85.19790317497723, 28.059576611307243], [85.19783323009145, 28.05978799550785], [85.19769900096587, 28.06022955742186], [85.19780775553443, 28.059934405181902], [85.19777660518244, 28.060012578495616], [85.1975473239436, 28.060489537228257], [85.19747794830636, 28.060610431056837], [85.19728661741483, 28.06093765957062], [85.19731188465751, 28.060897030349654], [85.19807164402852, 28.059855903860278], [85.19781692361511, 28.06012367531304], [85.19722802994377, 28.06083532979454], [85.19666814536806, 28.061620913953536], [85.19589421295277, 28.063084116195125], [85.19558920492635, 28.063879100391006], [85.19519520916836, 28.065167594384487], [85.19494918008881, 28.06694395440718], [85.19494206999606, 28.068018560313536], [85.1949868184653, 28.06892459071966], [85.19515653932858, 28.070154038822135], [85.19556990193468, 28.07154547748869], [85.19602777624647, 28.072534869776955], [85.19696216609022, 28.073960285300128], [85.19826573624677, 28.075303288362797], [85.1999951680156, 28.07650172657988], [85.20083325779426, 28.07692555477093], [85.20156182176592, 28.077248488998418], [85.20249602805266, 28.0776040968763], [85.20304601277574, 28.07778441376172], [85.20252171729639, 28.077583157988666], [85.20188293793149, 28.077278256571198], [85.20185241174833, 28.07726517441297], [85.2011738514952, 28.07682197815267], [85.20017343112812, 28.075989712240013], [85.19999712257369, 28.075810759373063], [85.19934739667238, 28.074995619715082], [85.19920439710442, 28.074783071727676], [85.1987189111464, 28.073851038880196], [85.19835940111328, 28.072817415840913], [85.19818334255177, 28.071985232989952], [85.19813303145459, 28.071309759859382], [85.1981292856986, 28.071419936457247], [85.19811942530411, 28.07203160875725], [85.19819248701965, 28.073211526949823], [85.1984418168026, 28.074610997407238], [85.19888443727504, 28.0759871138246], [85.19929415366765, 28.07690358601012], [85.19969743919698, 28.0776609452443], [85.20027044882765, 28.0785365904444], [85.20078734601827, 28.079228295664915], [85.201358820862, 28.079906210606065], [85.2020198696077, 28.080594518720726], [85.20361200912156, 28.081841578917327], [85.20445626994379, 28.082337965879606], [85.20657252989862, 28.08321493368306], [85.20765717629035, 28.083489354636153], [85.20939902751228, 28.083750180949682], [85.21005250367713, 28.083773784865826], [85.20878457606736, 28.083615654575162], [85.20826539914397, 28.08349755791179], [85.20635854359772, 28.08274895615719], [85.20530876978677, 28.08212261356747], [85.20621050313638, 28.08277711942207], [85.20731608237445, 28.083473059180992], [85.2085705584647, 28.08414999006086], [85.20979178946546, 28.08470766489556], [85.2093950388567, 28.08449347752319], [85.20861493562924, 28.08397535822944], [85.20892179155042, 28.08423292719342], [85.21060062191088, 28.085309063351588], [85.21228510871353, 28.08604093397889], [85.21264183573346, 28.086133412622605], [85.20888229192735, 28.083923802028774], [85.20755415880681, 28.082321979485847], [85.20739889869218, 28.082104193217482], [85.20969124864475, 28.084754880702942], [85.21045713500291, 28.08531696668008], [85.2101958257565, 28.0851039548892], [85.20918521481707, 28.08417558351572], [85.20853040351611, 28.083318351789384], [85.20839320486068, 28.083136451370322], [85.20941130121865, 28.084577249501027], [85.21036866502195, 28.08556240967362], [85.2114521748697, 28.086427361757373], [85.21175227960137, 28.086627237687832], [85.21103114540058, 28.086100701177106], [85.21114572364469, 28.086187376507155], [85.21072561117627, 28.085803300959277], [85.21030293796895, 28.08534000296837], [85.2102657485331, 28.085300539717277], [85.21062767108123, 28.085757543021934], [85.2112597192255, 28.086456010470137], [85.21290824249779, 28.08785378515542], [85.21485080367563, 28.088926497075175], [85.21606716439112, 28.08939163355856], [85.2165063196242, 28.089531135106412], [85.21622104153718, 28.089422189345527], [85.21606445629116, 28.08934105623326], [85.21532457466058, 28.08889810604816], [85.21351164402873, 28.087274096139982], [85.21283010048259, 28.086348594343807], [85.21292439710439, 28.08651307172763], [85.21346945476955, 28.087317358091315], [85.21472467866367, 28.0887096142088], [85.21666552161066, 28.090119945251548], [85.21849786364821, 28.090958906619974], [85.21912666924162, 28.09117452545473], [85.21868011655302, 28.090983199509132], [85.21830722148374, 28.090787192832465], [85.21818227960117, 28.0907172376877], [85.21881568879034, 28.091138030001762], [85.21983321710857, 28.09171776564833], [85.22124299980713, 28.092351907802556], [85.22170683923933, 28.092517778193198], [85.22089686966693, 28.0921514348089], [85.22135296315334, 28.0924009596518], [85.222667221835, 28.092999737363304], [85.22394252989868, 28.09343493368307], [85.2253522928634, 28.09380102207483], [85.22635739587541, 28.093974629570422], [85.22454292689132, 28.09348532785207], [85.22333602751887, 28.092948577415587], [85.22170059278018, 28.0918383899578], [85.22057350868387, 28.090710497080863], [85.21916651716755, 28.08822946573066], [85.21888270939398, 28.08728554633583], [85.2188627937174, 28.0871308182393], [85.2189680647665, 28.08780134393669], [85.22031390542558, 28.090922641327566], [85.22147561117656, 28.092303300959564], [85.22111954458492, 28.091908599397016], [85.2208020557828, 28.091519963269533], [85.22052010048253, 28.091088594343766], [85.22001609540095, 28.090108354230157], [85.22035285011455, 28.090920923408923], [85.22279919778622, 28.0939807296961], [85.22279583236586, 28.093938273889318], [85.22236335385941, 28.093464081122157], [85.22234284821668, 28.093497717685977], [85.22362881926038, 28.095015487342785], [85.2248719948101, 28.09605616815108], [85.22608483080704, 28.096858090514935], [85.22767617067646, 28.097621605439482], [85.22833619572303, 28.097864703979273], [85.22898253650969, 28.09809976519607], [85.22985265657803, 28.098412930818004], [85.23264365456707, 28.09936733472457], [85.23439808893886, 28.099887771936377], [85.23650485219765, 28.100231004285614], [85.23826579538436, 28.100356375736876], [85.23960290052757, 28.100364829325706], [85.23902878143181, 28.100310764697348], [85.23701722183502, 28.099769737363303], [85.23540392748532, 28.098938251077637], [85.23563227960132, 28.09913723768779], [85.23709993078015, 28.09995989133784], [85.23837934857812, 28.100522953668246], [85.24000190015197, 28.1010318914634], [85.24187252547036, 28.101380514608987], [85.24356458410706, 28.101492430167657], [85.24436228465902, 28.101471509520664], [85.244544715572, 28.101467944308464], [85.24515940924876, 28.10150301829006], [85.24632230376753, 28.101577618862855], [85.24760149279975, 28.101627540827618], [85.24837814520869, 28.10164345909493], [85.2485320695292, 28.101646826992187], [85.24961844377991, 28.10176331351917], [85.24808737107882, 28.10138105354779], [85.24728162145156, 28.101009225156425], [85.2472217771228, 28.100986828672593], [85.24786272222796, 28.10144065003748], [85.24909172861622, 28.102180907326574], [85.2505616681218, 28.10289090989056], [85.25249466205696, 28.10358223870382], [85.25446798202576, 28.10398755959653], [85.25519737380024, 28.104086607810864], [85.25609140661254, 28.10423028158243], [85.2566413249697, 28.104285309905464], [85.2568040486108, 28.104330218650873], [85.25681538067468, 28.104327642134734], [85.25576860315145, 28.103889367249412], [85.25387637699954, 28.10262694842406], [85.2533378152718, 28.102112466773786], [85.25339884983921, 28.102181048916577], [85.2534833388493, 28.10228449305854], [85.254081155583, 28.102966477800543], [85.25532232388653, 28.1040615323246], [85.25678585028717, 28.105016087303458], [85.25781383904312, 28.10552972965427], [85.25807111392855, 28.105644117114892], [85.25713573699839, 28.10511756154292], [85.25642322070435, 28.104608096955303], [85.25619066482788, 28.10441748617236], [85.25587561117612, 28.10411330095913], [85.25557405978648, 28.10379445476302], [85.25533918963723, 28.1034967784253], [85.2547121944877, 28.10255931072758], [85.25496538125113, 28.102991899219024], [85.25529390542522, 28.103502641327005], [85.2545316685825, 28.10208155880383], [85.25420940111317, 28.101177415840485], [85.25422820359594, 28.101254963451346], [85.25459586594833, 28.10238109606848], [85.25500412295753, 28.103263171450116], [85.25578195297952, 28.104550953079098], [85.25676366029589, 28.1057094385595], [85.2569610979519, 28.105907946395853], [85.25753590608876, 28.106486590305085], [85.2583354123884, 28.107164149649996], [85.25828287541087, 28.10711496076223], [85.25762800578862, 28.106488336689964], [85.25724734601853, 28.106048295665214], [85.2569543718432, 28.105644496802928], [85.25675339526187, 28.10532818415016], [85.25762738146715, 28.106581385436105], [85.26027503885692, 28.108803477523317], [85.26446107671296, 28.110216532867163], [85.26417817422158, 28.110158211357508], [85.2615808937135, 28.109349857786345], [85.25806216609064, 28.10664028530066], [85.25676934611148, 28.104402074144556], [85.25676553263655, 28.104414382914236], [85.25727430887626, 28.105592970159865], [85.25812945476939, 28.10693735809108], [85.25866408441178, 28.107597166196282], [85.25899068961935, 28.107950506953383], [85.2596640213861, 28.108626400319253], [85.26205039097901, 28.110255438222456], [85.26515322827754, 28.111268653608732], [85.26656273067869, 28.11143321414951], [85.26852609317666, 28.111389857442568], [85.27062551288498, 28.110979178873524], [85.2719620347608, 28.11050004773469], [85.27106822871872, 28.110814185876386], [85.26915783306038, 28.111218689291714], [85.26804, 28.11128311174991], [85.26660274307801, 28.1111776310492], [85.26529790966009, 28.110908804189542], [85.26440872501368, 28.110606403427965], [85.26186379342117, 28.10914080408258], [85.26071954458514, 28.108048599397282], [85.25943150603466, 28.106019519878284], [85.25916768120122, 28.10535910627388], [85.25936879707693, 28.105936764284433], [85.25988551677021, 28.107091798381287], [85.26190095903034, 28.109661761471127], [85.26419296315349, 28.111240959651877], [85.26541239888154, 28.1117817646848], [85.26476039097898, 28.11147543822245], [85.26316405169345, 28.110480399588344], [85.26368217487006, 28.11087736175763], [85.26751701742145, 28.11258456207839], [85.26875494367893, 28.112787710870066], [85.26771879027564, 28.112586236231145], [85.26583459217616, 28.111900989391668], [85.26421600743093, 28.110924482819723], [85.26245052387243, 28.109171686760586], [85.26125558766662, 28.106978917329332], [85.26117848012284, 28.106773563904962], [85.2609922775628, 28.103272380062016], [85.26233879447973, 28.099974836729075], [85.26501303587918, 28.097382954986276], [85.26860787275017, 28.095891325333486], [85.27257602376633, 28.095727034863696], [85.27631337390687, 28.096915095311623], [85.27925094549205, 28.099274635243876], [85.28094151987717, 28.102446436095043]]]}}, {"type": "Feature", "properties": {"name": "Trishuli Ganga River", "buffer_km": 1.0}, "geometry": {"type": "Polygon", "coordinates": [[[85.20135910848549, 28.024873690411123], [85.20091699289094, 28.024303709044126], [85.200465874061, 28.02378314200838], [85.20097754404792, 28.024452816909907], [85.2018900053535, 28.026157843322135], [85.20228400226517, 28.027661154730406], [85.20217177375427, 28.026956912610945], [85.20099080061198, 28.024176485141226], [85.20001256302334, 28.022909431640183], [85.19988587406083, 28.022773142008187], [85.19953008862919, 28.022372786330052], [85.19898180958948, 28.021818744715514], [85.19867569374313, 28.021530740439164], [85.19847140950644, 28.021341590706385], [85.19842768798486, 28.021307301700272], [85.19864920439613, 28.021538239788093], [85.19912547501833, 28.022101063353364], [85.19872452493844, 28.02158951751726], [85.19899371516641, 28.02195699595589], [85.19952950431599, 28.022806772563687], [85.19995567370641, 28.02376903601821], [85.20016313939199, 28.02445797663083], [85.2001001006957, 28.02417598257347], [85.19957372373645, 28.022690885780378], [85.19860080311754, 28.021042037101182], [85.19558113960036, 28.018358357009806], [85.19162728828664, 28.016980289589423], [85.1901000424516, 28.01685251215186], [85.19114890992213, 28.01694705847051], [85.19199421432131, 28.017105005639166], [85.19197097986994, 28.0170936405259], [85.19134351240368, 28.016927022782355], [85.191647073928, 28.017027489662873], [85.19246941287064, 28.017306216522424], [85.19331978695911, 28.017720475882978], [85.19388639994666, 28.018044905202608], [85.19656935809431, 28.02062877123898], [85.19792791783198, 28.023922267100065], [85.19775525075498, 28.02742398789664], [85.19607764386056, 28.030600828380603], [85.19315049759086, 28.032969143386396], [85.18941944343076, 28.034168378423217], [85.18545250055409, 28.034015960827805], [85.18185360005336, 28.03253509479739], [85.18276021304091, 28.03307952411702], [85.18383058712934, 28.03357378347757], [85.185012926072, 28.034012510337128], [85.18587648759632, 28.034232977217652], [85.18598902013007, 28.0342663594741], [85.18662578567869, 28.034434994360836], [85.18797109007785, 28.034692941529485], [85.18937995754841, 28.034807487848138], [85.18813271171335, 28.034679710410572], [85.18441886039963, 28.033381642990197], [85.18153919688247, 28.03083796289882], [85.18070627626356, 28.029429114219628], [85.18025989930427, 28.02818401742653], [85.180256860608, 28.02820202336917], [85.1805443262936, 28.029170963981787], [85.181090495684, 28.030413227436316], [85.18186628483359, 28.031663004044116], [85.18237547506156, 28.03229048248274], [85.18215452498167, 28.032018936646633], [85.18281079560386, 28.032821760211913], [85.18349231201515, 28.033512698299727], [85.18384859049355, 28.03383840929362], [85.18392430625688, 28.03390925956083], [85.18389819041053, 28.033881255284488], [85.18384991137081, 28.03382721366994], [85.18389412593918, 28.033886857991813], [85.18402743697666, 28.03403056835981], [85.18328919938803, 28.033043514858775], [85.18222822624573, 28.030543087389056], [85.18211599773481, 28.030078845269596], [85.1825899946465, 28.031862156677867], [85.18364245595211, 28.03386718309009], [85.18447412593902, 28.034896857991622], [85.18436300710906, 28.034756290955873], [85.18452089151451, 28.03496630958887], [85.18297405690085, 28.031738170730225], [85.18294444678253, 28.028233231859655], [85.18443656903167, 28.024985088147865], [85.18722326156195, 28.022488240030476], [85.19088027569704, 28.021122809999373], [85.19485086418582, 28.02109667239914], [85.19853054092434, 28.022413806442472], [85.20135910848549, 28.024873690411123]]]}}, {"type": "Feature", "properties": {"name": "Trishuli Ganga River", "buffer_km": 1.0}, "geometry": {"type": "Polygon", "coordinates": [[[85.19519961119164, 28.019058685681138], [85.19563844671549, 28.01950534386346], [85.19579082806605, 28.019663907262387], [85.19532619418663, 28.019139875040036], [85.19430399297934, 28.018170041761458], [85.19330756379638, 28.017431649691922], [85.19309941256525, 28.017299652871998], [85.19441861912054, 28.018394942053515], [85.19552472767833, 28.019757984087352], [85.1958093449876, 28.020262567923375], [85.19588679151327, 28.020414523595903], [85.19604675495258, 28.020890236021508], [85.19612106917528, 28.02110679561743], [85.19610522812528, 28.02108009955337], [85.19617530946849, 28.021558698191228], [85.19618528247628, 28.02157024631076], [85.1961838265765, 28.02196019461727], [85.19614447979093, 28.022525289203553], [85.19613384527027, 28.022629297228594], [85.19612221756728, 28.02264898912143], [85.19574029983163, 28.023851101097158], [85.19513005270692, 28.02502374274559], [85.19355794809492, 28.026828616880437], [85.19347574991698, 28.02692205704889], [85.19404143625793, 28.026460394702912], [85.1948886191204, 28.02569505794661], [85.19644535368656, 28.02366588887366], [85.19701522996355, 28.022461062850944], [85.19748202265984, 28.020973415841066], [85.19766587403659, 28.01914], [85.19758477382021, 28.017929937544483], [85.19747598651284, 28.017245135221003], [85.19742393604999, 28.01697812191115], [85.19750886724493, 28.017720858675037], [85.19750398997664, 28.017375978224408], [85.19746875545674, 28.016989156704543], [85.1974652697497, 28.01695210261927], [85.19747099594676, 28.016978117797276], [85.19748587403657, 28.016479999999998], [85.19744602419749, 28.01565244378327], [85.19720939307739, 28.014245853169335], [85.19610179961659, 28.01167025771076], [85.1943001757448, 28.009589901744526], [85.19322459876395, 28.008751007982074], [85.19187889231605, 28.00794088397314], [85.19092980167255, 28.00750423151142], [85.1906959084844, 28.00740638635457], [85.19097227884379, 28.007550668658777], [85.19361536563243, 28.009601986408587], [85.19480802295358, 28.011312320849775], [85.19516567427547, 28.012111250650545], [85.19504884811622, 28.011779795245108], [85.19547599767944, 28.015264488821366], [85.194360033479, 28.018628228676626], [85.19187085094819, 28.02135891591031], [85.18838740556285, 28.023040828144826], [85.18444002030535, 28.02341790948904], [85.18062964879802, 28.022432752726555], [85.17753638556177, 28.020235339043982], [85.17563115188378, 28.017160204754894], [85.17583432572454, 28.01772874934946], [85.17631197704641, 28.01880767915022], [85.1776446343676, 28.020738013591416], [85.18048772115621, 28.02294933134123], [85.18154409151558, 28.023453613645422], [85.18197019832745, 28.02363576848858], [85.18170110768395, 28.02349911602686], [85.18069540123605, 28.022908992017925], [85.1798598242552, 28.022250098255476], [85.17835820038341, 28.020469742289237], [85.17737060692261, 28.01825414683066], [85.17715397580251, 28.01702755621673], [85.17713412596342, 28.016479999999998], [85.17712900405324, 28.016421882202728], [85.1771147302503, 28.01714789738073], [85.17715124454325, 28.018030843295463], [85.17717601002337, 28.018244021775594], [85.17719113275507, 28.01875914132496], [85.17733606395001, 28.01986187808885], [85.17736401348716, 28.019994864778994], [85.17737522617976, 28.020050062455514], [85.17731412596342, 28.01914], [85.17747797734013, 28.017666584158935], [85.17782477003647, 28.016478937149053], [85.17827464631344, 28.015574111126337], [85.17963138087958, 28.013804942053387], [85.18001856374205, 28.013439605297087], [85.17992425008303, 28.013517942951108], [85.17918205190509, 28.014111383119563], [85.17742994729306, 28.016156257254412], [85.17663970016835, 28.017648898902838], [85.17613778243273, 28.01925101087857], [85.17600615472975, 28.01997070277141], [85.17591552020906, 28.02055471079645], [85.1758361734235, 28.021599805382728], [85.17585471752373, 28.022389753689236], [85.17590469053151, 28.023161301808766], [85.17607477187472, 28.02425990044663], [85.17617893082473, 28.024693204382572], [85.17637324504743, 28.02548976397849], [85.17677320848672, 28.02658547640409], [85.17719065501238, 28.02751743207663], [85.17783527232166, 28.028642015912645], [85.17916138087946, 28.030285057946482], [85.18072058743473, 28.031560347128], [85.1809524362036, 28.031708350308076], [85.18037600702067, 28.03126995823854], [85.17963380581334, 28.030580124959965], [85.17946917193396, 28.030396092737615], [85.17986155328448, 28.030854656136537], [85.18054038880835, 28.031521314318862], [85.1783970756029, 28.028570841010385], [85.17769592926462, 28.025120889398977], [85.17854369296762, 28.02169668334358], [85.18081130237313, 28.01881952717563], [85.18415353450504, 28.016927441840206], [85.18806156481875, 28.016308480177834], [85.19194043112533, 28.017056873490702], [85.19519961119164, 28.019058685681138]]]}}, {"type": "Feature", "properties": {"name": "Trishuli Ganga River", "buffer_km": 1.0}, "geometry": {"type": "Polygon", "coordinates": [[[85.1948383775538, 28.011250604103015], [85.19443725137529, 28.01039900202623], [85.19389572817902, 28.009487366469948], [85.19339727212446, 28.00875463047484], [85.1926271596243, 28.00780205365654], [85.19229109267575, 28.007455138798946], [85.19302497949121, 28.008362024121325], [85.19340476486606, 28.008977304849935], [85.19360122574366, 28.00935021356769], [85.19344831179266, 28.009025715502855], [85.1934336570941, 28.0089993979583], [85.19366153205299, 28.009665182222363], [85.19380800447477, 28.010347612877958], [85.19385787849, 28.010684209036935], [85.19386279165965, 28.01094037055162], [85.19386250982656, 28.011230562249438], [85.19390786392103, 28.01048706077041], [85.19386559411369, 28.00892293698217], [85.19370681673716, 28.007867241321357], [85.19373273686101, 28.008157493883893], [85.19373746613486, 28.008106853985815], [85.19375614629263, 28.007874958418654], [85.19369573373909, 28.008286777415208], [85.1936715329529, 28.008494074242996], [85.19369504954327, 28.008366256281157], [85.19344855164408, 28.009173553803635], [85.19346212167062, 28.00912974463192], [85.19350416257494, 28.009039451780605], [85.1938080270913, 28.008271057906384], [85.19397176741168, 28.007733892116093], [85.19426330368765, 28.00663983251392], [85.19442662336003, 28.005287850433536], [85.19442402999844, 28.003984590371108], [85.19432161898426, 28.003130879130044], [85.19418313540679, 28.002382922157018], [85.19417918995174, 28.002427876378167], [85.19430263568441, 28.003381759810903], [85.19430522247879, 28.003997355241655], [85.19432702971184, 28.003727271018384], [85.19430158604979, 28.00243126964308], [85.1941095861311, 28.001246475628463], [85.19370236393088, 27.999886136609547], [85.1932820562163, 27.998971862325234], [85.19333435111012, 27.999103408959304], [85.1937791916073, 28.000449626726915], [85.19394430330205, 28.001603812823827], [85.19390816855815, 28.002653575579263], [85.19371146929619, 28.003733014032715], [85.19343188519673, 28.004539343097967], [85.19291842626745, 28.005548343287582], [85.19254784172188, 28.006092384399796], [85.19230355069435, 28.006388576644266], [85.19265497506649, 28.0060037687699], [85.19359767621022, 28.00470839270811], [85.19455503389122, 28.00256011690202], [85.19481962425122, 28.001444366738856], [85.19493995651003, 28.000385221294923], [85.19496248235976, 27.99976521082593], [85.19490975438217, 28.00035811937694], [85.194528708176, 28.001974126681635], [85.19392054971898, 28.00324523520198], [85.19393479610622, 28.00324574023652], [85.19433879873817, 28.002654408518705], [85.19468088375025, 28.002091305782393], [85.1950865553764, 28.001407781817825], [85.19551241731172, 28.00053317598366], [85.19600733701647, 27.999224444053745], [85.19632539347468, 27.996284013950405], [85.19505222677026, 27.992392816006355], [85.19374124892164, 27.990721191540622], [85.1921478592613, 27.98937088231116], [85.19218680428908, 27.989423536612986], [85.19388218166979, 27.99108723081359], [85.1936257672009, 27.990717455378302], [85.19318142476106, 27.990166027480996], [85.19261302185618, 27.989513877876153], [85.19196221538836, 27.988875281141635], [85.19142706515434, 27.988389211789453], [85.19087582715872, 27.987934687733084], [85.19033352739277, 27.987516131909935], [85.18998197441573, 27.987264170258644], [85.18979523171573, 27.98712739053217], [85.18958486050563, 27.986964570881497], [85.18935170005122, 27.98677875869883], [85.18929737614083, 27.986743864139317], [85.19004125986275, 27.987431603546717], [85.19122032252616, 27.988974765563153], [85.19200274383768, 27.990779748464213], [85.19227434846222, 27.99220233153003], [85.19227891706397, 27.99342293991446], [85.1921833036877, 27.994129832513703], [85.19201631907777, 27.9947637859479], [85.19202505057734, 27.994711644818548], [85.19223202763929, 27.994292803545584], [85.19002848040145, 27.997208280161768], [85.18672902977687, 27.99915728867063], [85.18283598721356, 27.999843110194497], [85.17894203315126, 27.99916133462335], [85.17563998679717, 27.997215756107583], [85.17343255477557, 27.994302571339507], [85.17265579860133, 27.990865286291978], [85.17342797236068, 27.98742719645442], [85.17289494942268, 27.988588355181452], [85.17240368092222, 27.9899762140521], [85.17211669631229, 27.991150167486303], [85.17198108293603, 27.992157060085535], [85.1719856515378, 27.993577668469968], [85.17229725616231, 27.99526025153579], [85.17317967747383, 27.997285234436845], [85.17451874013726, 27.999048396453283], [85.17558262385919, 28.00001613586068], [85.17592829994881, 28.00028124130117], [85.17609513949438, 28.000415429118508], [85.17658476828427, 28.00079260946783], [85.17707802558428, 28.001155829741357], [85.17720647260721, 28.00124386809006], [85.17728417284125, 28.001305312266915], [85.17717293484563, 28.00121078821055], [85.17709778461163, 28.001144718858363], [85.17706697814383, 28.00110612212385], [85.17675857523896, 28.000773972519003], [85.17663423279907, 28.000602544621703], [85.1770578183302, 28.001192769186414], [85.1790131957109, 28.00311646338701], [85.17959214073869, 28.00350911768884], [85.17823875107835, 28.00235880845938], [85.17720777322975, 28.001027183993646], [85.17601460652531, 27.997375986049594], [85.17629266298353, 27.994775555946255], [85.17660758268826, 27.993886824016343], [85.1767534446236, 27.99361221818217], [85.17671911624976, 27.993648694217605], [85.1766812012618, 27.993725591481297], [85.17650520389377, 27.99397425976348], [85.17593945028102, 27.99483476479802], [85.17513129182402, 27.99654587331836], [85.17467024561785, 27.99850188062306], [85.17461751764026, 27.999434789174074], [85.17462004348997, 27.999434778705076], [85.17470037574876, 27.99875563326114], [85.17488496610876, 27.99795988309798], [85.17574232378976, 27.996091607291884], [85.17626502493353, 27.995356231230097], [85.17633644930564, 27.995251423355736], [85.17569215827812, 27.9960276156002], [85.17500157373256, 27.997031656712416], [85.17430811480328, 27.99840065690204], [85.1739285307038, 27.999526985967282], [85.17365183144184, 28.000946424420736], [85.17361569669796, 28.002396187176167], [85.17382080839272, 28.00395037327308], [85.17440564888987, 28.0056965910407], [85.17473794378368, 28.006368137674762], [85.17447763606913, 28.005773863390452], [85.1741304138689, 28.004653524371534], [85.17401841395021, 28.00386873035692], [85.17399297028815, 28.00305272898162], [85.17397477752122, 28.00324264475835], [85.1739773643156, 28.004238240189103], [85.17414081004824, 28.005552123621836], [85.17423686459318, 28.005937077842983], [85.17415838101574, 28.005549120869954], [85.17411597000157, 28.00511540962889], [85.17411337663998, 28.004232149566466], [85.17419669631234, 28.003660167486082], [85.17432823258832, 28.003046107883907], [85.17435197290868, 28.003008942093615], [85.17445583742509, 28.002720548219397], [85.17429787832937, 28.003090255368082], [85.17413144835591, 28.00352644619637], [85.17382495045676, 28.00449374371885], [85.17372846704708, 28.00492592575701], [85.17354426626092, 28.00579322258479], [85.17344385370737, 28.00680504158134], [85.17340253386513, 28.007453146014182], [85.17338726313899, 28.008462506116114], [85.17347318326284, 28.009772758678647], [85.17361440588633, 28.010677063017827], [85.17357213607899, 28.00985293922959], [85.17353749017343, 28.01036943775056], [85.17351720834034, 28.011239629448383], [85.17356212151002, 28.01197579096307], [85.17365199552522, 28.012812387122036], [85.173918467947, 28.014014817777635], [85.17428634290589, 28.015080602041696], [85.17457168820732, 28.015734284497142], [85.17473877425633, 28.01608978643231], [85.17505523513393, 28.016742695150064], [85.1756950205088, 28.01777797587867], [85.17662890732426, 28.018924861201057], [85.17671284037569, 28.018997946343465], [85.17626272787555, 28.01844536952516], [85.176184271821, 28.018332633530047], [85.17604274862471, 28.01808099797377], [85.1758416224462, 28.017689395896987], [85.17516927894962, 28.014234995772537], [85.17604533553516, 28.010816372911407], [85.17833642052912, 28.0079539816543], [85.18169373700994, 28.00608359512247], [85.1856061639775, 28.005489962710296], [85.18947806989227, 28.00626345957124], [85.19271999217767, 28.008286327819988], [85.1948383775538, 28.011250604103015]]]}}, {"type": "Feature", "properties": {"name": "Trishuli Ganga River", "buffer_km": 1.0}, "geometry": {"type": "Polygon", "coordinates": [[[85.19285585923708, 27.99235838136406], [85.19308337002596, 27.990669960122915], [85.19273702735472, 27.98787527707742], [85.19121649281061, 27.98477826494832], [85.18859497957337, 27.98231945753229], [85.18652375351267, 27.981192497798226], [85.18509904426801, 27.980614786300368], [85.18529689166536, 27.980711752121678], [85.1873455327646, 27.98198175357254], [85.18915654462404, 27.983975488158492], [85.18997766279546, 27.985746726278673], [85.19026382892926, 27.98745335927276], [85.19023073677106, 27.988067494354883], [85.19053279639685, 27.986388361483137], [85.19070830929851, 27.9844], [85.19055849225722, 27.982499124221953], [85.19048844367413, 27.982255323038437], [85.19043786499189, 27.981743975784767], [85.19014057859883, 27.98367829319896], [85.19004548906427, 27.983927522140537], [85.19067560495822, 27.982700281666872], [85.19118589584924, 27.98150569886623], [85.19162854232069, 27.980087544721798], [85.19202136227412, 27.978268558402963], [85.19207292765138, 27.97797892178394], [85.19214548042922, 27.977705245914372], [85.19172469019146, 27.978592809001597], [85.1912994827408, 27.979237272721342], [85.19185978702394, 27.978570126753525], [85.19284257142532, 27.977306819727144], [85.1944180428093, 27.973747028791806], [85.19386038281498, 27.96822463681595], [85.19173897479305, 27.965037035040574], [85.18813979431258, 27.962505180375288], [85.18594530847713, 27.961679218540045], [85.18385039564923, 27.96119980036994], [85.18291852007809, 27.96095694807309], [85.1849432972356, 27.961922080991666], [85.18607504497312, 27.962826383622133], [85.18723072988912, 27.96447607325951], [85.1869944544992, 27.963821503649317], [85.18659339041207, 27.962796116525805], [85.1852948668409, 27.960567060185124], [85.18318917061329, 27.95836555832633], [85.1797848782713, 27.956387085092796], [85.17726282750077, 27.955553872727858], [85.17514110099611, 27.955004896909582], [85.17473567579243, 27.954887861485926], [85.17725471873217, 27.95655903004707], [85.17806571248849, 27.95752210546263], [85.17829905453141, 27.957857246467587], [85.178413479082, 27.958161133541054], [85.17837716391107, 27.958041713563155], [85.17799592282822, 27.95689190614984], [85.17736950163322, 27.955264827231037], [85.17669021631842, 27.95395581513957], [85.17547402165431, 27.95194712148495], [85.17166564313997, 27.948875810357634], [85.16976160532924, 27.94809463911544], [85.16756984610285, 27.947262890702227], [85.16607525743295, 27.946918050793368], [85.16774792440748, 27.947617146093567], [85.17054544468454, 27.95005464353193], [85.17168196403648, 27.956911333010087], [85.17156129575206, 27.957459690265242], [85.1724685093657, 27.95514892708386], [85.17276264415139, 27.952200178671944], [85.17260830929852, 27.95026], [85.17268099115626, 27.950204722562262], [85.17302254349316, 27.94788004270883], [85.17097918259263, 27.941717753233025], [85.16867620003144, 27.93965824886481], [85.16956051802309, 27.940495518722493], [85.16997892893554, 27.941041910988588], [85.16982343970733, 27.9408977358323], [85.16977283473516, 27.940028306333403], [85.16850202196129, 27.936901818500807], [85.16685802830231, 27.93421873149453], [85.16551366227239, 27.932603810936516], [85.16504153605294, 27.931957887403804], [85.16537275105811, 27.93253559614285], [85.16553243566206, 27.932943257588345], [85.1653429110453, 27.93227348818184], [85.16516867740978, 27.931771266386857], [85.16541075015573, 27.933008610277916], [85.16448841694907, 27.9374588462558], [85.16525225262463, 27.935836359059568], [85.16551192233095, 27.93146120236528], [85.16383416656215, 27.92764885101983], [85.16153618095471, 27.925293037494253], [85.15902223601579, 27.923817395455792], [85.15677048025363, 27.923088270212734], [85.15465729491758, 27.922799909630253], [85.15260112110057, 27.922867104935218], [85.15136018096861, 27.923069670800686], [85.14999236328177, 27.92342181498081], [85.14895808660742, 27.923818031717282], [85.14650083323264, 27.92522757695651], [85.14538847219166, 27.926215265524093], [85.14491371827265, 27.926688745625945], [85.14494970669054, 27.92667200116792], [85.145239935647, 27.926394532474703], [85.14464074937645, 27.92691870177527], [85.14391923986499, 27.92764006962475], [85.14362551050296, 27.92797011206826], [85.14388663290643, 27.92772558808655], [85.1472262135684, 27.925688964154762], [85.15047542563713, 27.925031241124582], [85.15329712788139, 27.92525158103665], [85.15657291946381, 27.926528731384185], [85.15822223418184, 27.9277870230296], [85.15896800380752, 27.92860378851321], [85.15898822819709, 27.928635223286165], [85.15956129575211, 27.929590309734866], [85.15965093486244, 27.929770559405995], [85.15957235385109, 27.92959686704207], [85.15987736561637, 27.930500107982887], [85.16000366621329, 27.931054871492336], [85.16004682330941, 27.931399366167568], [85.16006986721692, 27.93164402447811], [85.16004376561415, 27.931079714695652], [85.15997980518453, 27.93038775637414], [85.15972848214211, 27.92905707477122], [85.1593574848074, 27.927798199891033], [85.15903043520532, 27.926847049448888], [85.15883293535487, 27.92638671631455], [85.15879285883135, 27.92626108352067], [85.15852768771362, 27.92566102102965], [85.1573937719749, 27.923825325330053], [85.15734016620148, 27.92378112005315], [85.15862101974456, 27.926072456857288], [85.1589908039988, 27.927458953923725], [85.15907830929852, 27.92863], [85.1584503274077, 27.931671845399165], [85.15675051802309, 27.9342444812775], [85.1558516705036, 27.935055999861806], [85.15536879286584, 27.93540773202493], [85.15622996153249, 27.93480401512838], [85.15715687564168, 27.934011164882563], [85.15784756062386, 27.93332503394955], [85.15858950845204, 27.932484871823647], [85.15918614958629, 27.93167016895767], [85.15963778511046, 27.930970679686663], [85.16026322108044, 27.929734964323757], [85.16040703942288, 27.929338584480014], [85.16038216968457, 27.92942374379183], [85.16077416604611, 27.928437610707753], [85.16106687596107, 27.927342581028203], [85.16124491084804, 27.92612906128013], [85.1612560843764, 27.92575036206921], [85.16125361244494, 27.925901466741802], [85.16124382946641, 27.925918651595772], [85.16125661260602, 27.92588487855754], [85.16122283785, 27.926026844160194], [85.16118768654474, 27.926248902361944], [85.16131466484684, 27.92565460543688], [85.16144507919975, 27.92482796673741], [85.1615024445107, 27.924025056966578], [85.16151724307838, 27.923259914323467], [85.16142531717126, 27.922035578598983], [85.16113950099277, 27.92071822117611], [85.16058436031201, 27.919257690027635], [85.15993055985155, 27.918115406972756], [85.15935630106777, 27.91729892852075], [85.15816613440731, 27.915986716429078], [85.15551603194945, 27.91418228016396], [85.15230900040439, 27.913197014895147], [85.15226180554724, 27.91320091678126], [85.15265603413698, 27.91327637100479], [85.15209516074853, 27.913148599083286], [85.15188610590076, 27.91311501104391], [85.15172571599197, 27.9130768753667], [85.15194659726549, 27.913134718106956], [85.1534340761347, 27.913596625487354], [85.15437237449962, 27.914038798966025], [85.15448251375297, 27.914087228294143], [85.15402863848861, 27.913842157402023], [85.15389195041217, 27.91376640978845], [85.15342842432355, 27.913522152037512], [85.15295842252894, 27.913297973118606], [85.15241469199128, 27.913054979595685], [85.15177308492392, 27.91280100576893], [85.151269511382, 27.91261945693396], [85.15091147999024, 27.912499013674385], [85.15065524451973, 27.912398427772505], [85.14965468671618, 27.91208988324604], [85.14825882513337, 27.91179615857108], [85.14741479963946, 27.911696277293924], [85.14704939785686, 27.911665305660975], [85.14690004507905, 27.91165553839669], [85.1467298019732, 27.9116317264652], [85.14597339829831, 27.91155784202621], [85.14528729491758, 27.911519909630258], [85.14506060348133, 27.91151055109966], [85.14486460272836, 27.91149931226832], [85.14442945884956, 27.911482503038787], [85.14369, 27.91146688825009], [85.14392338976836, 27.911483275806965], [85.14533771594526, 27.91162322573353], [85.14672663928874, 27.911968273759165], [85.14886920037169, 27.912946664906634], [85.14997095906799, 27.913725186421498], [85.14968329661194, 27.913478055138086], [85.14984485052629, 27.913632197641668], [85.15053720803381, 27.91431192938951], [85.15117163236093, 27.91515120696942], [85.15148649486616, 27.915641862767284], [85.15126594467684, 27.915252360360938], [85.15110291133587, 27.914959433478298], [85.15072724030034, 27.914349838697262], [85.1501405934452, 27.913522710974124], [85.14948442628389, 27.91275820845843], [85.14920459226363, 27.912460733399843], [85.14914280887437, 27.912401270087713], [85.14874429468436, 27.911957354825038], [85.14786005565159, 27.91113664047485], [85.1468173310853, 27.910344593778674], [85.1460564574612, 27.90987156270667], [85.1453301251332, 27.909468559929067], [85.14472173681001, 27.90918028937075], [85.14419755406115, 27.90894520801229], [85.14296915390081, 27.908502862937343], [85.14146699113167, 27.90815138191145], [85.14074454562966, 27.90804548114199], [85.1403542306655, 27.90800223263231], [85.14042172795195, 27.90801765525538], [85.14051105957635, 27.908029869824375], [85.14001499873604, 27.907924585705914], [85.13957813058637, 27.90784551599758], [85.13987679745841, 27.90790870920843], [85.13969218127023, 27.907862831845488], [85.13950009032895, 27.90780710473867], [85.13913094180703, 27.9076911113326], [85.1425413175632, 27.909482172044502], [85.14491625437446, 27.912289871527967], [85.14589418964017, 27.9156867629885], [85.14532624158113, 27.91915570049413], [85.14329887514083, 27.922168569755623], [85.14012073848174, 27.924266688739635], [85.13627567410029, 27.925130637850362], [85.13234905819297, 27.924628888667403], [85.13293990967102, 27.92481289526133], [85.13364781872976, 27.925017168154515], [85.13416320254161, 27.92515129079157], [85.13492186941363, 27.92533448400242], [85.13556500126396, 27.92545541429409], [85.13610894042365, 27.92557013017562], [85.13709827204806, 27.925742344744613], [85.1379057693345, 27.925837767367693], [85.13789545437034, 27.92583451885801], [85.1375930088683, 27.92578861808855], [85.1363708460992, 27.92549713706266], [85.13552244593886, 27.92519479198771], [85.13533826318998, 27.925119710629254], [85.13512987486682, 27.92501144007093], [85.1348235425388, 27.924848437293328], [85.13446266891474, 27.92461540622133], [85.13375994434841, 27.92408335952515], [85.13333570531564, 27.92368264517496], [85.13325719112564, 27.92361872991228], [85.13363540773636, 27.92401926660016], [85.13369557371608, 27.92408179154157], [85.1333794065548, 27.92369728902588], [85.13315275969968, 27.923390161302734], [85.13299708866413, 27.923140566521703], [85.13305405532319, 27.923247639639065], [85.13315350513386, 27.923418137232716], [85.13364836763905, 27.924268793030578], [85.1345427919662, 27.925408070610487], [85.13545514947373, 27.92632780235833], [85.13591670338806, 27.92670194486191], [85.13596904093203, 27.926754813578498], [85.13735079962828, 27.92775333509336], [85.13977336071126, 27.928851726240836], [85.14144228405475, 27.92925677426647], [85.14315661023164, 27.92943672419303], [85.14369, 27.92943311174991], [85.14371054115045, 27.92943749696121], [85.14379539727165, 27.929440687731688], [85.14393939651866, 27.929449448900343], [85.14419270508243, 27.929460090369744], [85.14428660170167, 27.929462157973795], [85.14411019802681, 27.9294482735348], [85.14457995492096, 27.929504461603315], [85.14517060214312, 27.92955469433903], [85.14528520036052, 27.92956372270607], [85.14482117486662, 27.929503841428915], [85.14370531328382, 27.92927011675396], [85.14316475548029, 27.9291015722275], [85.14324852000978, 27.929140986325613], [85.14383048861798, 27.929340543066044], [85.14382691507608, 27.92933899423107], [85.14364530800873, 27.929265020404316], [85.14354157747105, 27.929222026881398], [85.14341157567645, 27.929157847962493], [85.14320804958781, 27.92905359021155], [85.14347136151142, 27.92919784259798], [85.14343748624702, 27.929172771705858], [85.14382762550038, 27.92940120103398], [85.14504592386533, 27.929963374512646], [85.1467534027345, 27.93050528189304], [85.14735428400803, 27.930623124633296], [85.14753389409923, 27.930664988956092], [85.14760483925146, 27.930671400916715], [85.147363965863, 27.930623628995207], [85.14827819445277, 27.93081908321874], [85.1487309995956, 27.93088298510485], [85.14578396805055, 27.929957719836047], [85.14341386559269, 27.92835328357092], [85.14252369893224, 27.927381071479246], [85.14230944014847, 27.92708459302724], [85.14189563968799, 27.926342309972362], [85.14144049900723, 27.925181778823887], [85.14123468282875, 27.92418442140102], [85.1411827569216, 27.923520085676532], [85.1411775554893, 27.923414943033418], [85.14121492080027, 27.92299203326259], [85.14126533515316, 27.92264539456312], [85.14127231345525, 27.92261109763806], [85.14113716215, 27.923213155839807], [85.14106338739398, 27.923755121442465], [85.14101617053358, 27.92406134840423], [85.14098638755506, 27.924418533258205], [85.1409439156236, 27.92486963793079], [85.14095508915197, 27.92491093871987], [85.14107312403895, 27.924057418971795], [85.1412658339539, 27.923362389292244], [85.14149783031543, 27.922756256208164], [85.14125296057712, 27.92330141551999], [85.14119677891955, 27.923485035676247], [85.14160221488955, 27.922669320313332], [85.1418138504137, 27.92232983104233], [85.14203049154797, 27.922055128176353], [85.14223243937613, 27.921814966050444], [85.14244312435832, 27.921608835117443], [85.14277003846753, 27.921335984871625], [85.14323120713414, 27.920992267975073], [85.14244832949642, 27.92154400013819], [85.14122948197692, 27.922635518722497], [85.13938967259229, 27.92540815460084], [85.1387416907015, 27.92863], [85.1388491960012, 27.92994104607627], [85.13925898025543, 27.931567543142712], [85.14065983379851, 27.934058879946853], [85.1407862280251, 27.934194674669953], [85.13971231228636, 27.932478978970344], [85.13964714116864, 27.932318916479332], [85.13970706464514, 27.932493283685442], [85.13976956479469, 27.932612950551114], [85.1397425151926, 27.93254180010897], [85.13995151785788, 27.93324292522878], [85.13976019481548, 27.93231224362586], [85.13973623438584, 27.932040285304353], [85.1397501327831, 27.93237597552189], [85.13979317669059, 27.93302063383243], [85.13989633378674, 27.93374512850767], [85.14008263438363, 27.934619892017107], [85.14048764614893, 27.935803132957933], [85.14070906513754, 27.936309440594002], [85.14095870424788, 27.93684969026513], [85.1416917718029, 27.938084776713833], [85.14225199619248, 27.938836211486787], [85.14325776581818, 27.9399529769704], [85.14514708053616, 27.941391268615813], [85.14858287211861, 27.942728418963355], [85.15162457436287, 27.942968758875423], [85.1550537864316, 27.942271035845238], [85.15859336709357, 27.94013441191345], [85.15945448949702, 27.939249887931748], [85.15982076013502, 27.938839930375256], [85.15917925062355, 27.93948129822473], [85.159120064353, 27.9395254675253], [85.15967029330945, 27.93906799883208], [85.16026628172736, 27.938471254374054], [85.16041152780836, 27.938324734475906], [85.15993916676739, 27.93871242304349], [85.15774191339257, 27.94002196828272], [85.15696763671824, 27.94029818501919], [85.15595981903138, 27.940570329199307], [85.15513887889944, 27.940692895064778], [85.15356270508242, 27.940740090369744], [85.15180951974637, 27.94051172978726], [85.1499177639842, 27.939882604544206], [85.14808381904527, 27.938766962505753], [85.14664583343786, 27.937251148980174], [85.14546807766905, 27.934498797634717], [85.14562774737536, 27.93112364094043], [85.14609158305093, 27.929801153744204], [85.1451492498443, 27.93455138972208], [85.14549132259022, 27.93630873361314], [85.1457370889547, 27.937046511818167], [85.14580756433793, 27.93731674241166], [85.14620724894188, 27.938544403857154], [85.14723846394706, 27.940642112596198], [85.14876633772761, 27.942796189063483], [85.1497419716977, 27.94392126850547], [85.1499179780387, 27.944198181499193], [85.1501271652648, 27.9446716936666], [85.15051656029267, 27.946542264167697], [85.15222107106446, 27.94979808901141], [85.15403948197692, 27.9521044812775], [85.15582379996857, 27.953581751135193], [85.15448081740736, 27.952222246766976], [85.15271745650682, 27.94687995729117], [85.15251900884374, 27.947855277437736], [85.1522716907015, 27.95026], [85.15243735584859, 27.952799821328057], [85.1526314906343, 27.951191072916142], [85.15295870424794, 27.950200309734758], [85.15209803596352, 27.952068666989913], [85.15333455531547, 27.959625356468067], [85.1571720755925, 27.962962853906436], [85.16044474256705, 27.964181949206626], [85.16065015389715, 27.964157109297773], [85.16163839467076, 27.96456536088456], [85.16159435686001, 27.964484189642366], [85.1587059783457, 27.962112878515054], [85.1583097836816, 27.961644184860432], [85.1584504983668, 27.961855172768963], [85.1585840771718, 27.96224809385016], [85.15884283608894, 27.963038286436845], [85.15894652091798, 27.963358866458947], [85.1591809454686, 27.963982753532413], [85.16007428751153, 27.965897894537367], [85.1622652812678, 27.96870096995293], [85.16614432420756, 27.971172138514074], [85.1687988990039, 27.97207510309042], [85.17099717249924, 27.972646127272135], [85.17149512172868, 27.97279291490721], [85.16933082938672, 27.971514441673666], [85.16846513315909, 27.97065293981488], [85.16764660958795, 27.96932388347419], [85.1677455455008, 27.969618496350677], [85.16842927011089, 27.97132392674049], [85.17034495502689, 27.974213616377874], [85.17327670276437, 27.97663791900834], [85.1767014799219, 27.97806305192691], [85.17852960435076, 27.97854019963006], [85.17985469152286, 27.978820781459955], [85.17900020568746, 27.97855481962471], [85.17586102520694, 27.976262964959425], [85.17481961718505, 27.974535363184046], [85.17442195719072, 27.970472971208192], [85.17523742857468, 27.96831318027285], [85.17554021297606, 27.967849873246475], [85.1747605172592, 27.968782727278658], [85.17371530980853, 27.9702471909984], [85.17277451957078, 27.972234754085626], [85.17226707234862, 27.973901078216063], [85.17203863772588, 27.974931441597036], [85.1717314576793, 27.9763724552782], [85.17187410415073, 27.97587430113377], [85.17200439504178, 27.97557971833313], [85.17129451093572, 27.976972477859462], [85.17061942140117, 27.97864170680104], [85.1701021350081, 27.981576024215236], [85.17023155632587, 27.98384467696156], [85.17036150774277, 27.984600875778046], [85.17037169070147, 27.9844], [85.17038720360314, 27.983931638516864], [85.17004926322895, 27.98585250564512], [85.16993617107073, 27.987986640727243], [85.17038233720454, 27.990553273721325], [85.17148345537595, 27.992864511841514], [85.17359446723542, 27.995218246427463], [85.17608310833465, 27.996728247878327], [85.176820955732, 27.997025213699633], [85.17739624648735, 27.997247502201777], [85.17634502042661, 27.99666054246771], [85.17426350718938, 27.994701735051677], [85.17298297264531, 27.99214472292258], [85.17275662997402, 27.99011003987709], [85.17280414076289, 27.98936161863594], [85.17421637254549, 27.98608614740913], [85.1769399510253, 27.983537451964203], [85.18056023606809, 27.982103548078662], [85.18452607209406, 27.982002734620707], [85.18823369651862, 27.983250359525442], [85.19111865713286, 27.985656483210864], [85.19274174483547, 27.988854795157433], [85.19285585923708, 27.99235838136406]]]}}, {"type": "Feature", "properties": {"name": "Trishuli Ganga River", "buffer_km": 1.0}, "geometry": {"type": "Polygon", "coordinates": [[[85.14064895425385, 27.90829410501746], [85.13984297250755, 27.907901191232497], [85.14181021540317, 27.909269722476694], [85.14301728740607, 27.910571558689725], [85.14411811761752, 27.91338660782971], [85.14386920678947, 27.91693805084235], [85.14082998072597, 27.92099797943524], [85.14243363862995, 27.919879170519277], [85.14453043029201, 27.91782317379714], [85.1465416837599, 27.915613234305017], [85.14853884557085, 27.912009362666154], [85.14906791567748, 27.909103440143852], [85.14902000575663, 27.90906605844264], [85.14816821557538, 27.910837084484708], [85.14870623243874, 27.910382050714567], [85.15036718009921, 27.907542912509147], [85.15104165876647, 27.90444055312369], [85.15079605480014, 27.90145015501604], [85.14935482571951, 27.897795468296085], [85.14592549322613, 27.894352350773897], [85.14260668274811, 27.89273480105188], [85.14109267164042, 27.892322771138808], [85.1440900945887, 27.893786732220743], [85.14634363828782, 27.896978504524725], [85.14698084520612, 27.898435038975276], [85.1465332422703, 27.895461419593897], [85.14566568079661, 27.89338695819891], [85.1456336507314, 27.893545770048377], [85.14581048792586, 27.89511767068052], [85.1458144573569, 27.895074854060226], [85.14524947749491, 27.896625049198775], [85.14578292513234, 27.895739578737597], [85.1470543718447, 27.89205664127616], [85.1469469596197, 27.886907342884776], [85.14245820293687, 27.88120912753626], [85.14076615324203, 27.88030960508845], [85.13969180250321, 27.87941896133087], [85.13682362980151, 27.877543711184494], [85.13524883717317, 27.87649601003179], [85.13478972003327, 27.875968536106523], [85.13558742910793, 27.877210977485557], [85.13562762476342, 27.87718690407757], [85.13583195788678, 27.878975102971424], [85.13577298092999, 27.879667328469072], [85.13610046844501, 27.878368226032737], [85.13618983192188, 27.87558523013723], [85.13570159101346, 27.873280963865025], [85.13480720344751, 27.871133811084363], [85.13268864573196, 27.868444177390185], [85.12942018577678, 27.86628179489723], [85.12693523181679, 27.865426398601997], [85.12571237013373, 27.865126853084266], [85.12616287313338, 27.865328952735954], [85.12406370068751, 27.864071495915567], [85.12243168001581, 27.86331844888811], [85.12203111543148, 27.86292986476128], [85.11958492735725, 27.861834856723465], [85.11888077192191, 27.861587040594685], [85.11862410343863, 27.861479429674986], [85.12184029644959, 27.863530077471783], [85.12392377177254, 27.866512427996263], [85.12455733917633, 27.869972445416153], [85.12364454376704, 27.873383373444405], [85.12132435037121, 27.876225929208864], [85.11794998740076, 27.878067359362216], [85.11403517102924, 27.878627322856225], [85.11017589656136, 27.87782057032501], [85.11095922807809, 27.878132959405313], [85.11167507264273, 27.87838514327653], [85.11080888456854, 27.877910135238714], [85.11152831998417, 27.87848155111189], [85.11347629931247, 27.87940850408443], [85.11569712686664, 27.88073104726405], [85.11864762986629, 27.881973146915737], [85.12072476818321, 27.882533601398002], [85.12029981422322, 27.882338205102773], [85.11799135426804, 27.88085582260981], [85.1165127965525, 27.87896618891564], [85.11611840898655, 27.878099036134977], [85.11593016807811, 27.87705476986277], [85.115979531555, 27.87581177396726], [85.11580701907, 27.876292671530933], [85.11550804211323, 27.878624897028576], [85.11589237523658, 27.88149309592243], [85.11675257089206, 27.883969022514446], [85.11865027996676, 27.886891463893484], [85.12137116282683, 27.889623989968207], [85.12453637019847, 27.8918562888155], [85.12706819749681, 27.893501038669132], [85.12873384675797, 27.894790394911556], [85.13074179706315, 27.895890872463738], [85.12717304038031, 27.891072657115224], [85.12710562815528, 27.888603358723834], [85.12673707486766, 27.889460421262402], [85.1266905225051, 27.889294950801226], [85.12580554264309, 27.89190514593977], [85.12554951207413, 27.893662329319486], [85.1256663492686, 27.89691422995163], [85.12661431920337, 27.899653041801084], [85.12684675772971, 27.8999385804061], [85.1266791547939, 27.899344961024727], [85.1273163617122, 27.90330149547528], [85.13110990541131, 27.907613267779254], [85.13436732835957, 27.909277228861193], [85.13543331725188, 27.90954519894812], [85.13349450677386, 27.9085676492261], [85.13152517428048, 27.90642453170392], [85.13090394519986, 27.905149844983967], [85.13073834123351, 27.903559446876315], [85.13119281990082, 27.90157708749085], [85.13213376756129, 27.89997794928544], [85.13077178442462, 27.90154291551529], [85.12917999424339, 27.905153941557362], [85.1288320843225, 27.907396559856146], [85.12920115442913, 27.906470637333847], [85.1295983162401, 27.90568676569498], [85.12912956970801, 27.906096826202862], [85.12830636137004, 27.906960829480717], [85.12789001927405, 27.907142020564763], [85.12443079321052, 27.911681949157654], [85.12406188238248, 27.916313392170288], [85.12562271259395, 27.919868441310275], [85.12740978459682, 27.92195027752331], [85.13003702749246, 27.923638808767496], [85.13083104574613, 27.92402589498254], [85.1277989037282, 27.921766805097796], [85.12597572163146, 27.918654129962725], [85.1256390624029, 27.915161746150176], [85.12684017935828, 27.91182133743707], [85.1293962133293, 27.90914145076909], [85.13291803131435, 27.907530074598213], [85.13686946845058, 27.907232526339293], [85.14064895425385, 27.90829410501746]]]}}, {"type": "Feature", "properties": {"name": "Trisuli", "buffer_km": 1.0}, "geometry": {"type": "Polygon", "coordinates": [[[84.64464141578001, 27.851338578894282], [84.64322234133398, 27.851056133884327], [84.63994420155856, 27.85069836410286], [84.63668163501703, 27.85098440291444], [84.63500601377112, 27.851269749175383], [84.63325775974928, 27.85160766025243], [84.63087612357307, 27.852438218244103], [84.629095090899, 27.853386444018884], [84.62688162968516, 27.855146294524886], [84.62495838310528, 27.85786302678511], [84.62422687008097, 27.86005062179967], [84.62386133471745, 27.861810512275195], [84.62334591336847, 27.865930623572385], [84.62311655210767, 27.867933768462176], [84.62455408444251, 27.864442899199783], [84.62716872389743, 27.862037891829313], [84.63040867134177, 27.860774393649265], [84.62904487615796, 27.861026366740504], [84.62741265361488, 27.861492755324214], [84.62567957753164, 27.862059877192284], [84.62364588250767, 27.862987283304193], [84.62148349403806, 27.864623117050833], [84.61946728666207, 27.866674794930532], [84.6181058860034, 27.868481935869998], [84.61746423367966, 27.86972172584646], [84.61697507008147, 27.87111330150472], [84.6166856270098, 27.87368265345967], [84.61693068852, 27.8753960971237], [84.6172625395749, 27.87656844865166], [84.61801331454282, 27.87820461426244], [84.61848573966992, 27.878935337764567], [84.61848564216416, 27.87890028176141], [84.61770710053602, 27.877098208918675], [84.61743192231236, 27.875316051539855], [84.61749651312273, 27.874237074250406], [84.61733868701592, 27.875210763498952], [84.61724779328796, 27.87662], [84.61727645198815, 27.8765992496169], [84.61724893536143, 27.87678990186867], [84.61738285704317, 27.875964480194806], [84.61768396239475, 27.87499344283214], [84.61814070313916, 27.873992166870273], [84.61912023317782, 27.87259495578611], [84.62028103100195, 27.871469508412158], [84.62064591352602, 27.87124116737956], [84.61857305168705, 27.872493151043493], [84.6198563317216, 27.871883448781734], [84.6206435435451, 27.871658931860697], [84.61926072813128, 27.87194781252832], [84.6191246652105, 27.871943612130238], [84.61945336086137, 27.871929894039106], [84.62081859139037, 27.871970644631897], [84.6223643505248, 27.872288101369108], [84.62356504422236, 27.87274259534455], [84.62490027063627, 27.873547150499974], [84.6259663189839, 27.874514541525944], [84.6266372179445, 27.8753747806763], [84.62621896061155, 27.874660764467937], [84.6256334474429, 27.87378108573459], [84.62492301755582, 27.872895207300633], [84.62348144174898, 27.871520295621362], [84.62247116200513, 27.870784613214635], [84.62152369532521, 27.87010321110876], [84.62274002657081, 27.871271899640067], [84.6231230154071, 27.87178098496932], [84.62374466596327, 27.873080961384087], [84.62406368105016, 27.874190663098236], [84.62408693236645, 27.874382987879308], [84.6241116304202, 27.87503566715485], [84.62415155417591, 27.873671798900958], [84.62383035132655, 27.871206808376], [84.62317480200186, 27.869548486170817], [84.62214651914725, 27.8679155460042], [84.62078648541836, 27.866496007769204], [84.61957239279846, 27.86559133208549], [84.61832572829341, 27.864889135802862], [84.61619999283896, 27.86410998096127], [84.61528277733893, 27.863906774370044], [84.61023453261829, 27.86285298627681], [84.60938700726855, 27.86270217350852], [84.60786986592362, 27.86253910760319], [84.60645013407635, 27.86254910760319], [84.6054226318568, 27.86262702166254], [84.6039821711388, 27.86286358590836], [84.60192527972477, 27.8634799022404], [84.59998843550655, 27.86437006131366], [84.5976185029985, 27.866085849004723], [84.59617677707797, 27.86760602268694], [84.59462405658417, 27.870215226100264], [84.59408700052852, 27.8718269017466], [84.59435048702338, 27.871248051756133], [84.5945011542365, 27.87091731608677], [84.5947601464703, 27.87055619492619], [84.59535691428906, 27.869852206762335], [84.5964530331627, 27.868894702186807], [84.59759531133798, 27.868170376864096], [84.59801289282827, 27.86796117469659], [84.5985905624266, 27.867728227102436], [84.59940366231194, 27.867474231671597], [84.59997263364572, 27.867344742279798], [84.60068408499767, 27.86725024088334], [84.59929901653895, 27.867370708325005], [84.59919706995538, 27.867373268150352], [84.5995602851828, 27.86737030571177], [84.59962937257644, 27.8673660710034], [84.60077243345219, 27.867489921719823], [84.60127766576475, 27.867572439161886], [84.60138497787618, 27.867609698930835], [84.60049009865233, 27.867372070405445], [84.59848501011957, 27.867116143225232], [84.59716633145153, 27.867101445805325], [84.59605685315078, 27.867165257507658], [84.59451092967561, 27.867383676200717], [84.59304914727252, 27.867739591185433], [84.59129717179515, 27.868340162512162], [84.58986716554509, 27.869006394517182], [84.58869458499586, 27.86962649009729], [84.587201031002, 27.87065950841211], [84.58636375535421, 27.871400287325585], [84.58576422851914, 27.87200982908888], [84.58496860940767, 27.872897533663043], [84.58508494343938, 27.872801853864065], [84.58581048719606, 27.872263737835354], [84.587056155769, 27.8715958586133], [84.58797248552668, 27.8713019338001], [84.58968956468978, 27.871044191205133], [84.59305539194574, 27.871422283922318], [84.59413120440912, 27.87179519621679], [84.59581452839153, 27.872800152591775], [84.5972335597324, 27.874136429831943], [84.59729535374758, 27.874190499232988], [84.59632388636768, 27.873060452364115], [84.59332533481926, 27.870987112838133], [84.59188093104986, 27.870430705725074], [84.59131417058792, 27.870259252582702], [84.59129066002397, 27.87025614580077], [84.59192722066766, 27.87051276047686], [84.59270074508996, 27.87088019159514], [84.59286366827898, 27.87099498491399], [84.59322172185813, 27.871273153083393], [84.59291230196807, 27.870976601099755], [84.59213345838563, 27.870247120410887], [84.59084424605486, 27.86926152543072], [84.5895366083761, 27.86848376011818], [84.58869211155151, 27.868076041637597], [84.5887505265236, 27.86810180509727], [84.59170182043106, 27.870442555958018], [84.59341511839301, 27.87360349633686], [84.59362958632586, 27.8771034017151], [84.59231257343099, 27.880409443225638], [84.58966458298283, 27.883018306017824], [84.5860887475231, 27.884532814380957], [84.58212945558547, 27.884722398145794], [84.57838947347638, 27.883558194902726], [84.57886788844849, 27.883803958362403], [84.5792833916239, 27.883996239881814], [84.57853575394512, 27.883558474569284], [84.57778654161436, 27.88297287958911], [84.57814769803196, 27.88332339890025], [84.57913827814185, 27.884226846916604], [84.580456331721, 27.885225015086004], [84.58147925491004, 27.885859808404863], [84.58303277933234, 27.88666723952314], [84.58460933997603, 27.88722385419923], [84.5849458294121, 27.8873207474173], [84.58497906895015, 27.88732929427492], [84.58387466518073, 27.886892887161864], [84.58109611363233, 27.884959547635887], [84.5804246462524, 27.88420950076701], [84.58094644026758, 27.88488357016806], [84.5826654716085, 27.886499847408228], [84.58468879559089, 27.887704803783212], [84.58680460805425, 27.88851771607768], [84.59095043531022, 27.88897580879486], [84.59370751447334, 27.8885380661999], [84.595583844231, 27.887904141386702], [84.59772951280394, 27.886816262164643], [84.59955505656059, 27.885418146135937], [84.60069139059233, 27.884282466336956], [84.60165577148085, 27.883210170911124], [84.6011362446458, 27.883739712674416], [84.600838968998, 27.883980491587888], [84.60000541500418, 27.88455350990271], [84.59969283445493, 27.884733605482822], [84.59994282820485, 27.884599837487844], [84.59935085272745, 27.88482040881457], [84.59894907032438, 27.884916323799278], [84.59816314684922, 27.885034742492348], [84.59781366854847, 27.885058554194682], [84.59715498988041, 27.885043856774775], [84.59586990134768, 27.884867929594552], [84.5955150221238, 27.884810301069162], [84.59628233423527, 27.884987560838116], [84.59728756654782, 27.885190078280175], [84.59871062742354, 27.8853139289966], [84.59899971481717, 27.885329694288227], [84.59996293004464, 27.885326731849645], [84.60106098346104, 27.885269291674994], [84.6028959150023, 27.88510975911666], [84.6041073663543, 27.884935257720194], [84.60515633768803, 27.88470576832841], [84.60640943757342, 27.88431177289757], [84.60730710717175, 27.88393882530341], [84.60806468866203, 27.8835696231359], [84.60950696683732, 27.882665297813187], [84.61084308571094, 27.881487793237667], [84.6116998535297, 27.880483805073812], [84.6121788457635, 27.879782683913227], [84.61296951297665, 27.878451948243864], [84.61361299947146, 27.8768130982534], [84.61369594341582, 27.876424773899735], [84.61282322292203, 27.877913977313057], [84.61238149700154, 27.878434150995282], [84.61053156449346, 27.879729938686342], [84.61027472027523, 27.879860097759604], [84.60889782886123, 27.88029641409164], [84.60795736814322, 27.880452978337456], [84.60750986592363, 27.880490892396807], [84.60681013407637, 27.880480892396807], [84.60587299273145, 27.880397826491475], [84.6056054673817, 27.88034701372319], [84.61061722266106, 27.88139322562996], [84.61048000716103, 27.881350019038727], [84.60865427170658, 27.880690864197135], [84.60756760720155, 27.88008866791451], [84.60653351458163, 27.8793039922308], [84.60545348085276, 27.878164453995804], [84.60458519799815, 27.876811513829185], [84.60410964867344, 27.875553191624004], [84.60382844582408, 27.873468201099044], [84.6037883695798, 27.87484433284515], [84.60385306763354, 27.87607701212069], [84.60395631894983, 27.87680933690176], [84.60439533403671, 27.87857903861591], [84.60537698459291, 27.880539015030674], [84.60635997342918, 27.881908100359933], [84.60815630467478, 27.883636788891245], [84.60960883799486, 27.88469538678536], [84.61001855825101, 27.884979704378644], [84.60889698244421, 27.883944792699367], [84.60846655255713, 27.88339891426541], [84.60836103938844, 27.88323923553206], [84.6089627820555, 27.8842452193237], [84.61019368101613, 27.885845458474055], [84.61183972936372, 27.887312849500024], [84.61375495577765, 27.888477404655454], [84.61593564947519, 27.88933189863089], [84.6184014086096, 27.8898093553681], [84.62054663913864, 27.889870105960895], [84.62177533478952, 27.88975638786976], [84.62331927186872, 27.889552187471676], [84.6256964564549, 27.8890610681393], [84.62748366827839, 27.88853655121827], [84.62966694831296, 27.8875468489565], [84.63249408647398, 27.885838832620443], [84.63391896899806, 27.884790491587836], [84.63531976682216, 27.883445044213893], [84.63641929686084, 27.88184783312973], [84.63697603760527, 27.88064655716786], [84.63729714295684, 27.879555519805187], [84.63747106463858, 27.878590098131333], [84.63758354801186, 27.8773407503831], [84.63757220671201, 27.87662], [84.63752131298409, 27.87732923650105], [84.63768348687728, 27.876322925749598], [84.63774807768765, 27.874803948460148], [84.63745289946395, 27.872841791081324], [84.63653435783586, 27.870639718238593], [84.6358542603301, 27.869604662235428], [84.63612668545717, 27.87005538573756], [84.6366974604251, 27.87131155134834], [84.63684931147999, 27.871823902876297], [84.63699437299019, 27.87297734654033], [84.63676492991854, 27.875206698495273], [84.63639576632036, 27.876258274153546], [84.6360141139966, 27.876978064130004], [84.63507271333793, 27.87818520506947], [84.63667650596194, 27.87655688294917], [84.63475411749232, 27.878032716695806], [84.63300042246836, 27.878820122807713], [84.63432734638513, 27.87838724467579], [84.63407512384202, 27.878433633259498], [84.63505132865822, 27.87826560635074], [84.63865127610255, 27.87686210817069], [84.64166591555748, 27.874137100800212], [84.64328344789232, 27.870166231537826], [84.64355408663153, 27.86784937642762], [84.64401866528254, 27.86410948772481], [84.64415312991905, 27.863589378200338], [84.64362161689472, 27.86497697321489], [84.64229837031485, 27.866853705475116], [84.64086490910103, 27.86803355598112], [84.64002387642694, 27.868481781755893], [84.63872224025074, 27.86891233974757], [84.63897398622888, 27.868890250824613], [84.63995836498297, 27.868715597085565], [84.63957579844143, 27.868661635897137], [84.63965765866602, 27.868743866115675], [84.63995858422, 27.868821421105714], [84.6363525368222, 27.867363962055013], [84.63365193677934, 27.864797585810717], [84.63226792596694, 27.86151299989176], [84.63241120748509, 27.85801025272946], [84.63405996802152, 27.854822605826794], [84.6369631987306, 27.852435349528598], [84.64067890905471, 27.85121192196575], [84.64464141578001, 27.851338578894282]]]}}, {"type": "Feature", "properties": {"name": "Trisuli", "buffer_km": 1.0}, "geometry": {"type": "Polygon", "coordinates": [[[84.58845135001093, 27.86795128458331], [84.58659873145399, 27.867054372352545], [84.58611446700122, 27.866808043854206], [84.5862266779046, 27.866864063524822], [84.58620522408944, 27.86685852948688], [84.5875333412134, 27.867822491165246], [84.58738652583162, 27.867694196745237], [84.58672841931582, 27.867006673139375], [84.58502474836878, 27.865545975942474], [84.58356190301477, 27.864655293352055], [84.58425769966875, 27.865135982666455], [84.58613942713322, 27.86710323808959], [84.58697932974253, 27.86865942527659], [84.58661327711356, 27.867723023383785], [84.58609703071096, 27.86674131154834], [84.58662030931066, 27.867981157526067], [84.5868224307792, 27.868739621067125], [84.58686477188716, 27.868990753134614], [84.58685664245206, 27.868908029833044], [84.58682733850208, 27.86859264614455], [84.58683136278235, 27.86888], [84.58665475723366, 27.870468542059044], [84.58636630215739, 27.871446561182896], [84.5862072676804, 27.87180898414612], [84.58665439822569, 27.87087959111843], [84.58711166435512, 27.86971748867442], [84.58745628302017, 27.868545662970202], [84.58763128389944, 27.8675955570072], [84.58773136278235, 27.86626], [84.58770352841141, 27.865267317296432], [84.58759504597924, 27.864126084939546], [84.58714768676508, 27.86237150121008], [84.58663718179021, 27.861195150879105], [84.58584753237182, 27.85981507879559], [84.58460092230271, 27.85830904232238], [84.58349832873283, 27.857329711903635], [84.58261800289921, 27.856687672699735], [84.58167211193401, 27.856081663885274], [84.58156331786827, 27.855982199719364], [84.58148654544, 27.855924815923945], [84.58146469490703, 27.85591279879789], [84.5812144796589, 27.85563207854994], [84.5803373149283, 27.854818406396724], [84.57896125426005, 27.853804456627365], [84.57705210246345, 27.852819382236873], [84.57555594919336, 27.852244680928514], [84.57463551115065, 27.851866376502173], [84.57318440372667, 27.85130384157746], [84.57138564947668, 27.85063862704988], [84.56930607188862, 27.849994739172388], [84.56737254160052, 27.849599082941324], [84.56575336041544, 27.84937801158073], [84.56424536965157, 27.849283019647217], [84.56275700250977, 27.84927037276478], [84.56140391518088, 27.84933516452555], [84.56201983894861, 27.849340532480884], [84.56249179330021, 27.849381617142566], [84.5629091902637, 27.84944986427961], [84.56266510198958, 27.849395879010853], [84.5625748974108, 27.849362216781262], [84.5622681501082, 27.84927616555347], [84.5657416906464, 27.85096603371154], [84.56821931808425, 27.85370240092437], [84.56932383610409, 27.857068680089032], [84.56888709184989, 27.86055238571811], [84.56697557567526, 27.863623155209442], [84.56388029858985, 27.86581349174457], [84.56007248847112, 27.866789936441467], [84.55613184989181, 27.86640383444653], [84.5563251025892, 27.86645778321874], [84.5571348980104, 27.86668412098915], [84.5583108097363, 27.86695013572039], [84.5595482066998, 27.867158382857436], [84.56090016105138, 27.867279467519115], [84.56227608481915, 27.86728483547445], [84.56332299749025, 27.867229627235222], [84.5634946303484, 27.867236980352782], [84.56338663958458, 27.86722198841927], [84.56364745839947, 27.867260917058676], [84.56347392811135, 27.867205260827607], [84.56401435052332, 27.867381372950124], [84.56517559627333, 27.86781615842254], [84.56630448884935, 27.868253623497825], [84.56728405080665, 27.868655319071483], [84.56850789753655, 27.869120617763123], [84.56719874573996, 27.868455543372637], [84.56624268507171, 27.867761593603273], [84.56588552034111, 27.86742792145006], [84.56639530509298, 27.86796720120211], [84.56735345455999, 27.868835184076055], [84.56809668213172, 27.869437800280632], [84.56918788806598, 27.870258336114723], [84.57044199710077, 27.871072327300265], [84.56996167126718, 27.870730288096365], [84.5692190776973, 27.870050957677627], [84.56845246762819, 27.869104921204414], [84.56800281820979, 27.868364849120894], [84.56779231323493, 27.86784849878992], [84.56746495402074, 27.866593915060456], [84.56739647158861, 27.865972682703568], [84.56740863721764, 27.86626], [84.56746871610056, 27.865344442992804], [84.56754371697981, 27.8649543370298], [84.5677483356449, 27.864262511325578], [84.5677256017743, 27.864340408881567], [84.56743273231962, 27.86493101585388], [84.56711369784261, 27.865693438817097], [84.56672524276635, 27.866951457940957], [84.56650863721764, 27.86888], [84.56655266149794, 27.869827353855452], [84.56660335754795, 27.870391970166953], [84.56663522811283, 27.87070924686539], [84.56673756922083, 27.871480378932876], [84.56709969068933, 27.87297884247393], [84.56784296928903, 27.874638688451665], [84.56772672288643, 27.87435697661622], [84.56776067025747, 27.87450057472341], [84.5687605728668, 27.876416761910406], [84.57096230033127, 27.87872401733354], [84.57235809698524, 27.87964470664795], [84.57221525163122, 27.87949402405753], [84.57167158068417, 27.879073326860627], [84.57227347416837, 27.87970580325476], [84.57326665878661, 27.880617508834753], [84.57485477591057, 27.881761470513123], [84.5754133220954, 27.882075936475175], [84.57584553299877, 27.882311956145795], [84.57674126854603, 27.88276562764746], [84.57868864998905, 27.88370871541669], [84.57564970355298, 27.881457575645214], [84.57381655045332, 27.878349688495852], [84.57346827163188, 27.874858201614032], [84.57465788938211, 27.871514662227103], [84.57720429518542, 27.86882809389746], [84.5807198218415, 27.867207502299493], [84.58466926228527, 27.866899607813295], [84.58845135001093, 27.86795128458331]]]}}, {"type": "Feature", "properties": {"name": "Trishuli Ganga River", "buffer_km": 1.0}, "geometry": {"type": "Polygon", "coordinates": [[[85.12451070009584, 27.87054458026533], [85.1232835819866, 27.864664955502697], [85.12066915785823, 27.86200777785646], [85.12256549768796, 27.864564299713656], [85.12263893336251, 27.864297838048532], [85.12150008378279, 27.862159544833936], [85.12146843529455, 27.862148807322583], [85.12116374195703, 27.861498188341216], [85.12081766125851, 27.860840686879627], [85.12029164567105, 27.859844313325762], [85.12044074962795, 27.86014502251834], [85.12054890879044, 27.860467331750822], [85.12062177256942, 27.860681383162035], [85.12045802945869, 27.860042441176056], [85.11938575775653, 27.857596709658708], [85.11530187276534, 27.85399568492447], [85.11489467791986, 27.853874569488376], [85.11441512760338, 27.853459087020518], [85.1145579331002, 27.853679214431438], [85.1162093329099, 27.855427627224], [85.11595442100399, 27.85497133698561], [85.1170546555934, 27.858338708041703], [85.116613503149, 27.861821978897318], [85.1146981251313, 27.864890853140615], [85.11160012048059, 27.867078122487467], [85.10779113232147, 27.868050795007463], [85.1038510445726, 27.867660790126735], [85.10037969987673, 27.865967482552964], [85.097905578996, 27.863228663014393], [85.09861066709011, 27.864412372776002], [85.1009220668998, 27.867000785568568], [85.10220487239664, 27.867820912979486], [85.10362532208016, 27.868825430511627], [85.10535812723467, 27.869664315075536], [85.10163424224346, 27.866343290341288], [85.1007819705413, 27.86453755882395], [85.10077822743057, 27.864558616837968], [85.10103109120953, 27.86547266824918], [85.10137925037206, 27.86637497748166], [85.10174835432896, 27.867195686674236], [85.1024023387415, 27.868439313120373], [85.10257625804299, 27.868761811658782], [85.10315156470546, 27.869931192677424], [85.10385991621719, 27.871080455166066], [85.1033010666375, 27.86982216195146], [85.10385450231205, 27.871575700286346], [85.10667084214175, 27.875032222143542], [85.10563641801338, 27.8735750444973], [85.10428929990417, 27.868755419734665], [85.10544616881307, 27.865402915998363], [85.1079661773535, 27.862696992301398], [85.11146567706909, 27.861049600997372], [85.11541190085123, 27.86071154247869], [85.11920407190166, 27.861734283090303], [85.12226486655409, 27.863962119845265], [85.12412830656885, 27.867055884793025], [85.12451070009584, 27.87054458026533]]]}}, {"type": "Feature", "properties": {"name": "Trishuli Ganga River", "buffer_km": 1.0}, "geometry": {"type": "Polygon", "coordinates": [[[85.12279404422155, 27.8657554200541], [85.12268842118613, 27.864889340989183], [85.12274047088502, 27.86496878104317], [85.12252062659806, 27.862878301894245], [85.1220681455357, 27.861358629094745], [85.12098638654064, 27.859247755674183], [85.11975699269009, 27.857631439524223], [85.11835845890648, 27.856153033827283], [85.1171384111202, 27.85516134281356], [85.11958112393341, 27.85792210945605], [85.12064284035772, 27.86129913073964], [85.12016192369195, 27.864778285786667], [85.11821158913902, 27.867829904779853], [85.11508875745476, 27.86998940639047], [85.11126885145454, 27.870928026074246], [85.10733341719938, 27.87050286749292], [85.10388158887983, 27.868778657186436], [85.10358154109352, 27.868486966172714], [85.10346300730993, 27.868368560475776], [85.10353361345939, 27.86845224432582], [85.10281185446432, 27.867101370905257], [85.10257937340194, 27.866341698105757], [85.10241952911495, 27.86475121895683], [85.10239157881388, 27.86579065901082], [85.10256595577843, 27.867484579945902], [85.1029615899262, 27.863997038558825], [85.1048367639101, 27.860908819273956], [85.10790599948957, 27.858690075482652], [85.11170203337032, 27.857678590814167], [85.11564695380518, 27.85802835464015], [85.11914018241868, 27.85968611858871], [85.12164990682064, 27.862399503126348], [85.12279404422155, 27.8657554200541]]]}}, {"type": "Feature", "properties": {"name": "Trisuli", "buffer_km": 1.0}, "geometry": {"type": "Polygon", "coordinates": [[[84.98720531429578, 27.7965701817553], [84.98776706631348, 27.796577146858155], [84.98890138816222, 27.79669754232191], [84.99033911137232, 27.797108990266295], [84.9909424706509, 27.79738390787121], [84.99111871420905, 27.79752854909373], [84.98978876400787, 27.796429980304275], [84.98691332767979, 27.794678878141198], [84.98269176260891, 27.793461703940505], [84.98097321030312, 27.79336790017697], [84.9817949041032, 27.793497669619146], [84.98181700038943, 27.793474241678005], [84.9789943402329, 27.79268620596595], [84.9755639712193, 27.792579879527818], [84.97341337475588, 27.792735782233752], [84.97010000042465, 27.793394293889627], [84.9669941997729, 27.794633791542125], [84.96295635658043, 27.798216911938958], [84.9615756501935, 27.80387936184504], [84.96199261417942, 27.8056773791987], [84.96201300295276, 27.805701151765728], [84.96303907880824, 27.800889612295872], [84.96706603007925, 27.797327706503935], [84.96472781965628, 27.798320530837522], [84.9619822392806, 27.800628584233863], [84.95962517017306, 27.80414418930364], [84.95908550930992, 27.807739721205433], [84.95923120744123, 27.80972336899361], [84.95926347646807, 27.80971], [84.95942201783343, 27.808676522949344], [84.95995868903931, 27.80723291562363], [84.96046441467954, 27.80647412925287], [84.96293774236854, 27.804483038061026], [84.97145151737001, 27.80367196888939], [84.97463309553352, 27.805401909496073], [84.9742232793922, 27.804939589602796], [84.97132417477067, 27.802848014034044], [84.96636331231258, 27.801582750859815], [84.9592554207812, 27.803407325694582], [84.95529568895604, 27.80859037833905], [84.95476789332, 27.810723573962726], [84.95479446099137, 27.81090581815257], [84.95531542581259, 27.810130919648653], [84.95593872274121, 27.809500836622117], [84.95663074054067, 27.809045518917056], [84.95626491944523, 27.809222780120685], [84.95782026850972, 27.809035482615602], [84.95928401112873, 27.808992916206527], [84.95957757680495, 27.809056033261452], [84.9607870002099, 27.809617736042487], [84.95966332161335, 27.80886992259595], [84.95718369336855, 27.8076667721002], [84.95256571185075, 27.806633368463174], [84.9460575841282, 27.808328466691613], [84.94378825260135, 27.810084224542933], [84.94451659167052, 27.809634605074436], [84.94993820244736, 27.80787139829801], [84.95336924651238, 27.808377028237988], [84.95286051271506, 27.808108410094157], [84.95027501149636, 27.80743971555888], [84.95022490410321, 27.807487669619153], [84.95275757251231, 27.808492668027878], [84.95452919273478, 27.8099285648825], [84.95526185752321, 27.810914479373587], [84.95560939986918, 27.811703505418066], [84.95562825109178, 27.811688366868704], [84.95521732551013, 27.810006918806767], [84.95210419523329, 27.805525284548278], [84.95033662766537, 27.80440200041909], [84.95177242220014, 27.80573671027543], [84.9529587486409, 27.807699567300205], [84.95315125279103, 27.80834523959968], [84.95292959065563, 27.80714222538308], [84.95166626082735, 27.804339138832184], [84.95069354534162, 27.803002082851844], [84.94969674698271, 27.80181636477564], [84.94818578906892, 27.799828628769315], [84.94569144121124, 27.797552659885483], [84.9419923234524, 27.795858342400965], [84.937907087297, 27.795433799277884], [84.93439591342354, 27.796115255941373], [84.93371793769883, 27.79643183185886], [84.93782825681781, 27.796136009115074], [84.94066341039975, 27.79698758693449], [84.94058987315053, 27.796919076301947], [84.94064182696522, 27.79698502568968], [84.93972126235839, 27.79616317486796], [84.93726899435173, 27.79420080233966], [84.93431694788538, 27.792570090222913], [84.93237721846216, 27.791457860934774], [84.93090631596179, 27.790617654552246], [84.92920331204546, 27.78974214866764], [84.92674183277137, 27.788889297824444], [84.92369705045991, 27.788445209163417], [84.92017897390969, 27.788761791278798], [84.9175375988812, 27.789612694514997], [84.91534389285658, 27.790691511509923], [84.91317306847999, 27.79216568731948], [84.9121598853022, 27.79311513505563], [84.91266262588557, 27.792785466235145], [84.91285058353151, 27.792644777651557], [84.91525682839745, 27.791917700560266], [84.9128240045505, 27.792431457510403], [84.90963752934913, 27.793833907871207], [84.9062675805955, 27.796730548770668], [84.90450129957846, 27.800280559970275], [84.90417368453643, 27.802473610062375], [84.90427708162649, 27.802279643328927], [84.90525539362507, 27.79998628429375], [84.90760860040214, 27.79770350285429], [84.91036743368869, 27.796495574231937], [84.9128366150813, 27.79622893155615], [84.91464692834721, 27.796430839794436], [84.914483491794, 27.796369386853222], [84.9113827277715, 27.79549920698039], [84.90788059519204, 27.79505056591712], [84.90114822599747, 27.796919153526023], [84.89697751007074, 27.80317043980328], [84.89708592090392, 27.806450214357717], [84.89730235914377, 27.807144447597317], [84.89748344925795, 27.80475879254855], [84.89941223928057, 27.80148858423391], [84.90205745498754, 27.79970199616778], [84.9045894826744, 27.79905471022882], [84.90848300868515, 27.79941713018709], [84.90842940924635, 27.799350713941003], [84.90741043188149, 27.79894574849904], [84.90581071288274, 27.798175541823724], [84.90311927328193, 27.797330667835567], [84.89952117910458, 27.796921315226715], [84.89542200712991, 27.797732793696362], [84.89389927178526, 27.798403991004736], [84.89245515269906, 27.799010124951526], [84.89214796124782, 27.799204553363108], [84.89212849916302, 27.799169466870712], [84.89123604060987, 27.799329535981904], [84.88935988907289, 27.79965569054471], [84.88638606985548, 27.80072366223791], [84.88580185035985, 27.80109119963499], [84.88724515720168, 27.800589208632722], [84.88778402208813, 27.80046043952879], [84.88761589524749, 27.800498702331346], [84.88877970122833, 27.80061990314567], [84.89099822571782, 27.801329954013585], [84.89140516448334, 27.80150530292064], [84.88862538927583, 27.8000275409261], [84.88328832468163, 27.799222144313802], [84.87865429109566, 27.800353616338832], [84.87496430479536, 27.802857440322995], [84.87445474815188, 27.803587304493266], [84.87719066021326, 27.801699611894307], [84.88204712366137, 27.800832000678614], [84.8858209385777, 27.801902312260204], [84.8841644643711, 27.800984864464155], [84.88074792623705, 27.799899859788578], [84.87802847891895, 27.79934528556304], [84.87595782680822, 27.799084420432468], [84.87689056881318, 27.799325751388714], [84.87905914091237, 27.800890661489056], [84.88153493485126, 27.806241119505206], [84.88035323857143, 27.810312402597663], [84.88042002712893, 27.810386209950973], [84.88227099236947, 27.80754830403107], [84.88179864633423, 27.79971291709636], [84.87777659058558, 27.795795459113172], [84.87455006771583, 27.79420528964405], [84.87148203720433, 27.793265094838258], [84.86843222267258, 27.79270919001819], [84.86523391048236, 27.792517290289286], [84.86046446796342, 27.793411355634618], [84.85594588040644, 27.79667659772961], [84.8541944782462, 27.7991170474226], [84.85332307563735, 27.800784534458565], [84.85403086205072, 27.80000047546757], [84.85607966484474, 27.79886020018471], [84.85755552806553, 27.798499486715652], [84.85461951671996, 27.798564137290416], [84.85114628454828, 27.799178136398332], [84.8492224501846, 27.79985648659454], [84.85087280140405, 27.799718188675342], [84.8559617707985, 27.801647882219218], [84.85812224499728, 27.80427651800285], [84.8587047957384, 27.806382720720595], [84.85875956944021, 27.805287635128927], [84.85836089737086, 27.802741438629006], [84.85647384107877, 27.79910996736166], [84.85300347202553, 27.7963484603488], [84.8500914930344, 27.794994258312546], [84.84629110662945, 27.793540627608706], [84.84143, 27.79284688825009], [84.83593541867806, 27.793789542974057], [84.83109062159764, 27.796961478560647], [84.8285502703181, 27.800880829457096], [84.82782339350875, 27.804463124519412], [84.82813601067063, 27.807480732204773], [84.82848500886381, 27.808472644613456], [84.82838735661497, 27.80484315894566], [84.83065510705329, 27.800876131302797], [84.83193310276995, 27.799831525762336], [84.82998540470456, 27.80116936532727], [84.82821975325407, 27.80323136155573], [84.82850000978029, 27.802956240409525], [84.82718847390643, 27.80432811134929], [84.82528997598173, 27.808764627921423], [84.82521473401799, 27.810888642637412], [84.82514574574772, 27.812620115721455], [84.8251659117722, 27.813095609781094], [84.82598671208156, 27.810337181208446], [84.8267862352961, 27.8090198007202], [84.82573839541233, 27.810225603903596], [84.8254240277765, 27.810533093265494], [84.82541380003885, 27.81052336149211], [84.82595876527967, 27.810277434582677], [84.82563232549519, 27.810391998277307], [84.82688, 27.81027688825009], [84.82931043221035, 27.81070882211066], [84.8304532961292, 27.811217097136964], [84.83167173263072, 27.812377387611996], [84.83225541087026, 27.813250286976704], [84.83240173612282, 27.81363233916628], [84.83223989532688, 27.812588467394413], [84.8320567421157, 27.8119127842196], [84.83209495581885, 27.812212171367943], [84.83193314114202, 27.81350871360744], [84.83177941840923, 27.814068674661915], [84.83227134270413, 27.813044527973283], [84.83301474540039, 27.810366096862534], [84.83131532299508, 27.803889889006218], [84.82860749927431, 27.801375798677398], [84.82634292459507, 27.800037954381683], [84.82313134877913, 27.79895304880566], [84.81989, 27.79864688825009], [84.81731178208541, 27.79880916018837], [84.81407768301887, 27.799682125656396], [84.81114107729788, 27.80133470194833], [84.80892946475258, 27.803561096129112], [84.80748895448455, 27.806241655187083], [84.80679893022136, 27.80861244353371], [84.80663119985184, 27.81080974004388], [84.80671974690314, 27.81059341095181], [84.8070958408859, 27.8092953672971], [84.80860095864213, 27.80717063494333], [84.81000302211959, 27.80613651883058], [84.81219205714467, 27.805257322294313], [84.81094994726863, 27.8054282149828], [84.80861248022984, 27.80603938356045], [84.80547696609312, 27.80736692981576], [84.80206970081012, 27.81028560862594], [84.80068879858102, 27.812513131244827], [84.80081917176413, 27.812461329776518], [84.8029929481043, 27.810252284948323], [84.80481824491818, 27.80935521190572], [84.80757862461915, 27.808758333266358], [84.80858259969708, 27.80877010372141], [84.80991927395166, 27.80899990853254], [84.80943127934886, 27.808834060266772], [84.80770212685235, 27.808255032248233], [84.80713712619347, 27.808155633171985], [84.80914678102495, 27.809017036981512], [84.80868307157847, 27.80878960883494], [84.80839667556324, 27.808383725031504], [84.80350506823899, 27.805922119890713], [84.80011058620642, 27.805576999672763], [84.80000681862366, 27.80569224836579], [84.79948410112553, 27.805609624844898], [84.7979066644304, 27.8048636309457], [84.79570721353136, 27.804152272776854], [84.7935159304898, 27.803748056195246], [84.7908684757045, 27.803669584680105], [84.78793667225197, 27.804166875843194], [84.78431451546224, 27.805794677600627], [84.78191262412577, 27.80798449950305], [84.78139737878642, 27.80868018429429], [84.7842565982125, 27.806629789576615], [84.78745658911585, 27.805816458516766], [84.78931622119295, 27.805866903372138], [84.78581779429696, 27.805257104202987], [84.78569104897306, 27.805260217506625], [84.7848554810126, 27.80501063263034], [84.78374975957604, 27.804644484352444], [84.78466791057467, 27.805057585213447], [84.78631844575477, 27.806275027683657], [84.78476704266939, 27.8046984126625], [84.7827030003668, 27.802743894838212], [84.77936856298669, 27.80061305245733], [84.77509551764123, 27.799650474742595], [84.77240199704464, 27.79971362748596], [84.7699319993746, 27.8002682963929], [84.768012950554, 27.80098986141152], [84.76643261430861, 27.801815888869537], [84.76582817668958, 27.80217171555739], [84.76498913881706, 27.80262147419402], [84.76333543758788, 27.80370692779852], [84.76148977045372, 27.805271211784174], [84.75986105117445, 27.807350293281313], [84.75880660123569, 27.80969476038634], [84.75841347646808, 27.81231], [84.7589512513591, 27.81542043269972], [84.75993799938794, 27.817476604931485], [84.76033975784306, 27.81804432765289], [84.75999494542505, 27.81738540824573], [84.75954219416278, 27.815112114742675], [84.75991580285883, 27.81242902770778], [84.76161532503899, 27.809675030475795], [84.76191827959163, 27.809342554821423], [84.76200204371644, 27.8093066522435], [84.76090088950293, 27.809980385564547], [84.75956626010435, 27.810953599654294], [84.76038828053731, 27.810502163484912], [84.76240529797164, 27.809823055961473], [84.76419368499134, 27.80965585494261], [84.76551461823342, 27.80982965226161], [84.7665538606342, 27.810190454251984], [84.7684069054554, 27.81131031071144], [84.7678373383413, 27.810760696712613], [84.76698996923852, 27.810038900121043], [84.76571821643776, 27.808930660562392], [84.764144433088, 27.807983489224256], [84.76449201719096, 27.808217627596854], [84.76493667243052, 27.80863804907471], [84.76654997330722, 27.81102369647855], [84.76691290392998, 27.812179656436346], [84.76697272571589, 27.813005638038394], [84.76705356996924, 27.81160662610045], [84.76700573528645, 27.809861072137572], [84.76656961275842, 27.807395463773215], [84.76504760051782, 27.804280090976366], [84.76341064793698, 27.80240158102463], [84.76210338524433, 27.80121740855848], [84.76018232879292, 27.79969504290531], [84.75885970232018, 27.798737353056186], [84.75698462159204, 27.797648610844185], [84.75515426126111, 27.79690664205852], [84.75274409715094, 27.79625948602768], [84.74876093523673, 27.796190625643856], [84.74628055686695, 27.79679131270972], [84.74565798533997, 27.796998082316822], [84.74556396166288, 27.797033898660285], [84.74549790274529, 27.797054554676567], [84.74684169529321, 27.79691312187762], [84.75039688538497, 27.79741917509833], [84.75249734203541, 27.79839732589921], [84.7533498959252, 27.799051902731396], [84.75360213593345, 27.799255726300498], [84.75182023357273, 27.797734636015168], [84.75042465875852, 27.79691724404958], [84.74822296716125, 27.79594838882134], [84.74557596200533, 27.7954169441557], [84.74394412064099, 27.795307273982143], [84.74229798318522, 27.79536424328068], [84.74142117421874, 27.795447577952686], [84.74050957536305, 27.79549648032505], [84.74003994746074, 27.79553192465286], [84.740414905784, 27.795531796923974], [84.74209061974699, 27.795797839998407], [84.7438850467603, 27.796484434840085], [84.7451213210293, 27.797259280858206], [84.74624916923666, 27.79845856834094], [84.74664777065395, 27.79902118246481], [84.74670977178724, 27.799130139302584], [84.74700672797564, 27.800089930223486], [84.74717609250102, 27.801542759690975], [84.7471557609438, 27.802228257805552], [84.74706887850691, 27.802672778356765], [84.74729250062761, 27.801552578924696], [84.74738107848476, 27.800274111406395], [84.74738203730715, 27.79876659790125], [84.74590886127204, 27.79452728105813], [84.7438548822431, 27.79231179594446], [84.74237090198493, 27.791235678527023], [84.73975615155587, 27.7899891179998], [84.73802599604333, 27.789541886093524], [84.73812686283316, 27.789571726130102], [84.73991898855611, 27.790418356798543], [84.74126413090558, 27.791396246893544], [84.74191041467854, 27.792113979068805], [84.741436657549, 27.79146101679642], [84.74023653515313, 27.79015162737413], [84.73823742130166, 27.788625422755626], [84.7357544669945, 27.78743379570062], [84.73310490713172, 27.78680693920363], [84.73137813669763, 27.786660759320817], [84.72965471972005, 27.78671277660913], [84.72771396382444, 27.7870229568026], [84.72471310185428, 27.78812310922958], [84.72249056623804, 27.789694787037707], [84.72129588040656, 27.790926597729463], [84.7204919465432, 27.792032697514735], [84.71963757084174, 27.79357357020271], [84.71918522346012, 27.794866357683134], [84.71897547743097, 27.795552776253903], [84.71890120165347, 27.795926949056952], [84.71889989110379, 27.79595201791428], [84.71940222400357, 27.79495070323361], [84.71985928617984, 27.794280330695656], [84.72070235780812, 27.793463032715216], [84.72241177428211, 27.792329954013624], [84.72375836842136, 27.791796719888147], [84.72363170010742, 27.79180478850344], [84.72247664761657, 27.79214147207329], [84.72212032001653, 27.792274555471643], [84.72202867051666, 27.792296502418985], [84.72283996024825, 27.792176377627264], [84.72281719290298, 27.792129726568202], [84.7210125117289, 27.792274516119353], [84.71866244283666, 27.79277784344726], [84.71575100134817, 27.794001898662376], [84.71340229573202, 27.79576377132325], [84.71236169237928, 27.796887700797676], [84.71195082815936, 27.79736156434841], [84.71245005951262, 27.796926349678117], [84.71504354154605, 27.795492407566257], [84.71873429834139, 27.79488205124066], [84.72103606490282, 27.79524160537869], [84.72607749881217, 27.798726794985352], [84.72654320845663, 27.79921038949504], [84.7242949360826, 27.796360579039188], [84.7223790718273, 27.794880253330806], [84.7208955103439, 27.793910300722175], [84.71903246154098, 27.792922161028578], [84.71686653987572, 27.79216403512083], [84.71492504127005, 27.79171662367441], [84.71239270669129, 27.791469246454245], [84.70936103457724, 27.791714566696225], [84.70684358713179, 27.792393361528244], [84.70485854998621, 27.79323218053126], [84.7028766406967, 27.79434644178428], [84.70053847985133, 27.796310866624285], [84.69839721249781, 27.79973605459047], [84.6978601425577, 27.80334541199901], [84.69800362328834, 27.8047261839692], [84.69810367243612, 27.805492182639984], [84.69813556608028, 27.805371826438993], [84.69831681002611, 27.804147473278448], [84.69991579296784, 27.80135892292194], [84.70331448284136, 27.798939355600456], [84.70509259419364, 27.798367680756037], [84.70534969861258, 27.798369758318586], [84.70511353877211, 27.7983521163313], [84.70344415004824, 27.798402403609433], [84.70185876957636, 27.798472413885662], [84.70029510026606, 27.79868586549759], [84.69910555788651, 27.79887560143042], [84.69735152053329, 27.799239638521836], [84.69549723370258, 27.79966068792112], [84.69442999856366, 27.799904627610157], [84.69372641355862, 27.8000670586877], [84.69261069612989, 27.800332267212937], [84.6916550898049, 27.800581175427546], [84.69184691574753, 27.800544168260657], [84.69160303525587, 27.80057466608915], [84.69110728572745, 27.800651121093097], [84.69121415156663, 27.800636490140352], [84.69091098328865, 27.800659580311393], [84.68955897029961, 27.800800785809347], [84.68797254288415, 27.80111744224759], [84.68699507606023, 27.801372158029345], [84.68642617602505, 27.801522502615022], [84.68594971856098, 27.80165272750903], [84.68649948629417, 27.80155977624894], [84.68728567458746, 27.801465880287918], [84.68732489842992, 27.801467280383804], [84.68677425298212, 27.80144948631026], [84.68553540407693, 27.801440415605917], [84.68393782290096, 27.801560459887362], [84.68158487021847, 27.80201423071632], [84.67918953309935, 27.80293313699073], [84.67771256207767, 27.80375751191081], [84.67678003797025, 27.80434423759666], [84.67520209057652, 27.80561992393296], [84.67531254948818, 27.805558663224108], [84.67573906578437, 27.805188161653376], [84.67512800421913, 27.80563961513661], [84.6742567721821, 27.806272194705674], [84.67434752934908, 27.80622390787122], [84.67502972588215, 27.80585330217953], [84.67468028073826, 27.80601092852799], [84.67331518210881, 27.806686882935605], [84.67199537350886, 27.80757351767358], [84.67096806912097, 27.808373746848687], [84.67042197741124, 27.80888478295962], [84.6714620261263, 27.808129979261764], [84.67249470809433, 27.807606362035553], [84.67304654365206, 27.807417967589064], [84.67303509589685, 27.80739766961914], [84.67201702694693, 27.807626372399458], [84.67119405927372, 27.807835268066313], [84.67014757532476, 27.808063821476516], [84.66962509589685, 27.808187669619137], [84.66956653204225, 27.80820339413675], [84.66887490728183, 27.80831088206995], [84.66701086814744, 27.808763946116603], [84.66531039043575, 27.809421918554115], [84.66447869842513, 27.80983667850905], [84.66408304779944, 27.81002996468773], [84.66372938890922, 27.81022126559765], [84.66274903724442, 27.810721490262992], [84.66132336979928, 27.811655704147675], [84.65954685230288, 27.81323076673716], [84.65797264300653, 27.815575589610333], [84.65716728056384, 27.817953697662848], [84.6570079872479, 27.820157699061802], [84.65724794843598, 27.822099479415755], [84.65767490985033, 27.823518413688287], [84.65806184927627, 27.824506040045108], [84.65806082267994, 27.82441368386194], [84.6576148904247, 27.822059889838172], [84.65827850522797, 27.818829073362412], [84.65845105525854, 27.818428138951695], [84.65799678754594, 27.81925651827924], [84.65771730994297, 27.819847447537782], [84.65752404133771, 27.820241302193107], [84.65743526815749, 27.820436168462315], [84.6582395027955, 27.819318797418], [84.65795027817695, 27.819601304049275], [84.6577930822557, 27.819834173340116], [84.65948872103478, 27.818573964865084], [84.6589170865251, 27.818857853119518], [84.65778049377612, 27.819571337315086], [84.6562705887789, 27.82076436313657], [84.65552468280583, 27.821564948875764], [84.65612531078243, 27.82101848326626], [84.65641550574405, 27.820774747990875], [84.65699364658592, 27.820445000482913], [84.65644548621935, 27.820696642133203], [84.65419208355543, 27.82233702542304], [84.65262925195314, 27.824152088394733], [84.65170757084182, 27.82581357020252], [84.65099042652433, 27.828417250253498], [84.65094681247027, 27.82988022196641], [84.65098321322634, 27.83052975255211], [84.6510569728878, 27.83142078659128], [84.65117528624738, 27.832205119344227], [84.65132406745522, 27.833119517199542], [84.65170157860724, 27.834448845200736], [84.65221135267161, 27.835817014667438], [84.65286362437007, 27.83718787070899], [84.65336205889574, 27.838090198948287], [84.65390246260897, 27.83896135952823], [84.65365334712945, 27.83847709876326], [84.65333060013083, 27.837696494581863], [84.65318874720893, 27.837204760400184], [84.65316733076575, 27.837071349796823], [84.65325157751919, 27.83775323620217], [84.65329449296715, 27.838197596647344], [84.65333213494642, 27.838934261758677], [84.653779082817, 27.841242609778263], [84.65434753361549, 27.84273796394914], [84.6539677478133, 27.84004395380099], [84.65418348906718, 27.83874038322341], [84.65456028222168, 27.83764292127645], [84.65516167827167, 27.836586610988114], [84.65534261785774, 27.836324407921147], [84.65513966759974, 27.83656361221096], [84.65405948940273, 27.838202462932877], [84.65285478727358, 27.84064763573475], [84.65205497267692, 27.842576893857437], [84.65147957623908, 27.844426724089356], [84.65122774429126, 27.845512215507313], [84.65117909803129, 27.845512550438126], [84.65173751432513, 27.844774611102327], [84.65252290695221, 27.843927668434343], [84.65226984047794, 27.84408648918248], [84.65193877478106, 27.844341313566982], [84.6533934146474, 27.843552808044667], [84.65344905193169, 27.84352373418257], [84.6536746031886, 27.84349641392242], [84.65378309533385, 27.843454827151344], [84.65297039681913, 27.843433843819515], [84.65164961576595, 27.84353008775996], [84.64963880025603, 27.8436131355261], [84.6468414092642, 27.84410072003701], [84.64568289153965, 27.84442497610759], [84.6452552943327, 27.844478813681008], [84.64254980218965, 27.845421570381827], [84.64086593535517, 27.846439315597173], [84.6396560557158, 27.847446354169765], [84.63811170346874, 27.849315563917745], [84.63712075337047, 27.851484348855283], [84.63681442439099, 27.85268214796008], [84.63665168710901, 27.853972303614942], [84.63676299509804, 27.856084059792327], [84.63757124571002, 27.85854321355438], [84.63841315157154, 27.859990690443556], [84.63980665659099, 27.861724966606133], [84.64072698957021, 27.862574137560475], [84.64151006811441, 27.86344411739859], [84.63998662777179, 27.860618381080826], [84.63971347646809, 27.85864], [84.63996666174178, 27.85670352634366], [84.64122071997892, 27.85413416439562], [84.64269395762719, 27.852566791051323], [84.64423968218642, 27.85154275255509], [84.64398702210723, 27.851674172923236], [84.64296196459875, 27.85211463805569], [84.64234261615101, 27.852395395873113], [84.6431207395313, 27.85209047592982], [84.64334808809984, 27.852011826562048], [84.64468198045681, 27.851718774026164], [84.64572206290956, 27.851606839754545], [84.64645885943915, 27.85160606075114], [84.64713298429386, 27.85166674839897], [84.64641089391446, 27.85155918177819], [84.64388170806095, 27.85120648982606], [84.64760061955018, 27.852417307778403], [84.6505125597631, 27.85479470115901], [84.65217421219916, 27.857976733376805], [84.65233260533783, 27.86147896887182], [84.65096362525965, 27.864768224037785], [84.64827568677163, 27.867343739592854], [84.64467800414235, 27.868813416640876], [84.64071829193908, 27.86895351017394], [84.64320910608554, 27.86930081822181], [84.64426701570615, 27.86945325160103], [84.64554114056087, 27.869553939248856], [84.64667793709043, 27.86955316024545], [84.64827801954317, 27.869401225973835], [84.64993191190015, 27.869008173437955], [84.65049926046872, 27.86882952407018], [84.65151738384897, 27.868424604126886], [84.65199803540123, 27.868205361944312], [84.65333297789279, 27.867625827076765], [84.65456031781358, 27.867017247444902], [84.65646604237283, 27.865773208948678], [84.65833928002111, 27.863805835604374], [84.65971333825821, 27.860916473656335], [84.66002652353194, 27.85864], [84.6596933722282, 27.85626161891918], [84.65796993188557, 27.85291588260141], [84.6561730104298, 27.85090586243952], [84.65517334340903, 27.849975033393864], [84.65588684842845, 27.850829309556445], [84.65614875428999, 27.851276786445624], [84.65683700490194, 27.85333594020767], [84.65692831289098, 27.855047696385064], [84.65686557560902, 27.855557852039926], [84.65667924662952, 27.85633565114471], [84.65582829653127, 27.858104436082254], [84.65466394428421, 27.859553645830232], [84.65373406464485, 27.86034068440283], [84.65235019781035, 27.861158429618175], [84.6501247056673, 27.861921186318995], [84.65095710846036, 27.86177502389241], [84.65181859073583, 27.86151927996299], [84.65210119974398, 27.861446864473905], [84.65275038423404, 27.86146991224004], [84.65376960318085, 27.86138615618048], [84.65463690466615, 27.861405172848652], [84.65736539681139, 27.86116358607758], [84.66011094806831, 27.860496265817428], [84.66246658535258, 27.859627191955333], [84.66470122521895, 27.85831868643302], [84.66513015952205, 27.857993510817526], [84.66599709304778, 27.85737233156566], [84.66816248567486, 27.855345388897668], [84.6696609019687, 27.85296744956188], [84.67065225570872, 27.850767784492685], [84.67120042376091, 27.848733275910647], [84.6714050273231, 27.848043106142566], [84.67164521272642, 27.847472364265244], [84.67252051059727, 27.845697537067128], [84.67182033240027, 27.846816387789037], [84.67189738214226, 27.846735592078854], [84.67261832172831, 27.845773389011892], [84.6734197177783, 27.84431707872354], [84.67397651093282, 27.842779616776593], [84.67425225218669, 27.840996046199013], [84.6738724663845, 27.83778203605086], [84.673220917183, 27.83603739022174], [84.67360786505358, 27.837845738241324], [84.67356550703288, 27.83704240335266], [84.67346842248082, 27.836006763797837], [84.67333266923424, 27.834908650203175], [84.67319125279107, 27.83407523959982], [84.67286939986919, 27.832783505418135], [84.67218665287055, 27.83112290123674], [84.67159753739105, 27.83013864047177], [84.67131794110428, 27.829689801051714], [84.67141637562993, 27.82987212929101], [84.6712286473284, 27.829502985332564], [84.67111842139278, 27.829171154799266], [84.67129593254478, 27.82984048280046], [84.67130471375263, 27.829794880655772], [84.67126302711218, 27.829579213408717], [84.67125678677365, 27.82941024744789], [84.67125318752973, 27.829419778033596], [84.67120957347566, 27.830142749746507], [84.67061242915817, 27.83238642979748], [84.66997074804685, 27.83350791160527], [84.66892791644456, 27.834702974576967], [84.66733451378065, 27.835863357866796], [84.66758635341407, 27.83577499951709], [84.66884449425594, 27.834985252009126], [84.66997468921758, 27.83416151673374], [84.67121531719417, 27.832975051124237], [84.67114941122112, 27.83299563686343], [84.67019950622388, 27.83378866268491], [84.66970291347491, 27.834082146880483], [84.67015127896524, 27.833866035134918], [84.67258691774428, 27.832145826659882], [84.67368972182304, 27.830958695950724], [84.6742804972045, 27.830341202581995], [84.67550473184252, 27.828643831537683], [84.67607595866227, 27.827558697806893], [84.67642269005704, 27.82685255246222], [84.67650321245404, 27.826663481720757], [84.67656894474146, 27.826551861048298], [84.67716149477204, 27.825450926637586], [84.6779251095753, 27.821760110161826], [84.67735917732006, 27.818806316138062], [84.67695815072373, 27.817913959954897], [84.67708509014967, 27.818221586311715], [84.677172051564, 27.81860052058425], [84.67731201275211, 27.8196223009382], [84.67719271943616, 27.820966302337148], [84.67664735699347, 27.822644410389664], [84.67541314769713, 27.824449233262847], [84.67423663020071, 27.825524295852322], [84.67383096275559, 27.825778509737003], [84.67381061109079, 27.82581873440235], [84.67427695220054, 27.825570035312268], [84.67458130157486, 27.825423321490952], [84.67446960956423, 27.825458081445884], [84.67392913185253, 27.825656053883392], [84.67296509271814, 27.825909117930046], [84.67357346795774, 27.825816605863253], [84.67457490410315, 27.825612330380864], [84.67515242467525, 27.825476178523484], [84.67638594072629, 27.825204731933688], [84.67730297305306, 27.824973627600542], [84.67798490410316, 27.824822330380858], [84.67933345634796, 27.824502032410933], [84.68116529190566, 27.823853637964444], [84.6829779738737, 27.822930020738237], [84.68461802258875, 27.82173521704038], [84.68509193087904, 27.82128625315131], [84.68498462649112, 27.821386482326417], [84.68448481789119, 27.821693117064395], [84.68387971926175, 27.822029071472006], [84.68415027411784, 27.821906697820477], [84.68547247065092, 27.821256092128774], [84.68682322781787, 27.820387805294324], [84.68805199578088, 27.819500384863392], [84.68874093421563, 27.818991838346623], [84.68976745051182, 27.81818133677589], [84.6902379094235, 27.817700076067045], [84.68905996202975, 27.81865576240334], [84.68918743792233, 27.81858248808919], [84.68883046690065, 27.818746863009267], [84.68791512978153, 27.819085769283674], [84.68670217709904, 27.819359540112636], [84.68610459592308, 27.819399584394084], [84.68628574701789, 27.81941051368974], [84.68713510157009, 27.819432719616195], [84.68819432541257, 27.819414119712086], [84.6899805137058, 27.819260223751066], [84.69161028143901, 27.818907272490968], [84.69231382397493, 27.818717497384984], [84.69280492393978, 27.818587841970658], [84.69326745711584, 27.818462557752405], [84.69292102970036, 27.818519214190655], [84.69288901671138, 27.818540419688606], [84.69334584843338, 27.81850350985965], [84.69419271427253, 27.8184088789069], [84.69501696474414, 27.818285333910843], [84.69597308425247, 27.818135831739344], [84.69714491019509, 27.817878824572457], [84.69810930387008, 27.817627732787063], [84.69893358644137, 27.817432941312298], [84.69953000143634, 27.817295372389843], [84.70056276629741, 27.817059312078882], [84.7022284794667, 27.816680361478166], [84.7033544421135, 27.816444398569576], [84.70372489973394, 27.816394134502406], [84.70390123042363, 27.816347586114343], [84.70415584995175, 27.816357596390567], [84.7058064612279, 27.816307883668703], [84.70755030138746, 27.816230241681417], [84.70914740580635, 27.81597231924396], [84.71180551715864, 27.815260644399544], [84.71604420703217, 27.812281077078058], [84.71796318997389, 27.808712526721546], [84.71842443391971, 27.806248173561013], [84.7183563275639, 27.80410781736001], [84.71819637671166, 27.802773816030797], [84.7181598574423, 27.80269458800099], [84.71770278750218, 27.80532394540953], [84.71622152014865, 27.807729133375716], [84.71510335930328, 27.80869355821572], [84.71466145001379, 27.808967819468744], [84.71429641286821, 27.809106638471757], [84.71359896542275, 27.809285433303778], [84.7119272933087, 27.80943075354576], [84.71099495872994, 27.80934337632559], [84.71089346012428, 27.80933596487917], [84.70982753845904, 27.80893783897143], [84.7094444896561, 27.808749699277833], [84.70976092817268, 27.808959746669192], [84.70972506391738, 27.808879420960814], [84.70827679154338, 27.807069610504957], [84.70904250118782, 27.80851320501465], [84.71472393509718, 27.81231839462131], [84.7180457016586, 27.81283794875934], [84.72271645845396, 27.812127592433736], [84.72626994048738, 27.810093650321885], [84.72770917184064, 27.80869843565159], [84.72841830762073, 27.807892299202322], [84.72823770426798, 27.808036228676748], [84.72686899865184, 27.809038101337624], [84.72501755716333, 27.809842156552744], [84.7241474882711, 27.81002548388065], [84.72390280709703, 27.8100702734318], [84.72570003975176, 27.809963622372734], [84.72787132948335, 27.809503497581016], [84.72897967998348, 27.80918544452836], [84.7295033523834, 27.808998527926708], [84.72930829989258, 27.809055211496556], [84.73024163157866, 27.808823280111852], [84.73240822571789, 27.807970045986377], [84.73477764219189, 27.80641696728478], [84.73616071382015, 27.804999669304344], [84.73723777599642, 27.80354929676639], [84.73818010889622, 27.80160798208572], [84.73863879834653, 27.800173050943048], [84.73876452256904, 27.799607223746097], [84.73879477653989, 27.799553642316866], [84.73854242915827, 27.800146429797287], [84.73812805345676, 27.800947302485262], [84.73772411959347, 27.801493402270534], [84.73686943376197, 27.802385212962292], [84.73518689814573, 27.803516890770418], [84.73288603617556, 27.8043970431974], [84.73170528027998, 27.804587223390865], [84.73078186330238, 27.804619240679177], [84.72979509286827, 27.804533060796373], [84.7281855330055, 27.804106204299384], [84.72680257869833, 27.803474577244376], [84.72536346484686, 27.802388372625874], [84.724823342451, 27.801798983203582], [84.72508958532146, 27.802186020931188], [84.72623586909441, 27.803483753106462], [84.72854101144387, 27.80530164320146], [84.73141313716684, 27.806528273869898], [84.73269400395665, 27.806878113906482], [84.7324438484441, 27.806750882000195], [84.73086909801506, 27.806044321472978], [84.72992511775692, 27.805388204055543], [84.72841113872796, 27.803652718941866], [84.72711796269286, 27.80001340209875], [84.72707892151521, 27.799685888593608], [84.72712749937241, 27.79938742107531], [84.72711112149308, 27.79932722164323], [84.72702423905619, 27.799831742194446], [84.72686390749898, 27.801377240309023], [84.72715327202438, 27.803890069776514], [84.72779022821277, 27.805669860697417], [84.72827222934606, 27.806678817535193], [84.72939083076335, 27.80848143165906], [84.73131867897068, 27.810440719141795], [84.7336349532397, 27.811995565159915], [84.73670938025303, 27.81312216000159], [84.73924509421599, 27.813468203076027], [84.74072005253926, 27.813488075347138], [84.74185042463694, 27.813423519674945], [84.74309882578127, 27.813352422047313], [84.74388201681475, 27.813275756719325], [84.743755879359, 27.813272726017864], [84.74304403799466, 27.813243055844303], [84.74127703283874, 27.81283161117866], [84.73993534124148, 27.812302755950423], [84.73947976642728, 27.81200536398483], [84.73811786406651, 27.810884273699507], [84.7389101040748, 27.811688097268604], [84.74054265796461, 27.81292267410079], [84.74332311461501, 27.814260824901673], [84.7475983047068, 27.814866878122388], [84.75004209725473, 27.814565445323435], [84.75153603833711, 27.814206101339717], [84.75260201466001, 27.81388191768318], [84.75311944313307, 27.813708687290283], [84.75183906476325, 27.81394937435615], [84.74901590284904, 27.813920513972324], [84.74762573873889, 27.81359335794148], [84.74715537840797, 27.813371389155822], [84.74666029767982, 27.81310264694382], [84.74681767120711, 27.813224957094693], [84.74825661475566, 27.814362591441526], [84.74824935206304, 27.81435841897537], [84.74779239948218, 27.81375990902363], [84.74693038724159, 27.811984536226788], [84.74675426471356, 27.811258927862422], [84.74674643003077, 27.811173373899546], [84.74666727428414, 27.812514361961608], [84.74676709607, 27.814480343563652], [84.74749002669277, 27.817236303521444], [84.74984332756947, 27.820661950925295], [84.75176798280901, 27.822222372403143], [84.753055566912, 27.823036510775747], [84.75290178356224, 27.82286933943761], [84.75249003076145, 27.822621099878955], [84.75342266165872, 27.823419303287384], [84.7545530945446, 27.824449689288553], [84.75744613936581, 27.826249545748013], [84.76028538176656, 27.827190347738394], [84.76328631500867, 27.827604145057386], [84.76693470202832, 27.82733694403853], [84.77055171946266, 27.826057836515087], [84.77247373989563, 27.824826400345703], [84.77319911049705, 27.824279614435447], [84.77437795628357, 27.8235533477565], [84.77580172040837, 27.82245744517858], [84.77732467496098, 27.82106496952421], [84.77932419714118, 27.81773097229222], [84.7798378058372, 27.81436788525733], [84.77918505457494, 27.81149459175427], [84.77842024215695, 27.809855672347112], [84.77792200061207, 27.809123395068514], [84.7782887486409, 27.809919567300284], [84.77872652353193, 27.81231], [84.7784333987643, 27.814325239613666], [84.77765894882553, 27.816009706718688], [84.77677022954629, 27.817108788215826], [84.77622456241211, 27.81759307220148], [84.77641086118297, 27.817478525805985], [84.77659182331043, 27.817408284442607], [84.77724738569137, 27.817024111130458], [84.777427049446, 27.816910138588483], [84.77668800062538, 27.8172117036071], [84.77521800295534, 27.81750637251404], [84.77362448235876, 27.817569525257404], [84.77043143701331, 27.816746947542665], [84.76841699963322, 27.815516105161784], [84.76967295733061, 27.816721587337497], [84.77150155424523, 27.81856497231634], [84.77399208942535, 27.820342414786552], [84.77601024042399, 27.821255515647557], [84.77808451898738, 27.82194936736966], [84.78020895102694, 27.822559782493375], [84.78188220570304, 27.82288289579701], [84.78574377880706, 27.82355309662787], [84.78910341088417, 27.82372354148323], [84.79358340178752, 27.82259021042338], [84.79726262121358, 27.81989981570571], [84.79818737587424, 27.818735500496945], [84.79662548453777, 27.820085322399375], [84.79400332774803, 27.821313124156813], [84.79231152429549, 27.821590415319893], [84.79096406951018, 27.821571943804756], [84.78997278646864, 27.82138772722315], [84.7894933355696, 27.8212163690543], [84.79265589887446, 27.8225303751551], [84.79721318137632, 27.823487751634207], [84.80000941379357, 27.823543000327238], [84.79825493176104, 27.823277880109288], [84.79434332443677, 27.82135627496849], [84.7954369284215, 27.82241039116506], [84.79777321897505, 27.823902963018487], [84.80046287380655, 27.825124366828017], [84.80129787314766, 27.82530496775177], [84.80238872065114, 27.82568593973323], [84.80428072604835, 27.82626009146746], [84.80683740030292, 27.826669896278595], [84.80898137538085, 27.82668166673365], [84.8125617550818, 27.82596478809428], [84.81526705189569, 27.82456771505168], [84.81820082823587, 27.821758670223478], [84.81917120141898, 27.819966868755177], [84.81861029918988, 27.820714391374064], [84.81654303390685, 27.822433070184243], [84.81568751977018, 27.822880616439548], [84.81533005273137, 27.8229717850172], [84.81722794285534, 27.822662677705694], [84.8211369778804, 27.821163481169418], [84.82395904135788, 27.818929365056675], [84.82588415911408, 27.8161246327029], [84.82676025309684, 27.81352658904819], [84.82692880014817, 27.811510259956126], [84.82686106977863, 27.811427556466292], [84.82687104551543, 27.81161834481292], [84.82573053524743, 27.813658903870888], [84.82447892270213, 27.814885298051667], [84.82258231698115, 27.815997874343605], [84.82036821791459, 27.816570839811636], [84.81989, 27.81661311174991], [84.81840865122084, 27.81642695119434], [84.81693707540492, 27.815962045618317], [84.81583250072568, 27.815344201322603], [84.81442467700492, 27.813870110993783], [84.81284525459958, 27.80823390313747], [84.81316865729588, 27.806935472026716], [84.81278058159079, 27.80771132533809], [84.81202685885798, 27.80993128639256], [84.81178504418115, 27.812527828632064], [84.81196325788433, 27.814547215780397], [84.8122401046731, 27.81573153260559], [84.8125182638772, 27.817307660833723], [84.81334458912973, 27.819809713023297], [84.81512826736929, 27.822802612388], [84.81804670387079, 27.82544290286303], [84.82176956778964, 27.82739117788934], [84.82688, 27.82824311174991], [84.83104767450482, 27.82770800172269], [84.83434123472036, 27.82664256541733], [84.83700619996117, 27.82527663850789], [84.83923597222348, 27.8237069067345], [84.84124160458765, 27.821834396096406], [84.84279376470391, 27.8200801992798], [84.84447328791842, 27.817782818791553], [84.84545408822781, 27.81398439021891], [84.8454542542523, 27.812999884278547], [84.84552526598202, 27.811171357362582], [84.84541002401828, 27.811235372078574], [84.84409152609355, 27.814291888650715], [84.84433999021971, 27.814203759590477], [84.84542024674595, 27.812788638444268], [84.84437459529545, 27.813850634672733], [84.84348689723002, 27.814608474237662], [84.84576489294673, 27.812883868697202], [84.84831264338504, 27.808336841054345], [84.8481949911362, 27.804127355386548], [84.8479439893294, 27.803499267795228], [84.84811660649126, 27.805256875480588], [84.8476897296819, 27.806899170542902], [84.84648937840238, 27.808678521439358], [84.84386458132191, 27.810330457025948], [84.84143, 27.81081311174991], [84.83984889337056, 27.8105793723913], [84.8412885069656, 27.811185741687456], [84.84277652797446, 27.8118715396512], [84.84010615892124, 27.809750032638338], [84.83859910262913, 27.80689856137099], [84.83846043055978, 27.805952364871075], [84.8384352042616, 27.807557279279404], [84.83941775500274, 27.811283481997155], [84.84253822920151, 27.81513211778078], [84.84892719859597, 27.817601811324653], [84.85397754981543, 27.817323513405462], [84.85729371545172, 27.816301863601666], [84.85620048328005, 27.81647586270958], [84.85928447193447, 27.81640051328435], [84.86374033515526, 27.81549979981529], [84.86802913794929, 27.81301952453243], [84.87077692436263, 27.809975465541434], [84.87202552175381, 27.807722952577397], [84.87237411959357, 27.80724340227039], [84.86871553203659, 27.809828644365385], [84.86542608951764, 27.810482709710715], [84.8655277773274, 27.810490809981815], [84.8663779627957, 27.810654905161748], [84.86602993228416, 27.810514710355953], [84.8665434094144, 27.81076454088683], [84.86372135366578, 27.807907082903636], [84.86328900763053, 27.801151695968933], [84.86397997287106, 27.79983379004903], [84.86264676142858, 27.801507597402342], [84.86122506514874, 27.80655888049479], [84.86398085908762, 27.81292933851094], [84.86784943118684, 27.815414248611283], [84.87122217319178, 27.816555579567535], [84.87435152108102, 27.817014714436965], [84.87503207376294, 27.81714014021143], [84.87569553562889, 27.817315135535843], [84.87557906142231, 27.817417687739802], [84.88025287633863, 27.81872799932138], [84.88624933978674, 27.8177803881057], [84.89020525184812, 27.814932695506734], [84.89033569520464, 27.814602559677006], [84.88768570890436, 27.816446383661166], [84.88447167531838, 27.8171578556862], [84.88081461072416, 27.816612459073898], [84.87939483551665, 27.81599469707936], [84.88100177428217, 27.81697004598641], [84.88470029877169, 27.818220096854326], [84.8880241047525, 27.81846129766865], [84.8901959779119, 27.818299560471207], [84.8925548427983, 27.817930791367274], [84.89551814964015, 27.81686880036501], [84.89615393014452, 27.81647633776209], [84.89464011092709, 27.817004309455292], [84.8950839593901, 27.8169704640181], [84.89691150083696, 27.816630533129285], [84.8994920387522, 27.815955446636895], [84.90142484730096, 27.815129875048477], [84.90284072821474, 27.814536008995265], [84.9035779928701, 27.814187206303632], [84.90015882089543, 27.81487868477329], [84.89732072671806, 27.81454933216443], [84.89758928711726, 27.814604458176277], [84.89818956811853, 27.81495425150096], [84.90003059075364, 27.815709286058993], [84.90199699131486, 27.816442869812903], [84.90689051732559, 27.81690528977118], [84.91080254501244, 27.81591800383222], [84.91462776071945, 27.813391415766095], [84.91721655074204, 27.809021207451448], [84.91747764085625, 27.805055552402685], [84.91707407909608, 27.803249785642276], [84.91710248992923, 27.805609560196718], [84.91323177400253, 27.811360846473978], [84.90729940480794, 27.81300943408288], [84.90615727222851, 27.812860793019606], [84.90825650820602, 27.813470613146777], [84.90949307165278, 27.81380916020556], [84.91240338491869, 27.814191068443844], [84.91589256631127, 27.81378442576807], [84.91955139959784, 27.81223649714571], [84.92268460637493, 27.80921371570625], [84.9242229183735, 27.805680356671076], [84.92444631546357, 27.803606389937624], [84.92421870042156, 27.80459944002973], [84.92305241940451, 27.80684945122933], [84.92076247065089, 27.80886609212879], [84.91953599544948, 27.809388542489597], [84.91908317160255, 27.809562299439737], [84.9217494164685, 27.808795222348436], [84.92399737411442, 27.80769453376485], [84.92624011469782, 27.806064864944368], [84.92696693152, 27.805354312680524], [84.92635610714342, 27.80578848849008], [84.92614240111882, 27.805887305485005], [84.9253410260903, 27.806138208721208], [84.92282294954009, 27.80639479083658], [84.92087816722864, 27.80609070217556], [84.92031668795454, 27.805897851332368], [84.92001368403821, 27.80578234544776], [84.92134278153786, 27.80654213906523], [84.92352305211465, 27.807789909777085], [84.9252110056483, 27.808659197660337], [84.92559873764162, 27.80907682513204], [84.92709817303476, 27.81037497431032], [84.92885012684948, 27.811580923698052], [84.93071658960024, 27.812652413065507], [84.9346717431822, 27.81388399088493], [84.93996206230119, 27.81352816814114], [84.94174408657646, 27.812864744058626], [84.939152912703, 27.813366200722115], [84.9359876765476, 27.81302165759903], [84.9332685587888, 27.811767340114514], [84.9317542109311, 27.810391371230686], [84.9330432530173, 27.81210363522436], [84.93412645465838, 27.81339791714816], [84.93407373917265, 27.813320861167817], [84.93313040934436, 27.81115777461692], [84.93314874720896, 27.811474760400316], [84.93362125135913, 27.813200432699798], [84.93532757779987, 27.81628328972457], [84.93806337233463, 27.81871799958091], [84.93833580476674, 27.818734715451722], [84.93578267448987, 27.815233081193227], [84.93569174890821, 27.8151316331313], [84.93607060013083, 27.816616494581936], [84.93695814247678, 27.818705520626413], [84.93863080726521, 27.8211114351175], [84.94160242748771, 27.823507331972117], [84.94527509589678, 27.824912330380847], [84.94642498850367, 27.825080284441125], [84.94509948728493, 27.824711589905842], [84.94601075348766, 27.825122971762006], [84.95058179755263, 27.82582860170199], [84.95700340832948, 27.82380539492556], [84.95879174739865, 27.822195775457068], [84.9574024158718, 27.823231533308387], [84.95179428814924, 27.824586631536825], [84.94865630663148, 27.823973227899796], [84.94865667838664, 27.82397007740405], [84.94975299979009, 27.824702263957516], [84.95234242319505, 27.825843966738546], [84.95475598887127, 27.826507083793476], [84.95943973149028, 27.8269445173844], [84.9639950805548, 27.82583721987932], [84.96606925945933, 27.824954481082948], [84.96850127725881, 27.823619163377884], [84.97146457418742, 27.821029080351344], [84.97366553900864, 27.817554181847427], [84.97455210668001, 27.81479642603728], [84.97486431104393, 27.813409621660945], [84.9714245792188, 27.817792674305416], [84.96515668768744, 27.81951724914018], [84.96125582522933, 27.81845198596595], [84.95939672060777, 27.8172204103972], [84.96046690446649, 27.818278090503924], [84.96460848262998, 27.820588031110606], [84.97374225763147, 27.819696961938973], [84.97685558532048, 27.817085870747125], [84.97816131096069, 27.81520708437637], [84.97929798216654, 27.81238347705066], [84.97957652353192, 27.80971], [84.97948879255873, 27.808396631006385], [84.9793944906901, 27.80738027879456], [84.97899482982693, 27.809555810696363], [84.9771977607194, 27.812531415766138], [84.97601218034374, 27.813259469162475], [84.97651396992076, 27.81323229349606], [84.98110092119174, 27.809110387704127], [84.98220699704724, 27.80375884823427], [84.98184738582059, 27.8018826208013], [84.9817843498065, 27.802060638154956], [84.98062364341958, 27.807083088061038], [84.9770458002271, 27.81024620845788], [84.97621999957532, 27.810525706110376], [84.97656662524413, 27.81048421776625], [84.97665602878071, 27.81052012047218], [84.9751856597671, 27.81033379403405], [84.97502299961059, 27.81040575832199], [84.97684509589682, 27.810922330380848], [84.9792867896969, 27.811272099823032], [84.97974823739108, 27.811238296059496], [84.97720667232022, 27.810461121858797], [84.97689123599214, 27.810310019695724], [84.97798128579095, 27.811231450906266], [84.97981752934912, 27.81241609212879], [84.98180088862766, 27.813411009733702], [84.98473861183778, 27.814282457678093], [84.98761293368653, 27.81454285314184], [84.98941468570422, 27.814429818244697], [84.98546692178805, 27.814123980310857], [84.98195199075707, 27.812505219551266], [84.97940500899784, 27.809819977617465], [84.97821373139473, 27.8064770582521], [84.9785595191639, 27.802985390624908], [84.98038972925201, 27.799876549480086], [84.98342572876408, 27.797623827700214], [84.98720531429578, 27.7965701817553]]]}}, {"type": "Feature", "properties": {"name": "Trisuli", "buffer_km": 1.0}, "geometry": {"type": "Polygon", "coordinates": [[[85.09350153769257, 27.85123865007293], [85.09164348638984, 27.85139763402454], [85.09078271816436, 27.851497832314802], [85.09065317307373, 27.85145596268814], [85.09522383439773, 27.852984342485502], [85.09808198248864, 27.85579074553111], [85.09909096045239, 27.85806643805638], [85.0984400356483, 27.85543211355476], [85.09685547117022, 27.85230082599237], [85.09426187123573, 27.84989863949089], [85.09226542515763, 27.84885544352739], [85.08773131873824, 27.847437902794507], [85.0817713365741, 27.847202261749505], [85.08226302812743, 27.84756053007903], [85.08296069550036, 27.847582531538972], [85.07889703408502, 27.845245460710796], [85.07163832710513, 27.84411958220991], [85.06578948698123, 27.845880447038436], [85.06324442467938, 27.847374261297226], [85.06223833401937, 27.84807983796388], [85.06117244534998, 27.84853830650951], [85.05891261310306, 27.84950272532755], [85.0561011964305, 27.851247581157306], [85.05425848714616, 27.853154443778145], [85.05483457529527, 27.85281117084805], [85.05850966080791, 27.851308786320462], [85.06465458651431, 27.852247142326995], [85.0653692087791, 27.852698306624347], [85.06724757966738, 27.855504829622262], [85.06752908055907, 27.856417037708948], [85.06670605888542, 27.853071083127176], [85.06340816588701, 27.84876654090838], [85.06008197314725, 27.846559765862406], [85.05695295031957, 27.845222313444197], [85.05432430869021, 27.844458335259965], [85.05250577008086, 27.844105184365038], [85.05040354332691, 27.843861215389854], [85.04772909091209, 27.843939871634515], [85.04489319295405, 27.844530198516633], [85.04231123791334, 27.845655154830435], [85.0401136384815, 27.847273790406984], [85.03940695387988, 27.84800762173248], [85.03992612898223, 27.84756171794472], [85.04113101679414, 27.8467138619879], [85.04008709094941, 27.847290093691473], [85.03857287581316, 27.848245440453613], [85.03746904685386, 27.849055695424493], [85.03790093671687, 27.848832357162337], [85.04005739350097, 27.848034802385367], [85.0433979736761, 27.847815434013153], [85.04462630293159, 27.84804387974441], [85.04581766063451, 27.848429458179993], [85.04676832619543, 27.848891959786624], [85.04548889430131, 27.848157489408106], [85.04345031127704, 27.84688182089858], [85.04135727241339, 27.845947860120848], [85.03832508615396, 27.844989420237415], [85.03499879096938, 27.844748971731935], [85.03334072705253, 27.84477070411052], [85.03049526117499, 27.84523982059397], [85.0282687333034, 27.84608052747222], [85.02794620396998, 27.84626325664049], [85.03055194961664, 27.845538722104777], [85.03446143916979, 27.845705843138433], [85.03760098012606, 27.847063898929257], [85.03956554023547, 27.84883689730152], [85.03994166303075, 27.849324893950026], [85.03928838069002, 27.84835464685077], [85.03849703329927, 27.84736877208126], [85.03882267632692, 27.848013722552015], [85.03927020296143, 27.84896466411767], [85.03921342654907, 27.848757878632664], [85.03919679776946, 27.848399673578086], [85.03878124364451, 27.846346537505333], [85.03712805206285, 27.843280679360998], [85.03452976899352, 27.840918646158837], [85.03185434060079, 27.839291584917596], [85.03007023836028, 27.83836004900588], [85.02848728576042, 27.83767818814773], [85.02825819659981, 27.83759374467265], [85.02942840325608, 27.838452216486267], [85.02857370271182, 27.837514552922666], [85.02523652428691, 27.835311665926017], [85.02194477365845, 27.834409990631862], [85.0208145806117, 27.834323717265256], [85.0224045096463, 27.834585956151013], [85.02461678216875, 27.835422322253553], [85.02756864198972, 27.837884207957543], [85.02917113286173, 27.84143462408909], [85.02920547627211, 27.843680684591774], [85.02919785125056, 27.843774837960915], [85.02903273438822, 27.844212172490266], [85.02898741078008, 27.844271189979477], [85.02919241968537, 27.84404196344839], [85.02969386532264, 27.84332258350773], [85.03025694549724, 27.842533611467832], [85.02892765585442, 27.843797403714408], [85.02807762157782, 27.844580315312626], [85.03163145862412, 27.84147203390641], [85.03311233031766, 27.838375963187506], [85.03356898855913, 27.835386690873072], [85.03331570030409, 27.833381191939743], [85.03315389440216, 27.832266274546445], [85.03277073585386, 27.830794891648342], [85.03186435086977, 27.828759907255968], [85.03088627982643, 27.827376624428698], [85.02993613154602, 27.826280736689252], [85.02873480375443, 27.824990114912257], [85.0271268199712, 27.82329569135161], [85.02610061043758, 27.82235945340978], [85.026574571038, 27.82294988392287], [85.0270617970797, 27.82376185875804], [85.02722582727559, 27.824184342471362], [85.02729061035525, 27.824540279715986], [85.02738443305682, 27.82596363898395], [85.02736763940428, 27.826165777303544], [85.0274976740679, 27.825356889955973], [85.02763916744728, 27.82351], [85.02751403997439, 27.821684233610426], [85.02737340182897, 27.82061951129867], [85.02717156580083, 27.819032853190336], [85.0269144280987, 27.817780083395633], [85.02660469649554, 27.81670028823932], [85.02577966898468, 27.81485062272954], [85.0246664608957, 27.813313924897734], [85.02428512139532, 27.812884009301435], [85.02397333034824, 27.812544792506564], [85.0243095088556, 27.813037471010535], [85.02463723301275, 27.813630459166205], [85.02392365422754, 27.811983403452963], [85.02259537318949, 27.810013846919333], [85.02160953814922, 27.80879751689802], [85.02092030288848, 27.808033635044968], [85.0210583946869, 27.808210974169434], [85.02190052424747, 27.80990134511216], [85.02206911143475, 27.810511317526874], [85.02211481561167, 27.81140290719178], [85.02190113766731, 27.812584305552193], [85.01990617925503, 27.815844684382277], [85.01773727785272, 27.8174356003685], [85.01882436210023, 27.816938305317546], [85.02108816173062, 27.815423606014377], [85.02354837430369, 27.8123954184707], [85.02461758290983, 27.808668872547198], [85.02423592072138, 27.805737245143284], [85.0244122717726, 27.809238811019526], [85.02305977797988, 27.812533510235685], [85.02038434426272, 27.815119754702646], [85.01679328115176, 27.816603812144663], [85.01283329545252, 27.816759748269213], [85.00910725909037, 27.81556382321489], [85.00618242732484, 27.813198105730134], [85.00450407927859, 27.810022754856714], [85.0043224170902, 27.8078111274528], [85.00511162569633, 27.8048445815293], [85.00719183826938, 27.80231639398562], [85.00831563789977, 27.80156169468245], [85.00792272214727, 27.8017043996315], [85.00477382074497, 27.80385531561772], [85.00223886233266, 27.80805569444781], [85.00180518438832, 27.810877092808223], [85.00197088856528, 27.813148682473123], [85.00249947575256, 27.815238654887843], [85.0037416053131, 27.81760902583056], [85.0046596971115, 27.818806364955037], [85.00541046185079, 27.819642483101976], [85.0057246268105, 27.820026153080672], [85.00561634577244, 27.81977659654704], [85.00564276698726, 27.820009540833794], [85.0065104911444, 27.82170252898947], [85.00762666965176, 27.823215207493433], [85.00835487860468, 27.82403599069857], [85.00847353910429, 27.82416607510226], [85.00770033101533, 27.823049377270465], [85.00711530350443, 27.821779711760684], [85.0070655719013, 27.821619916604373], [85.00702843419916, 27.821387146809663], [85.00718659817102, 27.82266048870133], [85.0072859600256, 27.82337576638957], [85.00732083255275, 27.82351], [85.00730232593209, 27.82338311004402], [85.00721236059573, 27.823894222696463], [85.00709556694316, 27.82499636101605], [85.00718938964474, 27.827159720284016], [85.00759417272441, 27.828815657528637], [85.00811820292031, 27.830258141241966], [85.00924542896202, 27.83233011607713], [85.0108793895624, 27.834260546590215], [85.0119331800288, 27.835224308648392], [85.01310519624559, 27.83646988508774], [85.01408386845397, 27.83751926331075], [85.01445372017358, 27.837943375571303], [85.01391564913024, 27.83718009274403], [85.01316926414616, 27.83552510835166], [85.01312610559782, 27.835293725453557], [85.01320429969591, 27.83593880806026], [85.01325101144086, 27.835493309126928], [85.01342766968232, 27.833924036812498], [85.01448854137587, 27.831827966093584], [85.01728237842215, 27.82935968468738], [85.0149923441456, 27.830722596285593], [85.01282305450276, 27.83330638853217], [85.01246613467734, 27.833797416492267], [85.01190758031463, 27.834598036551608], [85.01085258921992, 27.83616881002052], [85.00982726561178, 27.838347827509736], [85.00932214874943, 27.840045162039083], [85.00905452372788, 27.841379315408226], [85.00908886713827, 27.844165375910908], [85.01085135801029, 27.848095792042457], [85.01414321783125, 27.85081767774645], [85.01695549035371, 27.85189404384899], [85.01924541938831, 27.85223628273474], [85.01887522634155, 27.852170009368137], [85.0163034757131, 27.851448334073986], [85.01358629728816, 27.84964544707733], [85.01505159674389, 27.851147783513728], [85.01774180340018, 27.85296625532735], [85.0194327142396, 27.85376181185227], [85.02060976163972, 27.854259950994116], [85.0206656593992, 27.8542884150824], [85.02263023100647, 27.855481353841157], [85.02043194793714, 27.85351932063901], [85.0191787563555, 27.851073462494668], [85.01902320223056, 27.850540326421914], [85.01912657345092, 27.851462121367334], [85.01946979703857, 27.852995335882326], [85.02039732367308, 27.85558627744799], [85.02188296670074, 27.85771122791874], [85.02243161930998, 27.858385353149238], [85.02215833696924, 27.858015106049976], [85.02295445976453, 27.859183102698474], [85.02543901987396, 27.86145610107074], [85.02917856083019, 27.863054156861562], [85.03374805038338, 27.863281277895226], [85.03711379603, 27.862296743359504], [85.0377312666966, 27.861979472527782], [85.03658473882504, 27.862380179406028], [85.03481927294747, 27.862689295889478], [85.03456120903063, 27.862711028268063], [85.03403491384604, 27.86255057976259], [85.03354272758662, 27.86253213987916], [85.03232968872297, 27.861918179101412], [85.03401110569867, 27.862982510591895], [85.03575167380455, 27.863988040213375], [85.03708233936547, 27.86465054182001], [85.03903369706843, 27.865316120255592], [85.04108202632392, 27.865664565986844], [85.044982606499, 27.865465197614636], [85.04829906328312, 27.864267642837664], [85.05019095314613, 27.86306430457551], [85.05100712418685, 27.862454559546393], [85.05137290905061, 27.86222990630852], [85.05186898320585, 27.861966138012097], [85.05371387101776, 27.860758282055283], [85.05501304612014, 27.85951237826752], [85.05484636151847, 27.859646209593013], [85.05326876208665, 27.860784845169565], [85.05172680704595, 27.861449801483364], [85.05013090908788, 27.861780128365485], [85.04925645667308, 27.861798784610144], [85.04895422991916, 27.861794815634962], [85.04877569130979, 27.861741664740034], [85.04944704968044, 27.861917686555802], [85.04961802685274, 27.86196023413759], [85.049391834113, 27.861773459091623], [85.04769394111457, 27.85940891687282], [85.04747091944095, 27.85928296229105], [85.04787242033261, 27.860915170377737], [85.0502307912209, 27.86468169337565], [85.0537254134857, 27.867392857673003], [85.06223033919211, 27.86897121367954], [85.06864542470473, 27.865988829151952], [85.07080151285385, 27.86358555622186], [85.0698788035695, 27.86445241884269], [85.06842738689696, 27.86537727467245], [85.07022755465002, 27.864621693490488], [85.07296166598064, 27.86334016203612], [85.07503557532063, 27.862005738702774], [85.07579051301879, 27.861519552961564], [85.07308167289486, 27.86204041779009], [85.07062296591499, 27.861654539289205], [85.07149930449964, 27.862417468461032], [85.07609697187256, 27.864679469920976], [85.0810686634259, 27.865157738250495], [85.08500868126177, 27.865242097205492], [85.08345457484238, 27.865044556472608], [85.08223812876427, 27.864381360509114], [85.08000452882979, 27.86233917400763], [85.07869996435171, 27.85968788644524], [85.07926903954761, 27.86201356194362], [85.08041801751138, 27.864669254468893], [85.08349616560227, 27.867655657514504], [85.08832682692626, 27.869304037311863], [85.09107728183562, 27.869462167685192], [85.09357651361013, 27.869282365975465], [85.09545846230742, 27.86912134992707], [85.09151431007007, 27.86877182505517], [85.08802165724049, 27.867114272703702], [85.08551222855102, 27.86440104019244], [85.08436806177163, 27.8610451925757], [85.08476334592254, 27.8575576272323], [85.08663790257506, 27.854469294370915], [85.08970634747175, 27.852250364673885], [85.09350153769257, 27.85123865007293]]]}}, {"type": "Feature", "properties": {"name": "Trishuli Ganga River", "buffer_km": 1.0}, "geometry": {"type": "Polygon", "coordinates": [[[85.11539825939248, 27.854135697702468], [85.11378493567184, 27.852335553652143], [85.10986777731024, 27.850108968601237], [85.10683632085903, 27.849382703866794], [85.1036728945498, 27.84911062125734], [85.10043182830451, 27.849244924822166], [85.09668099048987, 27.850140956722704], [85.09382358756531, 27.851408663397176], [85.09361248106154, 27.851547299775667], [85.09504970779064, 27.851098069370824], [85.0951950647517, 27.85108242958201], [85.09341030146567, 27.851246808551842], [85.09735846678726, 27.85156489569448], [85.10086841163385, 27.85319455437152], [85.10340577872029, 27.85588768382227], [85.10458427690894, 27.859234279501138], [85.10422449053372, 27.86272485255298], [85.10238119380875, 27.865827994872777], [85.0993350119509, 27.868071281172394], [85.09554969853433, 27.869113191448154], [85.09782493524827, 27.868897570417992], [85.09963029220937, 27.86860193062918], [85.10204751893848, 27.86789270022433], [85.1032364124347, 27.86733133660282], [85.10477900951012, 27.866619043277296], [85.10292817169551, 27.867075075177834], [85.10308710545019, 27.86706937874266], [85.10358367914097, 27.86711729613321], [85.10261222268974, 27.866891031398758], [85.09953506432815, 27.865144446347863], [85.09846174060753, 27.864064302297535], [85.09695754608134, 27.86082134743263], [85.09697156726374, 27.857316333025157], [85.09850166955681, 27.854082865745628], [85.10131490875685, 27.85161321167589], [85.10498299469775, 27.85028335326059], [85.10894749454626, 27.850295749388266], [85.11260484913873, 27.85164851286085], [85.11539825939248, 27.854135697702468]]]}}, {"type": "Feature", "properties": {"name": "Trisuli", "buffer_km": 1.0}, "geometry": {"type": "Polygon", "coordinates": [[[84.56187352000521, 27.849173761369173], [84.56166266457247, 27.849129546045592], [84.56249735086377, 27.84943420343192], [84.56519900237559, 27.851144924408942], [84.56706771156821, 27.853596493247608], [84.56758137495382, 27.8550717883944], [84.56763300012342, 27.855164567482337], [84.56752620921162, 27.85437664063899], [84.56737376714082, 27.853534207521296], [84.56726025864596, 27.852965093206915], [84.56706613236733, 27.851994600251064], [84.56701842381366, 27.851810622941464], [84.56702220736055, 27.852079755835423], [84.56698279403949, 27.852881302112504], [84.56691354241654, 27.853219565489244], [84.5668278351101, 27.853486329507597], [84.56707726372275, 27.852930773848176], [84.56739036857336, 27.852210790119297], [84.56778761903203, 27.851208458736096], [84.5682002162528, 27.849724313617543], [84.56838457761813, 27.848456053612217], [84.56844133747296, 27.847766676284277], [84.56849493098716, 27.84720057226224], [84.56849521736623, 27.846045002322768], [84.56840169697084, 27.844886167219876], [84.5681552525476, 27.843271833789434], [84.56771808893124, 27.84162034003308], [84.56747958044737, 27.84093852963186], [84.56727128027832, 27.840129476746235], [84.56713085385059, 27.83967266448409], [84.56716406046257, 27.839766958321487], [84.5670454199993, 27.838943808185537], [84.56690689858877, 27.837970976042037], [84.56673680037073, 27.837086153082957], [84.56653212949448, 27.836237291076515], [84.56625094270228, 27.83527945447575], [84.56562450526386, 27.833803472423277], [84.56489133004398, 27.832572686992346], [84.56405484163089, 27.831442241570887], [84.56269913689576, 27.829987808677636], [84.56111930019223, 27.82878762038557], [84.55990076126548, 27.828045896621795], [84.55928061165969, 27.827738680317953], [84.55840200914255, 27.82719727956268], [84.55761589548537, 27.826709673945455], [84.55680803585604, 27.82616338661721], [84.55559137166834, 27.825384133247915], [84.55388731322324, 27.8245057502151], [84.55272560805979, 27.824065847824745], [84.55186547677988, 27.823755544793993], [84.55008475491262, 27.823267506615792], [84.54845862953418, 27.82301002858107], [84.54706484561451, 27.822864444660354], [84.54491834882616, 27.822834836516737], [84.54249613140367, 27.823188720450414], [84.54072708373278, 27.823662516245975], [84.53917498973982, 27.824220215970488], [84.53775690323305, 27.824823486534516], [84.53684598174152, 27.825308180203873], [84.5381075992664, 27.824788017012224], [84.53815810880921, 27.824766726541682], [84.53751802652522, 27.824930980740234], [84.53727986257242, 27.824982177492874], [84.53821793744424, 27.82486399125069], [84.5408522186378, 27.82497098039049], [84.54348787170703, 27.825785830363348], [84.54321809471176, 27.82564132387455], [84.54203444981317, 27.825156331544314], [84.54060507479517, 27.82472142638105], [84.53855128923195, 27.82439776475431], [84.53772220215832, 27.824357878646303], [84.53685272315528, 27.824318344258515], [84.5354395495465, 27.824257021767767], [84.53449823897286, 27.824178592230865], [84.53258029824738, 27.824164201373595], [84.53059022039791, 27.824355115831366], [84.52929780278008, 27.82460075355793], [84.52867421548862, 27.824733319268365], [84.52819672657024, 27.824834891934344], [84.52857024385358, 27.82477765213085], [84.52870063742279, 27.824778289410933], [84.52832238439316, 27.824768500265144], [84.52750713841961, 27.82475446938331], [84.52794077761324, 27.824800304555314], [84.52792966399467, 27.824788063124917], [84.52743114469338, 27.82467246869911], [84.52672677474749, 27.824521657490745], [84.52635812869195, 27.824432583064645], [84.52647913548226, 27.82445905160045], [84.52665408014025, 27.824538297926775], [84.5265164471494, 27.824460813780316], [84.5268605653533, 27.82464836725652], [84.5279041212746, 27.82532150169876], [84.52940301541601, 27.826854721604057], [84.53008255139686, 27.828011300904247], [84.53036094613341, 27.828885014813423], [84.53040647941802, 27.82906086057568], [84.53038469888662, 27.828424964768686], [84.53035321896552, 27.828017801245345], [84.53034822091335, 27.828124461502007], [84.53039145152451, 27.827836178491832], [84.53041251588245, 27.82751633751614], [84.53058227057409, 27.826564699783848], [84.53076108270058, 27.824886230515347], [84.53072943920886, 27.823248578126066], [84.53067488087993, 27.8223924616636], [84.5304815162467, 27.820627629550053], [84.52998991200583, 27.818679429072688], [84.52939655442715, 27.81702017678553], [84.52882570253347, 27.815726063966284], [84.5284164147476, 27.81484490700116], [84.52779462816277, 27.81367905204624], [84.52694501941826, 27.812401865306654], [84.52519775024243, 27.81044865800616], [84.52258578361999, 27.808704284303502], [84.52032418331949, 27.80779720785568], [84.5187255533961, 27.80737290247161], [84.51768327060424, 27.807158885354823], [84.51693077016827, 27.80701450676958], [84.51587453474083, 27.80681137768363], [84.51432754445949, 27.806612829729257], [84.51297679547542, 27.806550725302785], [84.51174466496398, 27.806558461348168], [84.51004111252026, 27.806721093805034], [84.50848609330187, 27.807046061668498], [84.507191908325, 27.807408426469546], [84.50589183858185, 27.807870440311163], [84.50483321303064, 27.808310545487423], [84.50389863033928, 27.80869243956799], [84.50279246830452, 27.809164928387254], [84.50167626738354, 27.809733082284502], [84.50056728136994, 27.81039648670639], [84.49964152045051, 27.81106485614417], [84.49916353133547, 27.811451015165996], [84.49944374739249, 27.811267755318255], [84.49945650375639, 27.811249142176724], [84.4989526218838, 27.81150977130514], [84.49940081298358, 27.811321191640452], [84.4998353807981, 27.81115274375392], [84.49975360804544, 27.81118953341591], [84.50034171310193, 27.81107489041624], [84.50097109458983, 27.81100149517849], [84.50057814851895, 27.81100700547668], [84.49957444922862, 27.81106380298219], [84.49854257092703, 27.811165077284123], [84.49729581160061, 27.81136131023479], [84.49614303633439, 27.811617385400055], [84.49511126306362, 27.811877440556156], [84.49439823051175, 27.812088270058396], [84.49369315519175, 27.812277128762876], [84.49752421640257, 27.812094654099813], [84.50006123005518, 27.812763718407734], [84.50177239343047, 27.813656191046665], [84.50214201588501, 27.813917580798968], [84.50081291067028, 27.812887234205498], [84.49945390502631, 27.81199486118046], [84.49726178782602, 27.81099757190005], [84.49485119887451, 27.810427883521243], [84.49329970175265, 27.810304201373594], [84.4917666465899, 27.810319408545862], [84.48984807239073, 27.810616017269897], [84.48842883866618, 27.8110039418712], [84.48679262188375, 27.811689771305165], [84.48587930403737, 27.812174435309597], [84.4848386691131, 27.812822558362555], [84.48376283200722, 27.813648815657317], [84.48392611569741, 27.813545530866424], [84.48478200696671, 27.812993384070513], [84.4854495319114, 27.812652887291264], [84.48540746288019, 27.812672499636182], [84.48688708136584, 27.81226476599331], [84.48960092895885, 27.812060185481428], [84.49202651707706, 27.812505544808296], [84.49169738098712, 27.812379618069567], [84.48954402406038, 27.81195011146306], [84.48605309680957, 27.812040492671052], [84.48410302830064, 27.812562711243014], [84.48467741963006, 27.81240572473696], [84.48545238625628, 27.812247358285024], [84.48565562987241, 27.812220927903653], [84.4854547311898, 27.812231109817347], [84.4842921660538, 27.812306920123916], [84.48401677645832, 27.81231748894581], [84.48384707690921, 27.812328509306244], [84.48311317811537, 27.81232875131707], [84.48275866624348, 27.81234816676922], [84.48155515019128, 27.81235475239384], [84.47960902815217, 27.812567692973733], [84.47819510263557, 27.812883666636427], [84.47677049300212, 27.813306748659894], [84.47528049861971, 27.8138749993129], [84.47425650519486, 27.814345290739045], [84.47347863033926, 27.814642439568004], [84.47291787298073, 27.81490017379417], [84.47442033600534, 27.814458063124913], [84.47443853582708, 27.814445610118113], [84.47426023295023, 27.81445874858162], [84.4735149830281, 27.814537967687208], [84.47255456391412, 27.814652878142915], [84.47118793379246, 27.814883248717727], [84.47010245896695, 27.815158960729285], [84.46942506808026, 27.81534188106575], [84.4690018713081, 27.815462583064633], [84.46977617584265, 27.815314217700443], [84.47016823848962, 27.81526286501516], [84.47075168367017, 27.815248026795327], [84.47125291998944, 27.815272573871624], [84.47116624292751, 27.815254783625686], [84.46975399283883, 27.815158059551138], [84.46804035057963, 27.815237697379917], [84.46695658699433, 27.815383349635976], [84.46651083808604, 27.815461798198246], [84.46641390016869, 27.815474673444346], [84.4659894930438, 27.81549697705507], [84.46562461049896, 27.815532339601056], [84.46725005849544, 27.815569827181367], [84.46962102085782, 27.816122701914242], [84.47334670461872, 27.81842826207413], [84.4749577115684, 27.820656493247967], [84.47547514613413, 27.821971283183554], [84.47563791934054, 27.82272742374647], [84.4757155436843, 27.82376], [84.47561746844411, 27.824885851851295], [84.47536023612216, 27.825901859361924], [84.47512353977874, 27.826510636831518], [84.4752705319717, 27.82619422853918], [84.47564826114883, 27.825403747296047], [84.47603513646219, 27.8244302171629], [84.47639561401249, 27.823183485550146], [84.47661594774736, 27.821580419309026], [84.47654936963103, 27.81994646785837], [84.47636153939781, 27.818817731692896], [84.47600254076904, 27.817602596112167], [84.47563858719519, 27.816690413779753], [84.47486541161518, 27.815246644816916], [84.47364145179237, 27.81367317042369], [84.4723420406626, 27.812467541879556], [84.4708535730683, 27.81143988092847], [84.46789271793433, 27.810213779219005], [84.46437440407459, 27.809823706280145], [84.46203419433544, 27.810122591958194], [84.45864262066144, 27.811426240450306], [84.45772771785028, 27.81202619417538], [84.45938869706471, 27.81116969960959], [84.46169022006612, 27.810546214656558], [84.46215515019135, 27.81051475239384], [84.45919459994448, 27.810572704837963], [84.45694560272275, 27.810694179775044], [84.45546111252028, 27.810891093805026], [84.45458259224269, 27.811043896048634], [84.45354746101901, 27.811285951357547], [84.45204556987514, 27.81168542579559], [84.45021331692254, 27.81218731900075], [84.44787206516826, 27.813020397544335], [84.44419285468565, 27.81474088690657], [84.4443576062881, 27.81466394898733], [84.44434696113176, 27.81467685131928], [84.44472056868815, 27.81457553964344], [84.44535134770149, 27.814471783315398], [84.44627, 27.81441688825009], [84.44764790946154, 27.814523328906176], [84.44925116133389, 27.814903941871222], [84.45154926274479, 27.816054381950025], [84.45155087801474, 27.816029463378136], [84.45075499171361, 27.815351357209767], [84.45055128419483, 27.81518272517071], [84.45098525071231, 27.81562503514589], [84.45135208650069, 27.816073093699607], [84.45096954659103, 27.815514837889108], [84.45088619059295, 27.815389526810534], [84.4512960895029, 27.816205690581302], [84.45170025864596, 27.817495093206876], [84.45153386804836, 27.816494736180683], [84.45112676032569, 27.81502428946504], [84.45047527300697, 27.813565750303088], [84.44935552844254, 27.811922949609464], [84.44812926813138, 27.810650917154465], [84.44704563614536, 27.809785433787997], [84.44572889647938, 27.808898912432625], [84.444347113985, 27.808164697718805], [84.44327751059357, 27.807658456234655], [84.44098444076906, 27.806907619712636], [84.43836392896677, 27.806608205797144], [84.43723056114473, 27.806643614240354], [84.43657016709032, 27.80668066423983], [84.43657677645827, 27.806697488945808], [84.43703533503606, 27.806698461348173], [84.43794210643311, 27.806783145936446], [84.4388714883845, 27.807001753936067], [84.43993892278812, 27.807380770053264], [84.44055390502639, 27.807684861180498], [84.44079664181395, 27.80783617724309], [84.43998744680682, 27.80729403755478], [84.43997912883158, 27.807294123838663], [84.44073373634913, 27.80799070434336], [84.44154375270757, 27.808996596759194], [84.44202665744756, 27.809874362875803], [84.44245014611117, 27.81110790466991], [84.44226777358341, 27.810285903854798], [84.44190823291996, 27.807887548540474], [84.44163946251541, 27.80657328361221], [84.44142581013146, 27.805687158985183], [84.44139694909428, 27.80556982231322], [84.44143326896281, 27.80584535457647], [84.44141166600687, 27.805431781246682], [84.44139125400724, 27.804742427008723], [84.44100831011984, 27.800942567600124], [84.44104274181771, 27.80147091008667], [84.44103816237651, 27.801586735498482], [84.44099229456941, 27.801793485597443], [84.44104195183225, 27.801645610626426], [84.44123854511932, 27.80069331372269], [84.44134432106209, 27.799120612675363], [84.4412115477916, 27.797667717778072], [84.44100137495377, 27.796591788394274], [84.44080998488906, 27.795839142297737], [84.4407866533577, 27.795798528725328], [84.44084943528159, 27.79621315321819], [84.44079133747297, 27.795333323715777], [84.44062172630038, 27.794173556415696], [84.44039657779645, 27.793198958526467], [84.44010423254251, 27.792239851237508], [84.43961673881707, 27.790986362113976], [84.43941139518036, 27.790623295559943], [84.43993689858883, 27.79238097604226], [84.44001306145901, 27.79347860229891], [84.44000350050322, 27.793738270098267], [84.44024329141736, 27.791748583574524], [84.4403215624953, 27.790664253282518], [84.44027679078874, 27.7909518870518], [84.43992030327368, 27.7920891679727], [84.43958901490097, 27.792800170845524], [84.43993332244352, 27.792238883498957], [84.44086044655866, 27.79073126490445], [84.44159318070052, 27.789473352416447], [84.44159424459718, 27.789467696904453], [84.44179280321248, 27.789207610366926], [84.44170520444638, 27.78931012477843], [84.4419920102254, 27.789022222091603], [84.44600077647638, 27.784794911759978], [84.44569988359251, 27.785109471763153], [84.44510990015247, 27.785524810946193], [84.44197205301491, 27.7869244874657], [84.43985690767046, 27.787220008708477], [84.43928951998176, 27.787216543880806], [84.4401175851514, 27.78728572388313], [84.44033690527178, 27.787286510379225], [84.44179705479726, 27.78743997626359], [84.44316388222747, 27.787548138284205], [84.4444665351868, 27.787581481576392], [84.44591499137306, 27.7875866544856], [84.44820090377883, 27.78746939981434], [84.44958048001831, 27.7874065438808], [84.45124907443206, 27.787212955228867], [84.45231920511118, 27.786997356126705], [84.45345558317572, 27.786755326062636], [84.45533480720758, 27.78627983295617], [84.45687305222364, 27.785771580583827], [84.46126310220487, 27.784015522409476], [84.46254253245849, 27.783450876259813], [84.46366077190038, 27.782879880704105], [84.46521637772412, 27.78204010980304], [84.46585069596266, 27.78169556469038], [84.46669042876238, 27.781183860871657], [84.46775229678738, 27.7804319906363], [84.46864517597618, 27.7796555353787], [84.46957738272883, 27.778719075311614], [84.47066806274, 27.77728045151277], [84.47129792238626, 27.776131378388303], [84.47129308665309, 27.77611317969423], [84.47144136891673, 27.77587234138716], [84.47127703046766, 27.776107572498677], [84.47055285964687, 27.776964703142244], [84.47015665107165, 27.77731336772333], [84.46968830077502, 27.77764959978921], [84.47045649034031, 27.777224491723], [84.47152523249328, 27.776504996171653], [84.47207263631068, 27.77611047251365], [84.4729629432413, 27.775386798847364], [84.47383859570122, 27.774515452205264], [84.47445265294704, 27.773802040320028], [84.47508893125787, 27.772981296866913], [84.47579886009585, 27.77191985641896], [84.47647789216954, 27.770703082435805], [84.4769553276982, 27.769688068259477], [84.4771780826244, 27.769267319546127], [84.47724263967788, 27.769115709296376], [84.47739901224844, 27.768954294339427], [84.47829531326828, 27.767794411813533], [84.47911897019198, 27.76649642176979], [84.47991690787627, 27.764955302861374], [84.48056581302451, 27.763134065278614], [84.48102233335227, 27.76142666572022], [84.48131149411071, 27.76040671580365], [84.48164762457148, 27.758958020485547], [84.48212496667209, 27.756429495589288], [84.48239930159923, 27.754983790285227], [84.482552108562, 27.752856372165272], [84.4818389439666, 27.749623432611664], [84.48091581506523, 27.747868795142818], [84.47996041170141, 27.74658718916543], [84.47812183101979, 27.74483666659408], [84.47432709683935, 27.74303614340349], [84.47109000000002, 27.74260688825009], [84.46943552617346, 27.742700171564152], [84.46835237404053, 27.742840334436192], [84.46741455032709, 27.743005830915635], [84.46608889587678, 27.743264790481636], [84.46470185852684, 27.743491805222256], [84.46251386260484, 27.74405563380705], [84.460359814153, 27.74484836419777], [84.4584786372587, 27.745702830434933], [84.45658676318534, 27.746986512200728], [84.45498934789897, 27.748333201758438], [84.45303193276582, 27.75014923160677], [84.4518346781326, 27.75128075115618], [84.45016785413331, 27.75360996618953], [84.44957708155016, 27.754972010680014], [84.44977228843176, 27.754606493247664], [84.4504289492909, 27.753551116823438], [84.45136749704389, 27.75255161384553], [84.45287884163209, 27.751488279335874], [84.4534193591909, 27.751230431512866], [84.45454060406277, 27.7508598733362], [84.45507405497982, 27.75076022312006], [84.45515758515138, 27.75073427611687], [84.45489286158035, 27.750754469383313], [84.45458572077023, 27.750770444236075], [84.45350637628022, 27.750702915627304], [84.45370849039523, 27.750740619891502], [84.45399966399468, 27.750778063124923], [84.45431023878385, 27.75086456831658], [84.45416321391349, 27.750801370757834], [84.4540864276632, 27.750783674683873], [84.45473084231992, 27.751125786555438], [84.4553396329846, 27.751537767280002], [84.45577587958608, 27.75193999163065], [84.4562026044296, 27.752423933260438], [84.45640621034576, 27.75273216360077], [84.45677093384975, 27.753447017084486], [84.45654010438071, 27.752823743717986], [84.4558355110849, 27.751468714019406], [84.4549799814285, 27.750014802162784], [84.45412811995725, 27.748706121243067], [84.45318333876384, 27.747567618693104], [84.45227452337876, 27.746586345392], [84.4512067046185, 27.7455882620739], [84.45126714459015, 27.745621545377176], [84.45116813780652, 27.745515148126245], [84.45116778170087, 27.745501960970632], [84.45093048562528, 27.745132798083535], [84.45048884908576, 27.744392294710874], [84.4498404928573, 27.74319055957145], [84.44909925574288, 27.741806709036315], [84.44833288454177, 27.740491932947986], [84.44753712895182, 27.739316197715794], [84.44649849273247, 27.738037706140002], [84.44480358629369, 27.736510235404694], [84.44309158461517, 27.735407862393114], [84.44189380154023, 27.734788019654232], [84.44061948921227, 27.73417003606157], [84.43938951677316, 27.733663080028386], [84.43836850246626, 27.733283230735733], [84.43690766786833, 27.732849445287783], [84.43506463446113, 27.73251077497718], [84.43337304787696, 27.732382318113853], [84.43180686511306, 27.73240120519515], [84.43079845204682, 27.73248245108595], [84.42970689028952, 27.732588046991744], [84.42777782490091, 27.732940562854758], [84.42588226444002, 27.733542183319113], [84.42458836514216, 27.734094623529142], [84.42391933511318, 27.734412848271816], [84.42462364180065, 27.734160241117603], [84.42463230794573, 27.73414340073557], [84.42474873581538, 27.734134142101546], [84.42643785746382, 27.734031570707142], [84.42800444076916, 27.734227619712655], [84.42867011957132, 27.73438377980126], [84.42838666552316, 27.73429184207953], [84.42864778078886, 27.73441731745486], [84.4290070414336, 27.73459974980819], [84.42923700625117, 27.734736249967426], [84.4277435428947, 27.73378159269786], [84.4261315926155, 27.733071799167757], [84.42936235421412, 27.735101179069503], [84.43146921930483, 27.738069706037415], [84.43213143677639, 27.741525448750398], [84.43124819002173, 27.744942301706775], [84.4289539453526, 27.747800080017797], [84.42559798072254, 27.749663712841432], [84.42169121132454, 27.75024947897416], [84.41782840738449, 27.74946820083224], [84.41727645710529, 27.749178407302143], [84.41660299374884, 27.74880375003257], [84.41749295856638, 27.749400250191812], [84.41903221921112, 27.750242682545135], [84.42055333447685, 27.750868157920475], [84.42138988042868, 27.75115622019874], [84.42305555923083, 27.75165238028735], [84.42578214253614, 27.751988429292865], [84.4284112641846, 27.751805857898457], [84.42980769205428, 27.751516599264434], [84.43119635819933, 27.751159758882395], [84.43290066488682, 27.750527151728186], [84.43389163485784, 27.750065376470864], [84.43387773555996, 27.750057816680894], [84.43334217509909, 27.750219437145237], [84.43259310971048, 27.75037195300826], [84.43284154795317, 27.750357548914057], [84.43295313488693, 27.750338794804854], [84.43266695212306, 27.75033768188615], [84.43229536553883, 27.75030922502282], [84.43143233213165, 27.750150554712217], [84.43109149753374, 27.750056769264265], [84.43113048322684, 27.750076919971615], [84.43138051078775, 27.750169963938433], [84.43194619845978, 27.75045198034577], [84.43212841538482, 27.750532137606886], [84.43171641370628, 27.750249764595306], [84.4308415072675, 27.749482293860005], [84.43040287104819, 27.748963802284212], [84.43054711545825, 27.749168067052015], [84.43086074425712, 27.749713290963687], [84.4314995071427, 27.750909440428554], [84.43231115091424, 27.752407705289134], [84.43306951437472, 27.75368720191647], [84.43365221829912, 27.75459803902937], [84.43433186219349, 27.755564851873757], [84.43503285540984, 27.75641845462283], [84.4359932953815, 27.757491737926095], [84.43714547662124, 27.758573654608], [84.43721666123615, 27.758672381306894], [84.43705188004274, 27.758433878756932], [84.43708001857149, 27.75850519783721], [84.4376844889151, 27.759531285980596], [84.43769989561928, 27.75953625628201], [84.43776906615025, 27.759792982915517], [84.43853378965422, 27.761267836399234], [84.43927739557037, 27.762356066739564], [84.44030412041391, 27.76358000836935], [84.4416403670154, 27.764802232719997], [84.44332915768007, 27.76599421344456], [84.4451935723368, 27.766936325316124], [84.44649678608653, 27.767438629242168], [84.44790976121614, 27.767915431683424], [84.4495203360053, 27.768301936875076], [84.45111150960477, 27.7685593801085], [84.4522936237198, 27.768637084372692], [84.45401427922977, 27.768729555763926], [84.45572713841965, 27.76870553061669], [84.45674241484863, 27.768645723883125], [84.45814594502019, 27.768519776879938], [84.46001939593724, 27.7681601266638], [84.46206064080909, 27.76748956848714], [84.46370115836791, 27.76669172066413], [84.46569250295612, 27.76528838615447], [84.46715105070909, 27.76374888317656], [84.46834771156823, 27.761873506752337], [84.46886291844984, 27.760607989319986], [84.46857214586669, 27.76121003381047], [84.46736532186738, 27.762859248843817], [84.46772806723416, 27.762550768393236], [84.46943065210102, 27.760966798241565], [84.47023323681465, 27.760293487799274], [84.46928136274131, 27.76091716956507], [84.46844018584702, 27.761331635802225], [84.46962613739517, 27.760884366192947], [84.46911814147316, 27.76102819477774], [84.47011110412325, 27.760875209518364], [84.47166544967288, 27.760574169084368], [84.47196762595948, 27.76051966556381], [84.47164447382656, 27.760559828435845], [84.47109000000002, 27.76057311174991], [84.46841290316064, 27.760223856596507], [84.46509816898019, 27.75862333340592], [84.4636995882986, 27.75735281083457], [84.46318418493476, 27.75663120485718], [84.46278105603338, 27.755836567388336], [84.46224789143798, 27.753323627834725], [84.4622806984008, 27.752516209714777], [84.46209503332791, 27.75345050441071], [84.4616523754285, 27.755801979514455], [84.46150850588931, 27.75641328419635], [84.46127766664772, 27.75721333427978], [84.46093418697546, 27.758525934721384], [84.46088309212371, 27.75868469713863], [84.46110102980802, 27.758203578230212], [84.46110468673174, 27.758225588186466], [84.46070098775154, 27.758725705660567], [84.45977736032212, 27.759944290703622], [84.45892191737559, 27.761392680453866], [84.45834467230182, 27.762491931740517], [84.45792210783048, 27.7633969175642], [84.45794113990415, 27.763360143581036], [84.45795106874213, 27.76333870313309], [84.45800734705294, 27.763257959679965], [84.45802140429879, 27.763244547794734], [84.45847705675871, 27.762793201152636], [84.4589873636893, 27.762369527486346], [84.45889476750672, 27.762435003828347], [84.45892350965968, 27.762435508276997], [84.45837169922498, 27.762730400210792], [84.45676334892836, 27.763806632276673], [84.45518714035313, 27.765215296857757], [84.45392296953234, 27.766772427501323], [84.45341863108327, 27.767587658612847], [84.45296691334693, 27.768366820305765], [84.45262207761375, 27.769068621611694], [84.45301193725999, 27.768399548487228], [84.45362261727117, 27.76760092468839], [84.45389482402383, 27.767304464621297], [84.4542277032126, 27.7670280093637], [84.45470957123761, 27.766676139128347], [84.45482930403735, 27.766604435309613], [84.45464362227587, 27.766699890196964], [84.45319922809962, 27.767480119295897], [84.45287746754154, 27.76764912374019], [84.45279689779515, 27.76768447759052], [84.44858694777636, 27.76936841941617], [84.4494651927924, 27.76908016704383], [84.44818441682428, 27.76940467393736], [84.44760079488881, 27.769522643873298], [84.44755092556794, 27.769547044771127], [84.4480195199817, 27.769493456119196], [84.44707909622119, 27.76953060018566], [84.44514500862695, 27.769633345514404], [84.4448534648132, 27.769618518423613], [84.44433611777251, 27.769611861715802], [84.44400294520274, 27.76958002373641], [84.44240309472822, 27.76941348962077], [84.44170241484862, 27.769374276116867], [84.44085048001826, 27.769303456119196], [84.43932309232956, 27.769259991291527], [84.4364479469851, 27.7696355125343], [84.43271009984755, 27.771295189053806], [84.43140011640749, 27.772350528236842], [84.4305192235236, 27.773165088240027], [84.42644798977459, 27.777457777908396], [84.42591479555361, 27.778009875221578], [84.42514719678753, 27.778912389633078], [84.42436575540285, 27.779952303095552], [84.4236668192995, 27.781026647583555], [84.42291955344133, 27.782308735095548], [84.42208667755648, 27.783661116501037], [84.42161098509902, 27.784439829154483], [84.42083969672632, 27.785930832027304], [84.42026320921124, 27.787888112948202], [84.42007843750469, 27.789195746717475], [84.42001670858265, 27.79011141642548], [84.41979649949677, 27.79192172990173], [84.419706938541, 27.79308139770109], [84.41982310141117, 27.794879023957744], [84.42050860481963, 27.79719670444006], [84.4207832611829, 27.79771363788603], [84.4206557674575, 27.79742014876249], [84.42064342220355, 27.797381041473532], [84.42059827369961, 27.797186443584305], [84.42054866252703, 27.796806676284223], [84.42061056471842, 27.797726846781813], [84.4208133466423, 27.799061471274673], [84.42103001511093, 27.799920857702265], [84.42107862504619, 27.800088211605726], [84.4211084522084, 27.80023228222193], [84.42103567893791, 27.799399387324637], [84.42110145488067, 27.79834668627731], [84.42119804816775, 27.797814389373578], [84.4209677054306, 27.798786514402558], [84.42082183762349, 27.799853264501515], [84.42075725818226, 27.800569089913328], [84.42075168988016, 27.802257432399877], [84.42114874599274, 27.806217572991276], [84.42110833399313, 27.805928218753312], [84.42116673103719, 27.807034645423524], [84.42130305090569, 27.808190177686775], [84.42151418986853, 27.80923284101482], [84.42172053748459, 27.810086716387794], [84.42181176708003, 27.810492451459528], [84.4221922264166, 27.813014096145206], [84.42258985388882, 27.814872095330085], [84.42321334255244, 27.816645637124193], [84.42395624729244, 27.817983403240813], [84.42514626365086, 27.819509295656637], [84.42654087116844, 27.82076587616133], [84.42753255319317, 27.821485962445216], [84.42872335818606, 27.822283822756912], [84.4295660949736, 27.8227951388195], [84.43074107721186, 27.823399229946737], [84.43262851161548, 27.824098246063933], [84.43441789356687, 27.82447685406355], [84.43600466496396, 27.82464153865183], [84.43756322354176, 27.824642511054194], [84.43832983290967, 27.824579335760163], [84.43846943885528, 27.824576385759645], [84.43801607103325, 27.824571794202857], [84.43603555923092, 27.824332380287363], [84.43436248940644, 27.82380154376534], [84.434292886015, 27.82377530228119], [84.43445110352062, 27.823841087567374], [84.43413436385465, 27.823654566212], [84.4336707318686, 27.823269082845542], [84.43298447155746, 27.82255705039054], [84.43220472699302, 27.821414249696907], [84.43177323967429, 27.820475710534964], [84.43150613195164, 27.81948526381932], [84.43169974135402, 27.82062490679312], [84.43230391049707, 27.82257430941869], [84.43305380940703, 27.823990473189472], [84.43353045340896, 27.824725162110894], [84.43420791349932, 27.825706906300393], [84.43509474928769, 27.826814964854115], [84.43608871580517, 27.82779727482929], [84.4366850082864, 27.82830864279023], [84.43774912198523, 27.82921053662187], [84.4392107372552, 27.830325618049972], [84.44208883866611, 27.831716058128777], [84.44425209053847, 27.832236671093824], [84.44627, 27.83238311174991], [84.4479686522985, 27.832288216684603], [84.44955943131185, 27.832024460356557], [84.45109303886825, 27.831623148680716], [84.4523623937119, 27.831176051012665], [84.45356714531434, 27.83067911309343], [84.45688793483176, 27.829119602455663], [84.45676668307746, 27.829192680999245], [84.45795443012486, 27.82887457420441], [84.45923253898097, 27.828534048642453], [84.45921740775731, 27.828536103951368], [84.45895888747972, 27.828588906194977], [84.45879439727725, 27.82858582022496], [84.4599254000555, 27.828527295162036], [84.46300484980868, 27.828465247606154], [84.46498977993387, 27.828273785343445], [84.46783130293528, 27.827510300390415], [84.46989228214973, 27.82641380582462], [84.46987737933857, 27.826393759549692], [84.46684580566456, 27.82757740804181], [84.46516559592543, 27.827776293719854], [84.46214728206564, 27.827446220780992], [84.45960642693171, 27.82640011907153], [84.45871795933738, 27.825792458120446], [84.4579185482076, 27.825046829576316], [84.4571745883848, 27.82407335518308], [84.45680141280484, 27.823409586220247], [84.45665745923095, 27.823077403887837], [84.45641846060218, 27.822222268307105], [84.45635063036897, 27.821833532141632], [84.45632405225263, 27.82079958069098], [84.45644438598752, 27.819816514449858], [84.4566848635378, 27.818969782837097], [84.45675173885118, 27.818816252703947], [84.45654946802829, 27.81922577146082], [84.45629646022128, 27.81976936316848], [84.45591976387783, 27.820698140638076], [84.45554253155589, 27.822154148148705], [84.45540445631569, 27.82376], [84.45552208065946, 27.82521257625353], [84.45576485386587, 27.826308716816445], [84.45638228843163, 27.82792350675204], [84.45813329538126, 27.83033173792587], [84.46205897914217, 27.83279729808575], [84.46484994150454, 27.833410172818635], [84.46681538950106, 27.833467660398945], [84.46765050695618, 27.833403022944925], [84.46850609983132, 27.83334532655565], [84.46974916191395, 27.833198201801757], [84.47048341300567, 27.833076650364024], [84.47039964942039, 27.83308230262008], [84.46942600716116, 27.833121940448862], [84.4686737570725, 27.83308521637431], [84.46920708001056, 27.833147426128377], [84.47042831632983, 27.833211973204676], [84.47171176151038, 27.83317713498484], [84.47318382415736, 27.833025782299554], [84.47473812869191, 27.832697416935364], [84.47545493191977, 27.832498118934257], [84.47603754103308, 27.832341039270716], [84.47591206620753, 27.832356751282266], [84.47566543608588, 27.83240712185709], [84.4760650169719, 27.832362032312794], [84.47663976704978, 27.83230125141838], [84.47744146417293, 27.83221438988188], [84.47889966399464, 27.83198193687508], [84.48116212701929, 27.831319826205828], [84.48208136966075, 27.830917560432002], [84.48306349480517, 27.830534709260952], [84.48417950138028, 27.830025000687105], [84.48388950699785, 27.8301332513401], [84.48416489736444, 27.830056333363576], [84.48355097184782, 27.830192307026266], [84.48240484980869, 27.830305247606155], [84.48310133375652, 27.83031183323078], [84.48352682188465, 27.830291248682926], [84.48423292309079, 27.830291490693757], [84.4850032235417, 27.83026251105419], [84.4856478339462, 27.830233079876084], [84.48694526881019, 27.83014889018266], [84.4876643701276, 27.83009907209635], [84.48876761374375, 27.829972641714978], [84.49028258036994, 27.82967427526304], [84.49137697169938, 27.829337288756985], [84.49002690319043, 27.82965950732895], [84.48695597593962, 27.829769888536944], [84.48526261901289, 27.829420381930436], [84.48535348292293, 27.829474455191697], [84.48813907104115, 27.829979814518573], [84.49143291863416, 27.82977523400669], [84.49361253711979, 27.82910750036382], [84.49415046808859, 27.828887112708735], [84.49547799303328, 27.82826661592949], [84.49713388430258, 27.827194469133577], [84.4978971679928, 27.826551184342687], [84.4972013308869, 27.827077441637442], [84.49690069596261, 27.827265564690407], [84.49678737811625, 27.827330228694837], [84.4955911613338, 27.8278160581288], [84.49487192760928, 27.82802398273011], [84.49349335341013, 27.82822059145414], [84.49248029824736, 27.828255798626408], [84.49152880112547, 27.82815211647876], [84.49001821217396, 27.827782428099944], [84.4884660949737, 27.82710513881954], [84.48762708932972, 27.826552765794506], [84.488797984115, 27.82746241920103], [84.48954760656956, 27.82800380895334], [84.4915987699448, 27.829096281592264], [84.49453578359743, 27.82986534590018], [84.49872684480827, 27.829682871237118], [84.50040176948826, 27.829251729941603], [84.50110873693637, 27.829042559443845], [84.50143696366563, 27.828962614599945], [84.50160418839937, 27.82891868976521], [84.501537429073, 27.828934922715877], [84.50114555077138, 27.828976197017813], [84.50154185148105, 27.828952994523323], [84.50212890541017, 27.82893850482151], [84.50375828689805, 27.82878510958376], [84.50546639195458, 27.828430466584088], [84.50642461920188, 27.82814725624608], [84.50759918701641, 27.827758808359548], [84.50894737811619, 27.827150228694865], [84.51006349624363, 27.826570857823274], [84.51133625260753, 27.825832244681745], [84.51251646866454, 27.824988984834], [84.51297847954949, 27.824615143855826], [84.51285271863003, 27.82470351329361], [84.51222373261648, 27.8250869177155], [84.51222753169546, 27.82507507161274], [84.51250136966074, 27.824967560432007], [84.51342678696935, 27.824589454512576], [84.51418816141818, 27.824269559688833], [84.51394809167502, 27.824351573530457], [84.51409390669815, 27.824313938331503], [84.51353888747975, 27.824418906194968], [84.51277533503601, 27.824501538651834], [84.5123832045246, 27.824509274697217], [84.51251245554049, 27.824507170270742], [84.51200546525918, 27.824448622316364], [84.51258922983172, 27.82456549323042], [84.51329672939575, 27.824701114645176], [84.5135544466039, 27.82474709752839], [84.5135758166805, 27.824742792144324], [84.51245421638002, 27.8242757156965], [84.51090224975758, 27.82321134199384], [84.50987498058173, 27.82213813469335], [84.50986537183722, 27.822120947953763], [84.5097635852524, 27.82195509299884], [84.50997429746654, 27.822413936033712], [84.51024344557285, 27.82299982321447], [84.51043008799417, 27.823520570927318], [84.51039848375328, 27.82331237044995], [84.51042511912009, 27.8237875383364], [84.51043056079116, 27.82387142187394], [84.51045891729943, 27.824353769484656], [84.51045772942591, 27.824135300216152], [84.51026748411756, 27.82522366248386], [84.51016854847548, 27.826163821508175], [84.51007177908664, 27.827075538497994], [84.5100467810345, 27.82840219875465], [84.51009530111338, 27.829255035231313], [84.51015352058198, 27.83041913942432], [84.51041905386661, 27.83229498518658], [84.51113744860317, 27.83448869909575], [84.51241698458398, 27.83670527839594], [84.51457587872541, 27.83887849830124], [84.51651943464671, 27.840111632743486], [84.51768355285057, 27.840639186219686], [84.51878591985977, 27.841101702073225], [84.51998086451773, 27.84148094839955], [84.52062187130802, 27.841667416935355], [84.52165322525252, 27.841918342509253], [84.5225288553066, 27.842107531300897], [84.52345033600534, 27.842311936875085], [84.52501922238677, 27.842579695444687], [84.52667286158038, 27.842705530616687], [84.52793761560683, 27.842731499734853], [84.52905936257723, 27.84274171058907], [84.53024975614642, 27.842682347869147], [84.53174327342975, 27.842525108065658], [84.53320578451138, 27.84224668073164], [84.53390219721992, 27.842099246442068], [84.53400977960209, 27.842064884168636], [84.53339970175261, 27.84211579862641], [84.53346176102713, 27.842121407769138], [84.53408045045352, 27.84218297823223], [84.53582727684471, 27.842261655741485], [84.53671779784169, 27.842302121353697], [84.53686871076806, 27.84230223524569], [84.53519492520482, 27.842038573618947], [84.53428555018684, 27.841763668455688], [84.53384190528823, 27.84157867612545], [84.53409212829298, 27.84171416963665], [84.53698778136221, 27.84260901960951], [84.54006206255576, 27.84275600874931], [84.5418001374276, 27.842497822507124], [84.5428419734748, 27.842269019259763], [84.54400189119076, 27.841973273458315], [84.5451124007336, 27.841651982987774], [84.54691401825848, 27.840911819796133], [84.54752309676697, 27.840576513465482], [84.5472650102602, 27.840699784029514], [84.54757291626721, 27.84057748375402], [84.54754386859634, 27.84059127954959], [84.54620165117382, 27.840765163483265], [84.54547515438553, 27.840775555339647], [84.54554137046581, 27.840789971418932], [84.54541524508736, 27.840752493384205], [84.54481452322013, 27.84060445520601], [84.5450343919402, 27.84069415217526], [84.54489268677676, 27.840614249784903], [84.54422862833165, 27.840275866752084], [84.54465196414398, 27.840556613382788], [84.54562410451463, 27.841210326054544], [84.54679799085744, 27.841942720437324], [84.5482793883403, 27.842841319682048], [84.54915923873452, 27.843294103378206], [84.54898069980777, 27.84319237961443], [84.54818086310424, 27.84255219132236], [84.5475051583691, 27.841857758429107], [84.547468669956, 27.841807313007653], [84.54719549473614, 27.84135652757672], [84.54676905729772, 27.84036054552425], [84.54674787050554, 27.840302708923485], [84.54680319962925, 27.84053384691704], [84.5467931014112, 27.84046902395797], [84.5468945800007, 27.84119619181446], [84.54703593953744, 27.842173041678507], [84.54724914614944, 27.84334733551591], [84.5475287197217, 27.844350523253766], [84.54784041955263, 27.845521470368134], [84.54810191106878, 27.846279659966914], [84.54818474745241, 27.846548166210567], [84.5481983030292, 27.846733832780128], [84.54820478263377, 27.846854997677234], [84.54820506901285, 27.84637942773776], [84.54819866252703, 27.846293323715724], [84.54815542238184, 27.846843946387786], [84.5482197837472, 27.846495686382458], [84.54837238096798, 27.845931541263898], [84.54836963142662, 27.845909209880706], [84.54814273627723, 27.84642922615182], [84.5477121648899, 27.847413670492397], [84.54722645758345, 27.848800434510753], [84.54685720596052, 27.85045869788749], [84.54671779263944, 27.852540244164576], [84.54690157618634, 27.85428937705854], [84.54707386763268, 27.855165399748937], [84.54725974135403, 27.856094906793086], [84.54734623285917, 27.856525792478706], [84.54741379078835, 27.856883359361014], [84.5474469998766, 27.857155432517665], [84.5476586250462, 27.858568211605597], [84.54849228843177, 27.860863506752395], [84.55062099762445, 27.86365507559105], [84.55374264913623, 27.86564579656808], [84.55557733542754, 27.866270453954407], [84.55652647999482, 27.866506238630826], [84.55298071990259, 27.864941564364063], [84.5503817888273, 27.862295741298713], [84.54912535046576, 27.85897157201203], [84.54940268616889, 27.855475131144242], [84.55117157408992, 27.85233872012215], [84.55416271707792, 27.85003982909224], [84.55792074072772, 27.848928443374305], [84.56187352000521, 27.849173761369173]]]}}, {"type": "Feature", "properties": {"name": "Trisuli", "buffer_km": 1.0}, "geometry": {"type": "Polygon", "coordinates": [[[85.07141002868121, 27.84473363015187], [85.07017095930364, 27.844677524855445], [85.06679207756206, 27.845120603741556], [85.06450442875905, 27.845788639882066], [85.06206338745208, 27.846778658332266], [85.05853425835596, 27.848792890993444], [85.05513697151389, 27.85209357339697], [85.05386275631818, 27.855006978286276], [85.05363839957566, 27.856014258875486], [85.05501912137035, 27.852728672713603], [85.05771686101596, 27.85016034342279], [85.06132091210658, 27.848700275855602], [85.06528259053441, 27.848570752063605], [85.06899876667157, 27.84979149086999], [85.07190368638835, 27.852176645857508], [85.07355510199108, 27.8553630988008], [85.07370160042433, 27.858865741124514], [85.07355724368183, 27.85943302171373], [85.07266302848613, 27.861186426603023], [85.07038574164405, 27.863387109006553], [85.07263661254791, 27.862121341667734], [85.07113557124096, 27.86277136011793], [85.07288792243793, 27.862259396258448], [85.06992904069637, 27.862642475144558], [85.07016997131878, 27.862666369848128], [85.06633620307711, 27.861774063685523], [85.06318048504322, 27.859652554518366], [85.06118324668104, 27.85662482288583], [85.06064854942626, 27.853151813482512], [85.06165779608884, 27.84976226050716], [85.06405733801326, 27.846972192673892], [85.06748186669343, 27.8452063725183], [85.07141002868121, 27.84473363015187]]]}}, {"type": "Feature", "properties": {"name": "Trisuli", "buffer_km": 1.0}, "geometry": {"type": "Polygon", "coordinates": [[[85.02301485422986, 27.803165795465436], [85.02180263184263, 27.80165456884966], [85.01890823027247, 27.799526305486488], [85.0170859699113, 27.798703597920532], [85.01670532703142, 27.798562421715804], [85.01549570233703, 27.798001021964854], [85.01415700060173, 27.797472759454088], [85.01297155958291, 27.79711176360299], [85.01094009401433, 27.79669662155123], [85.00803879004727, 27.796672071988358], [85.0050321761498, 27.797402198636323], [85.00530335658712, 27.797343346072086], [85.01205124173632, 27.797423954383227], [85.01551589390535, 27.79940218879012], [85.0164200288914, 27.8003435734813], [85.01572538270882, 27.7994650761374], [85.01369002091813, 27.797705220794583], [85.01147947874676, 27.796496648811157], [85.00935437302851, 27.795657805979914], [85.0083321965701, 27.795212522986414], [85.0070782961923, 27.7945206337746], [85.003725973388, 27.793345510055474], [84.9990578714141, 27.79341460002181], [84.99645844041719, 27.793971763602965], [84.99475943547954, 27.79461521642281], [84.99482019144973, 27.79449593634496], [84.99392743045826, 27.794598856270966], [84.99405193197794, 27.794594129444892], [84.99268266963495, 27.79432945175517], [84.98691544723812, 27.794894645301575], [84.98176549666483, 27.798882303002518], [84.98133327713464, 27.79969408262488], [84.98387787047592, 27.79759439486297], [84.98565064542652, 27.796830344216236], [84.9896038696817, 27.79659009216139], [84.99336011400679, 27.79770629280646], [84.99634752425375, 27.800009014721613], [84.99811129429342, 27.803147689369496], [84.99838290612587, 27.806644481987124], [84.99712100931177, 27.80996703759697], [84.99451771620197, 27.81260952722647], [84.9909693545735, 27.814169655783765], [84.99424212952405, 27.813045605137027], [84.99810672286536, 27.809825917375125], [84.99933450333518, 27.807897696997482], [84.99454455276188, 27.811545354698428], [84.98947733036505, 27.812070548244833], [84.99122806802204, 27.812385870555108], [84.99435256954176, 27.812561143729038], [84.99693980855025, 27.81236406365504], [85.00020056452044, 27.81192478357719], [85.00270155958282, 27.811068236397034], [85.00360212858588, 27.81092539997819], [84.99937402661199, 27.81089448994452], [84.99692170380767, 27.8100793662254], [84.99848780342991, 27.81092747701359], [85.00072562697146, 27.811922194020084], [85.00276052125324, 27.812723351188843], [85.00128997908186, 27.811934779205412], [84.99983461729117, 27.810654923862607], [84.99981997110862, 27.810696426518707], [85.00114410609467, 27.81209781120988], [85.0048887582637, 27.814236045616777], [85.0118966434129, 27.814336653927917], [85.01302782385018, 27.813917801363672], [85.01048120995274, 27.814507928011636], [85.00823990598569, 27.814503378448762], [85.00672844041709, 27.814208236397004], [85.00712299939826, 27.814327240545918], [85.00616429766296, 27.813958978035146], [85.00763467296858, 27.8146375782842], [85.0083340300887, 27.814916402079465], [85.00865176972754, 27.81503369451351], [85.00647736815736, 27.813445431150335], [85.00572514577016, 27.812594204534566], [85.00434366818779, 27.809309077881068], [85.00448860873492, 27.805806387074803], [85.00613790152714, 27.80261938503905], [85.00904045668767, 27.800233263943507], [85.01275438650508, 27.799011289094732], [85.01671427883153, 27.79913949508622], [85.02031727595681, 27.800598363717953], [85.02301485422986, 27.803165795465436]]]}}]}